-- phpMyAdmin SQL Dump
-- version 4.9.7
-- https://www.phpmyadmin.net/
--
-- Host: localhost:3306
-- Generation Time: Jul 03, 2021 at 07:53 PM
-- Server version: 10.2.38-MariaDB-cll-lve
-- PHP Version: 7.3.28

SET SQL_MODE = "NO_AUTO_VALUE_ON_ZERO";
SET AUTOCOMMIT = 0;
START TRANSACTION;
SET time_zone = "+00:00";


/*!40101 SET @OLD_CHARACTER_SET_CLIENT=@@CHARACTER_SET_CLIENT */;
/*!40101 SET @OLD_CHARACTER_SET_RESULTS=@@CHARACTER_SET_RESULTS */;
/*!40101 SET @OLD_COLLATION_CONNECTION=@@COLLATION_CONNECTION */;
/*!40101 SET NAMES utf8mb4 */;

--
-- Database: `hapg4922_hso`
--

-- --------------------------------------------------------

--
-- Table structure for table `master_bank`
--

CREATE TABLE `master_bank` (
  `id` int(32) NOT NULL,
  `nama` varchar(100) DEFAULT NULL,
  `created_by` int(32) DEFAULT NULL,
  `updated_by` int(32) DEFAULT NULL,
  `created_at` timestamp NULL DEFAULT current_timestamp(),
  `updated_at` timestamp NULL DEFAULT current_timestamp(),
  `status` int(32) NOT NULL DEFAULT 1
) ENGINE=InnoDB DEFAULT CHARSET=latin1;

--
-- Dumping data for table `master_bank`
--

INSERT INTO `master_bank` (`id`, `nama`, `created_by`, `updated_by`, `created_at`, `updated_at`, `status`) VALUES
(2, 'BCA', NULL, NULL, '2021-03-28 10:30:20', '2021-03-28 10:30:20', 1),
(3, 'Mandiri', NULL, NULL, '2021-03-28 10:30:26', '2021-03-28 10:30:26', 1),
(4, 'BRI', NULL, NULL, '2021-03-28 10:30:32', '2021-03-28 10:30:32', 1),
(5, 'BNI', NULL, NULL, '2021-03-28 10:30:37', '2021-03-28 10:30:37', 1);

-- --------------------------------------------------------

--
-- Table structure for table `master_brand`
--

CREATE TABLE `master_brand` (
  `id` bigint(20) UNSIGNED NOT NULL,
  `brand_name` varchar(255) COLLATE utf8mb4_unicode_ci NOT NULL,
  `brand_icon` varchar(254) COLLATE utf8mb4_unicode_ci DEFAULT NULL,
  `isdelete` int(1) NOT NULL DEFAULT 0,
  `created_at` timestamp NULL DEFAULT NULL,
  `updated_at` timestamp NULL DEFAULT NULL,
  `status` int(11) NOT NULL DEFAULT 1
) ENGINE=InnoDB DEFAULT CHARSET=utf8mb4 COLLATE=utf8mb4_unicode_ci;

--
-- Dumping data for table `master_brand`
--

INSERT INTO `master_brand` (`id`, `brand_name`, `brand_icon`, `isdelete`, `created_at`, `updated_at`, `status`) VALUES
(8, 'SAMSUNG', '20210211135725-download.jpeg', 0, '2021-02-11 06:57:25', '2021-07-03 06:18:15', 0),
(13, 'Sosro - Prima', '20210601205138-Logo_PRIM-A.jpeg', 0, '2021-06-01 13:51:38', '2021-07-03 06:18:18', 0),
(14, 'Koperasi', '20210703131803-IMG-20210703-WA0012.jpg', 0, '2021-07-03 06:18:03', '2021-07-03 06:18:03', 1);

-- --------------------------------------------------------

--
-- Table structure for table `master_category`
--

CREATE TABLE `master_category` (
  `id` bigint(20) UNSIGNED NOT NULL,
  `category_name` varchar(255) COLLATE utf8mb4_unicode_ci NOT NULL,
  `category_icon` varchar(254) COLLATE utf8mb4_unicode_ci DEFAULT NULL,
  `id_variasi` int(11) NOT NULL,
  `isdelete` int(1) NOT NULL DEFAULT 0,
  `created_at` timestamp NULL DEFAULT NULL,
  `updated_at` timestamp NULL DEFAULT NULL,
  `status` int(11) NOT NULL DEFAULT 1
) ENGINE=InnoDB DEFAULT CHARSET=utf8mb4 COLLATE=utf8mb4_unicode_ci;

--
-- Dumping data for table `master_category`
--

INSERT INTO `master_category` (`id`, `category_name`, `category_icon`, `id_variasi`, `isdelete`, `created_at`, `updated_at`, `status`) VALUES
(6, 'Handphone Samsung', '20210211133206-977258.png', 3, 0, '2021-02-06 12:03:54', '2021-06-01 13:01:04', 0),
(8, 'Minuman', '20210601200249-Bottled-water.jpeg', 4, 0, '2021-03-25 01:38:32', '2021-06-01 13:02:49', 1),
(9, 'Mobil', '20210328085339-Icon_mobil.png', 3, 0, '2021-03-28 01:53:39', '2021-03-28 09:01:17', 0),
(10, 'Motor', '20210405111704-Icon_motor.png', 3, 0, '2021-03-28 02:42:28', '2021-04-05 04:17:04', 0),
(11, 'Makanan', '20210403114157-Icon_makanan.png', 1, 0, '2021-03-28 02:49:09', '2021-04-03 04:41:57', 0);

-- --------------------------------------------------------

--
-- Table structure for table `master_kurir`
--

CREATE TABLE `master_kurir` (
  `id` int(20) UNSIGNED NOT NULL,
  `id_users` int(11) NOT NULL,
  `status` int(1) NOT NULL DEFAULT 0,
  `notif` int(1) NOT NULL DEFAULT 0,
  `created_at` timestamp NULL DEFAULT NULL,
  `updated_at` timestamp NULL DEFAULT NULL
) ENGINE=InnoDB DEFAULT CHARSET=utf8mb4 COLLATE=utf8mb4_unicode_ci;

--
-- Dumping data for table `master_kurir`
--

INSERT INTO `master_kurir` (`id`, `id_users`, `status`, `notif`, `created_at`, `updated_at`) VALUES
(11, 67, 0, 1, '2020-11-19 04:02:07', '2020-11-19 04:29:43'),
(12, 68, 0, 0, '2020-11-19 14:50:05', '2020-11-19 14:50:05'),
(13, 71, 0, 0, '2020-12-03 01:31:18', '2021-02-06 05:27:58');

-- --------------------------------------------------------

--
-- Table structure for table `master_level`
--

CREATE TABLE `master_level` (
  `id` bigint(20) UNSIGNED NOT NULL,
  `level` varchar(255) COLLATE utf8mb4_unicode_ci NOT NULL,
  `created_at` timestamp NULL DEFAULT NULL,
  `updated_at` timestamp NULL DEFAULT NULL
) ENGINE=InnoDB DEFAULT CHARSET=utf8mb4 COLLATE=utf8mb4_unicode_ci;

--
-- Dumping data for table `master_level`
--

INSERT INTO `master_level` (`id`, `level`, `created_at`, `updated_at`) VALUES
(1, 'Admin', '0000-00-00 00:00:00', '0000-00-00 00:00:00'),
(2, 'Customer', NULL, NULL),
(3, 'Kurir', NULL, NULL),
(4, 'Owner', '2021-02-27 05:55:06', '2021-02-27 05:55:06'),
(5, 'Toko', '2021-03-03 06:09:47', '2021-03-03 06:09:47');

-- --------------------------------------------------------

--
-- Table structure for table `master_payment_method`
--

CREATE TABLE `master_payment_method` (
  `id` int(11) NOT NULL,
  `nama` varchar(255) NOT NULL,
  `status` int(11) NOT NULL DEFAULT 0,
  `created_at` timestamp NULL DEFAULT NULL,
  `created_by` int(11) DEFAULT NULL,
  `updated_at` timestamp NULL DEFAULT NULL,
  `updated_by` int(11) DEFAULT NULL,
  `deleted_at` timestamp NULL DEFAULT NULL,
  `deleted_by` int(11) DEFAULT NULL,
  `isdeleted` int(11) NOT NULL DEFAULT 0
) ENGINE=InnoDB DEFAULT CHARSET=latin1;

--
-- Dumping data for table `master_payment_method`
--

INSERT INTO `master_payment_method` (`id`, `nama`, `status`, `created_at`, `created_by`, `updated_at`, `updated_by`, `deleted_at`, `deleted_by`, `isdeleted`) VALUES
(1, 'TUNAI', 1, '2021-03-03 07:05:00', 11, NULL, NULL, NULL, NULL, 0),
(2, 'NON-TUNAI', 1, '2021-03-03 07:05:00', 11, NULL, NULL, NULL, NULL, 0);

-- --------------------------------------------------------

--
-- Table structure for table `master_produk`
--

CREATE TABLE `master_produk` (
  `id` bigint(20) UNSIGNED NOT NULL,
  `created_at` timestamp NULL DEFAULT NULL,
  `updated_at` timestamp NULL DEFAULT NULL,
  `product_code` varchar(255) COLLATE utf8mb4_unicode_ci NOT NULL,
  `product_name` varchar(255) COLLATE utf8mb4_unicode_ci NOT NULL,
  `brand_code` int(11) DEFAULT NULL,
  `category_code` int(11) DEFAULT NULL,
  `image1` varchar(255) COLLATE utf8mb4_unicode_ci DEFAULT NULL,
  `image2` varchar(255) COLLATE utf8mb4_unicode_ci DEFAULT NULL,
  `image3` varchar(255) COLLATE utf8mb4_unicode_ci DEFAULT NULL,
  `image4` varchar(255) COLLATE utf8mb4_unicode_ci DEFAULT NULL,
  `image5` varchar(255) COLLATE utf8mb4_unicode_ci DEFAULT NULL,
  `desc` text COLLATE utf8mb4_unicode_ci DEFAULT NULL,
  `price` int(11) NOT NULL,
  `stock` int(11) NOT NULL,
  `isdelete` int(1) NOT NULL DEFAULT 0,
  `variasi` text COLLATE utf8mb4_unicode_ci DEFAULT NULL,
  `status` int(11) NOT NULL DEFAULT 1
) ENGINE=InnoDB DEFAULT CHARSET=utf8mb4 COLLATE=utf8mb4_unicode_ci;

--
-- Dumping data for table `master_produk`
--

INSERT INTO `master_produk` (`id`, `created_at`, `updated_at`, `product_code`, `product_name`, `brand_code`, `category_code`, `image1`, `image2`, `image3`, `image4`, `image5`, `desc`, `price`, `stock`, `isdelete`, `variasi`, `status`) VALUES
(29, '2021-03-10 13:30:25', '2021-03-15 03:38:31', 'HP002TES', 'Galaxy A51 S', 8, 6, '20210310203025-78792.jpg', '20210310203025-89d8a032-6285-457d-95ea-7215a324756c.png', NULL, NULL, NULL, 'Spesifikasi Fisik\nDimension (HxWxD, mm)\n158.5 x 73.6 x 7.9\n\nDisplay\nSize (Main_Display)\n164.0mm (6.5\" full rectangle)\nResolusi (Main Display)\n1080 x 2400 (FHD+)\nTeknologi (Main Display)\nSuper AMOLED\n\nProsesor : Exynos 9611\nCPU Speed : 2.3GHz, 1.7GHz\nCPU Type : Octa-Core\n\nMemori\nRAM Size : 8GB\nROM Size : 128GB\nMicroSD (Up to 512GB)\n\nKamera\nRear Camera - Resolution (Multiple)\n48.0 MP + 12.0 MP + 5.0 MP + 5.0 MP\nFront Camera - Resolution\n32.0 MP\nRear Camera Zoom\nDigital Zoom up to 8x\n\nNumber of SIM\nDual-SIM\nSIM size\nNano-SIM (4FF)\n\nNFC : Yes\nUSB : USB Type-C\n\nSistem Operasi\nAndroid 10\n\nBaterai\n4000 mAh\n\nSensors\nAccelerometer, Fingerprint Sensor, Gyro Sensor, Geomagnetic Sensor, Hall Sensor, Light Sensor, Virtual Proximity Sensing', 3950000, 96, 0, 'Merah,Kuning,Hijau', 1),
(30, '2021-03-22 12:12:27', '2021-03-23 03:39:32', 'HP003', 'Galaxy A01 Bundling with Free Telkomsel Paket Data 4GB', 8, 6, '20210322191227-Galaxy_A01_Bundling_with_Free_Telkomsel_Paket_Data_4GB.png', NULL, NULL, NULL, NULL, 'Dimensi : 146.2 x 70.9 x 8.3 mm\nResolusi : 720 x 1520 pixels, 19:9 ratio\nKamera belakang : 13MP, f/2.2, 28mm (wide) & 2MP, f/2.4, (depth)\nKamera depan : 5 MP, f/2.2, Baterai : 3.000mAh\nWarna : Black, Blue, Red', 1249000, 1, 0, 'Black, Blue, Red', 1),
(31, '2021-03-22 12:16:08', '2021-03-22 12:21:09', 'HP004', 'Galaxy A01 Core', 8, 6, '20210322191608-Galaxy_A01_Core.png', NULL, NULL, NULL, NULL, 'Ukuran Layar: TFT LCD, 5.3 inci, 1480 x 720 pixels\nChipset: Mediatek MT6739\nOS: Android Go\nRAM: 1 GB / 2 GB\nMemori internal: 16 GB / 32 GB\nUkuran HP: 141.7 x 67.5 x 8.6 mm\nBerat HP: 150 gram\nKamera depan: 5 MP, f/2.4\nKamera belakang: 8 MP, f/2.2\nBaterai: 3000 mAh\nTanggal Rilis: Juli 2020 (versi RAM 1GB), Agustus 2020 (versi RAM 2 GB)', 999000, 1, 0, 'Merah,Biru,Hitam', 1),
(32, '2021-03-22 13:21:26', '2021-06-05 07:06:51', 'HP005', 'Galaxy A01', 8, 6, '20210322202126-Galaxy_A01.png', NULL, NULL, NULL, NULL, 'Dimensi : 146.2 x 70.9 x 8.3 mm\nResolusi : 720 x 1520 pixels, 19:9 ratio\nKamera belakang : 13MP, f/2.2, 28mm (wide) & 2MP, f/2.4, (depth)\nKamera depan : 5 MP, f/2.2, Baterai : 3.000mAh\nWarna : Black, Blue, Red', 1249000, 5, 0, 'Black, Blue, Red', 1),
(33, '2021-03-23 03:38:25', '2021-03-23 03:38:25', 'HP006', 'Galaxy A02', 8, 6, '20210323103825-Galaxy_A02.png', NULL, NULL, NULL, NULL, 'Prosesor\nCPU Speed\n1.5GHz\n \nCPU Type\nQuad-Core\nDisplay\nSize (Main_Display)\n165.5mm (6.5\" full rectangle) / 161.4mm (6.4\" rounded corners)\n \nResolusi (Main Display)\n720 x 1600 (HD+)\n \nTeknologi (Main Display)\nPLS TFT LCD\n \nKedalaman Warna (Main Display)\n16M\nKamera\nRear Camera - Resolution (Multiple)\n13.0 MP + 2.0 MP\n \nRear Camera - F Number (Multiple)\nF1.9 , F2.4\n \nMain Camera - Auto Focus\nYes\n \nRear Camera - OIS\nNo\n \nRear Camera Zoom\nDigital Zoom up to 8x\n \nFront Camera - Resolution\n5.0 MP\n \nFront Camera - F Number\nF2.0\n \nFront Camera - Auto Focus\nNo\n \nFront Camera - OIS\nNo\n \nMain Camera - Flash\nYes\n \nFront Camera - Flash\nNo\n \nResolusi Rekaman Video\nFHD (1920 x 1080) @30fps\nMemori\nRAM Size (GB)\n3\n \nROM Size (GB)\n32\n \nAvailable Memory (GB)*\n22.6\n \nDukungan Memori Eksternal\nMicroSD (Up to 1TB)\nJaringan\nJUMLAH SIM\nDual-SIM\n \nSIM size\nNano-SIM (4FF)\n \nSIM Slot Type\nSIM + SIM 2 + MicroSD\n \nInfra\n2G GSM, 3G WCDMA, 4G LTE FDD, 4G LTE TDD\n \n2G GSM\nGSM850, GSM900, DCS1800\n \n3G UMTS\nB1(2100), B5(850), B8(900)\n \n4G FDD LTE\nB1(2100), B3(1800), B5(850), B7(2600), B8(900), B20(800), B28(700)\n \n4G TDD LTE\nB38(2600), B40(2300), B41(2500)\nKonektivitas\nUSB Interface\nMicro USB\n \nVersi USB\nUSB 2.0\n \nTeknologi Lokasi\nGPS, Glonass\n \nEarjack\n3.5mm Stereo\n \nMHL\nTidak\n \nWi-Fi\n802.11 b/g/n 2.4GHz\n \nWi-Fi Direct\nYa\n \nVersi Bluetooth\nBluetooth v5.0\n \nNFC\nNo\n \nPC Sync.\nSmart Switch (PC version)\nSistem Operasi\nAndroid\nInformasi Umum\nWarna\nGray\n \nForm Factor\nTouch Bar\nSensors\nAccelerometer, Gap Sensor, Virtual Proximity Sensing\nSpesifikasi Fisik\nDimension (HxWxD, mm)\n164.0 x 75.9 x 9.1\n \nWeight (g)\n206\nBaterai\nInternet Usage Time(LTE) (Hours)\nUp to 18\n \nInternet Usage Time(Wi-Fi) (Hours)\nUp to 19\n \nVideo Playback Time (Hours)\nUp to 16\n \nBattery Capacity (mAh, Typical)\n5000\n \nAudio Playback Time (Hours)\nUp to 79\n \nTalk Time (4G LTE) (Hours)\nUp to 24\nAudio dan Video\nStereo Support\nNo\n \nVideo Playing Format\nMP4, M4V, 3GP, 3G2, WMV, ASF, AVI, FLV, MKV, WEBM\n \nVideo Playing Resolution\nFHD (1920 x 1080) @30fps\n \nAudio Playing Format\nMP3, M4A, 3GA, AAC, OGG, OGA, WAV, WMA, AMR, AWB, FLAC, MID, MIDI, XMF, MXMF, IMY, RTTTL, RTX, OTA\nAplikasi dan Layanan\nGear Support\nGalaxy Buds Live, Galaxy Buds+, Galaxy Buds, Galaxy Fit2, Galaxy Fit e, Galaxy Fit, Galaxy Watch3, Galaxy Watch, Galaxy Watch Active2, Galaxy Watch Active, Gear Fit2 Pro, Gear Fit2, Gear Sport, Gear S3, Gear S2, Gear IconX, Gear IconX (2018)\n \nSamsung DeX Support\nNo\n \nMobile TV\nTidak', 1499000, 1, 0, 'Black, Blue', 1),
(34, '2021-03-23 03:42:40', '2021-03-23 03:42:40', 'HP007', 'Galaxy A02s', 8, 6, '20210323104240-Galaxy_A02s.png', NULL, NULL, NULL, NULL, 'Prosesor\nCPU Speed\n1.8GHz\n \nCPU Type\nOcta-Core\nDisplay\nSize (Main_Display)\n165.5mm (6.5\" full rectangle) / 161.1mm (6.3\" rounded corners)\n \nResolusi (Main Display)\n720 x 1600 (HD+)\n \nTeknologi (Main Display)\nPLS TFT LCD\n \nKedalaman Warna (Main Display)\n16M\nKamera\nRear Camera - Resolution (Multiple)\n13.0 MP + 2.0 MP + 2.0 MP\n \nRear Camera - F Number (Multiple)\nF2.2 , F2.4 , F2.4\n \nMain Camera - Auto Focus\nYes\n \nRear Camera - OIS\nNo\n \nRear Camera Zoom\nDigital Zoom up to 8x\n \nFront Camera - Resolution\n5.0 MP\n \nFront Camera - F Number\nF2.2\n \nFront Camera - Auto Focus\nNo\n \nFront Camera - OIS\nNo\n \nMain Camera - Flash\nYes\n \nFront Camera - Flash\nNo\n \nResolusi Rekaman Video\nFHD (1920 x 1080) @30fps\nMemori\nRAM Size (GB)\n3\n \nROM Size (GB)\n32\n \nAvailable Memory (GB)*\n20.6\n \nDukungan Memori Eksternal\nMicroSD (Up to 1TB)\nJaringan\nJUMLAH SIM\nDual-SIM\n \nSIM size\nNano-SIM (4FF)\n \nSIM Slot Type\nSIM + SIM 2 + MicroSD\n \nInfra\n2G GSM, 3G WCDMA, 4G LTE FDD, 4G LTE TDD\n \n2G GSM\nGSM850, GSM900, DCS1800, PCS1900\n \n3G UMTS\nB1(2100), B5(850), B8(900)\n \n4G FDD LTE\nB1(2100), B3(1800), B5(850), B7(2600), B8(900), B20(800), B28(700)\n \n4G TDD LTE\nB38(2600), B40(2300), B41(2500)\nKonektivitas\nUSB Interface\nUSB Type-C\n \nVersi USB\nUSB 2.0\n \nTeknologi Lokasi\nGPS, Glonass, Beidou, Galileo\n \nEarjack\n3.5mm Stereo\n \nMHL\nTidak\n \nWi-Fi\n802.11 b/g/n 2.4GHz\n \nWi-Fi Direct\nYa\n \nVersi Bluetooth\nBluetooth v4.2\n \nNFC\nNo\n \nPC Sync.\nSmart Switch (PC version)\nSistem Operasi\nAndroid\nInformasi Umum\nWarna\nBlue\n \nForm Factor\nTouch Bar\nSensors\nAccelerometer, Light Sensor, Proximity Sensor\nSpesifikasi Fisik\nDimension (HxWxD, mm)\n164.2 x 75.9 x 9.1\n \nWeight (g)\n196\nBaterai\nBattery Capacity (mAh, Typical)\n5000\nAudio dan Video\nStereo Support\nNo\n \nVideo Playing Format\nMP4, M4V, 3GP, 3G2, WMV, ASF, AVI, FLV, MKV, WEBM\n \nVideo Playing Resolution\nFHD (1920 x 1080) @60fps\n \nAudio Playing Format\nMP3, M4A, 3GA, AAC, OGG, OGA, WAV, WMA, AMR, AWB, FLAC, MID, MIDI, XMF, MXMF, IMY, RTTTL, RTX, OTA\nAplikasi dan Layanan\nGear Support\nGalaxy Buds, Galaxy Fit2, Galaxy Fit e, Galaxy Fit, Galaxy Watch3, Galaxy Watch, Galaxy Watch Active2, Galaxy Watch Active, Gear Fit2 Pro, Gear Fit2, Gear Sport, Gear S3, Gear S2, Gear IconX, Gear IconX (2018)\n \nSamsung DeX Support\nNo\n \nMobile TV\nTidak', 1799000, 1, 0, 'Black, White, Red', 1),
(35, '2021-03-23 03:48:30', '2021-03-23 03:48:30', 'HP008', 'Galaxy A2 Core', 8, 6, '20210323104830-Galaxy_A2_Core.png', NULL, NULL, NULL, NULL, 'Rilis: April 2019\nChipset: Exynos 7870 Octa (14 nm)\nRAM: 1GB\nMemori internal: 8GB/16GB\nUkuran HP: 141.6 x 71 x 9.1 mm\nBerat HP: 142 gram\nUkuran layar: 5.0 inci, 540 x 960 piksel\nKamera depan: 5MP\nKamera belakang: 5MP\nBaterai: Li-Ion 2600 mAh', 899000, 1, 0, 'Black, Blue, Red', 1),
(36, '2021-03-23 03:58:07', '2021-03-23 03:58:07', 'HP009', 'Galaxy A7 (2018)', 8, 6, '20210323105807-Galaxy_A7_(2018).png', NULL, NULL, NULL, NULL, 'Prosesor\nCPU Speed\n2.2GHz, 1.6GHz\n \nCPU Type\nOcta-Core\nDisplay\nSize (Main_Display)\n153.6mm (6.0\" full rectangle) / 151.8mm (6.0\" rounded corners)\n \nResolusi (Main Display)\n2220 x 1080 (FHD+)\n \nTeknologi (Main Display)\nSuper AMOLED\n \nKedalaman Warna (Main Display)\n16M\nKamera\nRear Camera - Resolution (Multiple)\n24.0 MP + 5.0 MP + 8.0 MP\n \nRear Camera - F Number (Multiple)\nF1.7 , F2.2 , F2.4\n \nMain Camera - Auto Focus\nYes\n \nRear Camera - OIS\nNo\n \nFront Camera - Resolution\n24.0 MP\n \nFront Camera - F Number\nF2.0\n \nFront Camera - Auto Focus\nNo\n \nFront Camera - OIS\nNo\n \nMain Camera - Flash\nYes\n \nFront Camera - Flash\nYes\n \nResolusi Rekaman Video\nFHD (1920 x 1080) @30fps\nMemori\nRAM Size (GB)\n4\n \nROM Size (GB)\n64\n \nAvailable Memory (GB)*\n50.2\n \nDukungan Memori Eksternal\nMicroSD (Up to 512GB)\nJaringan\nJUMLAH SIM\nDual-SIM\n \nSIM size\nNano-SIM (4FF)\n \nSIM Slot Type\nSIM + SIM 2 + MicroSD\n \nInfra\n2G GSM, 3G WCDMA, 4G LTE FDD, 4G LTE TDD\n \n2G GSM\nGSM850, GSM900, DCS1800, PCS1900\n \n3G UMTS\nB1(2100), B2(1900), B4(AWS), B5(850), B8(900)\n \n4G FDD LTE\nB1(2100), B2(1900), B3(1800), B4(AWS), B5(850), B7(2600), B8(900), B12(700), B13(700), B17(700), B20(800), B28(700), B66(AWS-3)\n \n4G TDD LTE\nB38(2600), B40(2300), B41(2500)\nKonektivitas\nANT+\nYa\n \nUSB Interface\nMicro USB\n \nVersi USB\nUSB 2.0\n \nTeknologi Lokasi\nGPS, Glonass, Beidou\n \nEarjack\n3.5mm Stereo\n \nMHL\nTidak\n \nWi-Fi\n802.11 a/b/g/n/ac 2.4G+5GHz, VHT80\n \nWi-Fi Direct\nYa\n \nVersi Bluetooth\nBluetooth v5.0 (LE up to 2 Mbps)\n \nNFC\nYes\n \nPC Sync.\nSmart Switch (PC version)\nSistem Operasi\nAndroid\nInformasi Umum\nWarna\nBlue\n \nForm Factor\nTouch Bar\nSensors\nAccelerometer, Fingerprint Sensor, Gyro Sensor, Geomagnetic Sensor, Hall Sensor, Light Sensor, Proximity Sensor\nSpesifikasi Fisik\nDimension (HxWxD, mm)\n159.8 x 76.8 x 7.5\n \nWeight (g)\n168\nBaterai\nInternet Usage Time(3G) (Hours)\nUp to 12\n \nInternet Usage Time(LTE) (Hours)\nUp to 14\n \nInternet Usage Time(Wi-Fi) (Hours)\nUp to 14\n \nVideo Playback Time (Hours)\nUp to 17\n \nStandard Battery Capacity (mAh)\n3300\n \nAudio Playback Time (Hours)\nUp to 48\n \nAudio Playback Time (Hours, Always On Display Off)\nUp to 74\n \nTalk Time (3G WCDMA) (Hours)\nUp to 19\nAudio dan Video\nVideo Playing Format\nMP4, M4V, 3GP, 3G2, WMV, ASF, AVI, FLV, MKV, WEBM\n \nVideo Playing Resolution\nFHD (1920 x 1080) @60fps\n \nAudio Playing Format\nMP3, M4A, 3GA, AAC, OGG, OGA, WAV, WMA, AMR, AWB, FLAC, MID, MIDI, XMF, MXMF, IMY, RTTTL, RTX, OTA\nAplikasi dan Layanan\nGear Support\nGalaxy Watch, Gear Circle (Manager Support), Gear Fit, Gear Fit2, Gear Fit2 Pro, Gear Sport, Gear1, Gear2, Gear2 Neo, Gear S, Gear S2, Gear S3, Gear IconX, Gear IconX2\n \nS-Voice\nTidak\n \nMobile TV\nTidak', 2950000, 1, 0, 'Blue, Black, Gold', 1),
(37, '2021-03-23 04:03:52', '2021-03-23 04:04:43', 'HP0010', 'Galaxy A7 64GB (2018) Bundling with Memory Card', 8, 6, '20210323110443-Galaxy_A7_64GB_(2018)_Bundling_with_Memory_Card.png', NULL, NULL, NULL, NULL, 'Prosesor\nCPU Speed\n2.2GHz, 1.6GHz\n \nCPU Type\nOcta-Core\nDisplay\nSize (Main_Display)\n153.6mm (6.0\" full rectangle) / 151.8mm (6.0\" rounded corners)\n \nResolusi (Main Display)\n2220 x 1080 (FHD+)\n \nTeknologi (Main Display)\nSuper AMOLED\n \nKedalaman Warna (Main Display)\n16M\nKamera\nRear Camera - Resolution (Multiple)\n24.0 MP + 5.0 MP + 8.0 MP\n \nRear Camera - F Number (Multiple)\nF1.7 , F2.2 , F2.4\n \nMain Camera - Auto Focus\nYes\n \nRear Camera - OIS\nNo\n \nFront Camera - Resolution\n24.0 MP\n \nFront Camera - F Number\nF2.0\n \nFront Camera - Auto Focus\nNo\n \nFront Camera - OIS\nNo\n \nMain Camera - Flash\nYes\n \nFront Camera - Flash\nYes\n \nResolusi Rekaman Video\nFHD (1920 x 1080) @30fps\nMemori\nRAM Size (GB)\n4\n \nROM Size (GB)\n64\n \nAvailable Memory (GB)*\n50.2\n \nDukungan Memori Eksternal\nMicroSD (Up to 512GB)\nJaringan\nJUMLAH SIM\nDual-SIM\n \nSIM size\nNano-SIM (4FF)\n \nSIM Slot Type\nSIM + SIM 2 + MicroSD\n \nInfra\n2G GSM, 3G WCDMA, 4G LTE FDD, 4G LTE TDD\n \n2G GSM\nGSM850, GSM900, DCS1800, PCS1900\n \n3G UMTS\nB1(2100), B2(1900), B4(AWS), B5(850), B8(900)\n \n4G FDD LTE\nB1(2100), B2(1900), B3(1800), B4(AWS), B5(850), B7(2600), B8(900), B12(700), B13(700), B17(700), B20(800), B28(700), B66(AWS-3)\n \n4G TDD LTE\nB38(2600), B40(2300), B41(2500)\nKonektivitas\nANT+\nYa\n \nUSB Interface\nMicro USB\n \nVersi USB\nUSB 2.0\n \nTeknologi Lokasi\nGPS, Glonass, Beidou\n \nEarjack\n3.5mm Stereo\n \nMHL\nTidak\n \nWi-Fi\n802.11 a/b/g/n/ac 2.4G+5GHz, VHT80\n \nWi-Fi Direct\nYa\n \nVersi Bluetooth\nBluetooth v5.0 (LE up to 2 Mbps)\n \nNFC\nYes\n \nPC Sync.\nSmart Switch (PC version)\nSistem Operasi\nAndroid\nInformasi Umum\nWarna\nBlue\n \nForm Factor\nTouch Bar\nSensors\nAccelerometer, Fingerprint Sensor, Gyro Sensor, Geomagnetic Sensor, Hall Sensor, Light Sensor, Proximity Sensor\nSpesifikasi Fisik\nDimension (HxWxD, mm)\n159.8 x 76.8 x 7.5\n \nWeight (g)\n168\nBaterai\nInternet Usage Time(3G) (Hours)\nUp to 12\n \nInternet Usage Time(LTE) (Hours)\nUp to 14\n \nInternet Usage Time(Wi-Fi) (Hours)\nUp to 14\n \nVideo Playback Time (Hours)\nUp to 17\n \nStandard Battery Capacity (mAh)\n3300\n \nAudio Playback Time (Hours)\nUp to 48\n \nAudio Playback Time (Hours, Always On Display Off)\nUp to 74\n \nTalk Time (3G WCDMA) (Hours)\nUp to 19\nAudio dan Video\nVideo Playing Format\nMP4, M4V, 3GP, 3G2, WMV, ASF, AVI, FLV, MKV, WEBM\n \nVideo Playing Resolution\nFHD (1920 x 1080) @60fps\n \nAudio Playing Format\nMP3, M4A, 3GA, AAC, OGG, OGA, WAV, WMA, AMR, AWB, FLAC, MID, MIDI, XMF, MXMF, IMY, RTTTL, RTX, OTA\nAplikasi dan Layanan\nGear Support\nGalaxy Watch, Gear Circle (Manager Support), Gear Fit, Gear Fit2, Gear Fit2 Pro, Gear Sport, Gear1, Gear2, Gear2 Neo, Gear S, Gear S2, Gear S3, Gear IconX, Gear IconX2\n \nS-Voice\nTidak\n \nMobile TV\nTidak', 2323300, 1, 0, 'blue,gold,Black', 1),
(38, '2021-03-23 04:15:18', '2021-03-23 04:15:18', 'HP0011', 'Galaxy A7 128gb 2018 Bundling with Powerbank Line Friends', 8, 6, '20210323111518-Galaxy_A7_128gb_2018_Bundling_with_Powerbank_Line_Friends.png', NULL, NULL, NULL, NULL, 'Prosesor\nCPU Speed\n2.2GHz, 1.6GHz\n \nCPU Type\nOcta-Core\nDisplay\nSize (Main_Display)\n153.6mm (6.0\" full rectangle) / 151.8mm (6.0\" rounded corners)\n \nResolusi (Main Display)\n2220 x 1080 (FHD+)\n \nTeknologi (Main Display)\nSuper AMOLED\n \nKedalaman Warna (Main Display)\n16M\nKamera\nRear Camera - Resolution (Multiple)\n24.0 MP + 5.0 MP + 8.0 MP\n \nRear Camera - F Number (Multiple)\nF1.7 , F2.2 , F2.4\n \nMain Camera - Auto Focus\nYes\n \nRear Camera - OIS\nNo\n \nFront Camera - Resolution\n24.0 MP\n \nFront Camera - F Number\nF2.0\n \nFront Camera - Auto Focus\nNo\n \nFront Camera - OIS\nNo\n \nMain Camera - Flash\nYes\n \nFront Camera - Flash\nYes\n \nResolusi Rekaman Video\nFHD (1920 x 1080) @30fps\nMemori\nRAM Size (GB)\n4\n \nROM Size (GB)\n64\n \nAvailable Memory (GB)*\n50.2\n \nDukungan Memori Eksternal\nMicroSD (Up to 512GB)\nJaringan\nJUMLAH SIM\nDual-SIM\n \nSIM size\nNano-SIM (4FF)\n \nSIM Slot Type\nSIM + SIM 2 + MicroSD\n \nInfra\n2G GSM, 3G WCDMA, 4G LTE FDD, 4G LTE TDD\n \n2G GSM\nGSM850, GSM900, DCS1800, PCS1900\n \n3G UMTS\nB1(2100), B2(1900), B4(AWS), B5(850), B8(900)\n \n4G FDD LTE\nB1(2100), B2(1900), B3(1800), B4(AWS), B5(850), B7(2600), B8(900), B12(700), B13(700), B17(700), B20(800), B28(700), B66(AWS-3)\n \n4G TDD LTE\nB38(2600), B40(2300), B41(2500)\nKonektivitas\nANT+\nYa\n \nUSB Interface\nMicro USB\n \nVersi USB\nUSB 2.0\n \nTeknologi Lokasi\nGPS, Glonass, Beidou\n \nEarjack\n3.5mm Stereo\n \nMHL\nTidak\n \nWi-Fi\n802.11 a/b/g/n/ac 2.4G+5GHz, VHT80\n \nWi-Fi Direct\nYa\n \nVersi Bluetooth\nBluetooth v5.0 (LE up to 2 Mbps)\n \nNFC\nYes\n \nPC Sync.\nSmart Switch (PC version)\nSistem Operasi\nAndroid\nInformasi Umum\nWarna\nBlue\n \nForm Factor\nTouch Bar\nSensors\nAccelerometer, Fingerprint Sensor, Gyro Sensor, Geomagnetic Sensor, Hall Sensor, Light Sensor, Proximity Sensor\nSpesifikasi Fisik\nDimension (HxWxD, mm)\n159.8 x 76.8 x 7.5\n \nWeight (g)\n168\nBaterai\nInternet Usage Time(3G) (Hours)\nUp to 12\n \nInternet Usage Time(LTE) (Hours)\nUp to 14\n \nInternet Usage Time(Wi-Fi) (Hours)\nUp to 14\n \nVideo Playback Time (Hours)\nUp to 17\n \nStandard Battery Capacity (mAh)\n3300\n \nAudio Playback Time (Hours)\nUp to 48\n \nAudio Playback Time (Hours, Always On Display Off)\nUp to 74\n \nTalk Time (3G WCDMA) (Hours)\nUp to 19\nAudio dan Video\nVideo Playing Format\nMP4, M4V, 3GP, 3G2, WMV, ASF, AVI, FLV, MKV, WEBM\n \nVideo Playing Resolution\nFHD (1920 x 1080) @60fps\n \nAudio Playing Format\nMP3, M4A, 3GA, AAC, OGG, OGA, WAV, WMA, AMR, AWB, FLAC, MID, MIDI, XMF, MXMF, IMY, RTTTL, RTX, OTA\nAplikasi dan Layanan\nGear Support\nGalaxy Watch, Gear Circle (Manager Support), Gear Fit, Gear Fit2, Gear Fit2 Pro, Gear Sport, Gear1, Gear2, Gear2 Neo, Gear S, Gear S2, Gear S3, Gear IconX, Gear IconX2\n \nS-Voice\nTidak\n \nMobile TV\nTidak', 2400000, 1, 0, NULL, 1),
(39, '2021-03-23 04:17:59', '2021-03-23 04:17:59', 'HP0012', 'Galaxy A7 128GB 2018 with X Mini Explore', 8, 6, '20210323111759-Galaxy_A7_128GB_2018_with_X_Mini_Explore.png', NULL, NULL, NULL, NULL, 'Prosesor\nCPU Speed\n2.2GHz, 1.6GHz\n \nCPU Type\nOcta-Core\nDisplay\nSize (Main_Display)\n153.6mm (6.0\" full rectangle) / 151.8mm (6.0\" rounded corners)\n \nResolusi (Main Display)\n2220 x 1080 (FHD+)\n \nTeknologi (Main Display)\nSuper AMOLED\n \nKedalaman Warna (Main Display)\n16M\nKamera\nRear Camera - Resolution (Multiple)\n24.0 MP + 5.0 MP + 8.0 MP\n \nRear Camera - F Number (Multiple)\nF1.7 , F2.2 , F2.4\n \nMain Camera - Auto Focus\nYes\n \nRear Camera - OIS\nNo\n \nFront Camera - Resolution\n24.0 MP\n \nFront Camera - F Number\nF2.0\n \nFront Camera - Auto Focus\nNo\n \nFront Camera - OIS\nNo\n \nMain Camera - Flash\nYes\n \nFront Camera - Flash\nYes\n \nResolusi Rekaman Video\nFHD (1920 x 1080) @30fps\nMemori\nRAM Size (GB)\n4\n \nROM Size (GB)\n64\n \nAvailable Memory (GB)*\n50.2\n \nDukungan Memori Eksternal\nMicroSD (Up to 512GB)\nJaringan\nJUMLAH SIM\nDual-SIM\n \nSIM size\nNano-SIM (4FF)\n \nSIM Slot Type\nSIM + SIM 2 + MicroSD\n \nInfra\n2G GSM, 3G WCDMA, 4G LTE FDD, 4G LTE TDD\n \n2G GSM\nGSM850, GSM900, DCS1800, PCS1900\n \n3G UMTS\nB1(2100), B2(1900), B4(AWS), B5(850), B8(900)\n \n4G FDD LTE\nB1(2100), B2(1900), B3(1800), B4(AWS), B5(850), B7(2600), B8(900), B12(700), B13(700), B17(700), B20(800), B28(700), B66(AWS-3)\n \n4G TDD LTE\nB38(2600), B40(2300), B41(2500)\nKonektivitas\nANT+\nYa\n \nUSB Interface\nMicro USB\n \nVersi USB\nUSB 2.0\n \nTeknologi Lokasi\nGPS, Glonass, Beidou\n \nEarjack\n3.5mm Stereo\n \nMHL\nTidak\n \nWi-Fi\n802.11 a/b/g/n/ac 2.4G+5GHz, VHT80\n \nWi-Fi Direct\nYa\n \nVersi Bluetooth\nBluetooth v5.0 (LE up to 2 Mbps)\n \nNFC\nYes\n \nPC Sync.\nSmart Switch (PC version)\nSistem Operasi\nAndroid\nInformasi Umum\nWarna\nBlue\n \nForm Factor\nTouch Bar\nSensors\nAccelerometer, Fingerprint Sensor, Gyro Sensor, Geomagnetic Sensor, Hall Sensor, Light Sensor, Proximity Sensor\nSpesifikasi Fisik\nDimension (HxWxD, mm)\n159.8 x 76.8 x 7.5\n \nWeight (g)\n168\nBaterai\nInternet Usage Time(3G) (Hours)\nUp to 12\n \nInternet Usage Time(LTE) (Hours)\nUp to 14\n \nInternet Usage Time(Wi-Fi) (Hours)\nUp to 14\n \nVideo Playback Time (Hours)\nUp to 17\n \nStandard Battery Capacity (mAh)\n3300\n \nAudio Playback Time (Hours)\nUp to 48\n \nAudio Playback Time (Hours, Always On Display Off)\nUp to 74\n \nTalk Time (3G WCDMA) (Hours)\nUp to 19\nAudio dan Video\nVideo Playing Format\nMP4, M4V, 3GP, 3G2, WMV, ASF, AVI, FLV, MKV, WEBM\n \nVideo Playing Resolution\nFHD (1920 x 1080) @60fps\n \nAudio Playing Format\nMP3, M4A, 3GA, AAC, OGG, OGA, WAV, WMA, AMR, AWB, FLAC, MID, MIDI, XMF, MXMF, IMY, RTTTL, RTX, OTA\nAplikasi dan Layanan\nGear Support\nGalaxy Watch, Gear Circle (Manager Support), Gear Fit, Gear Fit2, Gear Fit2 Pro, Gear Sport, Gear1, Gear2, Gear2 Neo, Gear S, Gear S2, Gear S3, Gear IconX, Gear IconX2\n \nS-Voice\nTidak\n \nMobile TV\nTidak', 2450000, 1, 0, 'Blue,Black,Gold', 1),
(40, '2021-03-23 04:24:14', '2021-03-23 04:24:14', 'HP0013', 'Galaxy A9', 8, 6, '20210323112414-Galaxy_A9.png', NULL, NULL, NULL, NULL, 'Prosesor\nCPU Speed\n2.2GHz, 1.8GHz\n \nCPU Type\nOcta-Core\nDisplay\nSize (Main_Display)\n159.5mm (6.3\" full rectangle) / 157.4mm (6.2\" rounded corners)\n \nResolusi (Main Display)\n2220 x 1080 (FHD+)\n \nTeknologi (Main Display)\nSuper AMOLED\n \nKedalaman Warna (Main Display)\n16M\nKamera\nRear Camera - Resolution (Multiple)\n24.0 MP + 5.0 MP + 10.0 MP + 8.0 MP\n \nRear Camera - F Number (Multiple)\nF1.7 , F2.2 , F2.4 , F2.4\n \nMain Camera - Auto Focus\nYes\n \nRear Camera - OIS\nNo\n \nFront Camera - Resolution\n24.0 MP\n \nFront Camera - F Number\nF2.0\n \nFront Camera - Auto Focus\nNo\n \nFront Camera - OIS\nNo\n \nMain Camera - Flash\nYes\n \nFront Camera - Flash\nNo\n \nResolusi Rekaman Video\nUHD 4K (3840 x 2160) @30fps\nMemori\nRAM Size (GB)\n6\n \nROM Size (GB)\n128\n \nAvailable Memory (GB)*\n108.9\n \nDukungan Memori Eksternal\nMicroSD (Up to 512GB)\nJaringan\nJUMLAH SIM\nDual-SIM\n \nSIM size\nNano-SIM (4FF)\n \nSIM Slot Type\nSIM + SIM 2 + MicroSD\n \nInfra\n2G GSM, 3G WCDMA, 4G LTE FDD, 4G LTE TDD\n \n2G GSM\nGSM850, GSM900, DCS1800, PCS1900\n \n3G UMTS\nB1(2100), B2(1900), B4(AWS), B5(850), B8(900)\n \n4G FDD LTE\nB1(2100), B2(1900), B3(1800), B4(AWS), B5(850), B7(2600), B8(900), B12(700), B13(700), B17(700), B20(800), B26(850), B28(700), B66(AWS-3)\n \n4G TDD LTE\nB38(2600), B40(2300), B41(2500)\nKonektivitas\nANT+\nYa\n \nUSB Interface\nUSB Type-C\n \nVersi USB\nUSB 2.0\n \nTeknologi Lokasi\nGPS, Glonass, Beidou, Galileo\n \nEarjack\n3.5mm Stereo\n \nMHL\nTidak\n \nWi-Fi\n802.11 a/b/g/n/ac 2.4G+5GHz, VHT80 MIMO\n \nWi-Fi Direct\nYa\n \nVersi Bluetooth\nBluetooth v5.0 (LE up to 2 Mbps)\n \nNFC\nYes\n \nPC Sync.\nSmart Switch (PC version)\nSistem Operasi\nAndroid\nInformasi Umum\nWarna\nLemonade blue\n \nForm Factor\nTouch Bar\nSensors\nAccelerometer, Fingerprint Sensor, Gyro Sensor, Geomagnetic Sensor, Hall Sensor, RGB Light Sensor, Proximity Sensor\nSpesifikasi Fisik\nDimension (HxWxD, mm)\n162.5 x 77.0 x 7.8\n \nWeight (g)\n183\nBaterai\nInternet Usage Time(3G) (Hours)\nUp to 13\n \nInternet Usage Time(LTE) (Hours)\nUp to 15\n \nInternet Usage Time(Wi-Fi) (Hours)\nUp to 15\n \nVideo Playback Time (Hours)\nUp to 19\n \nBattery Capacity (mAh, Typical)\n3800\n \nAudio Playback Time (Hours)\nUp to 59\n \nAudio Playback Time (Hours, Always On Display Off)\nUp to 112\n \nTalk Time (3G WCDMA) (Hours)\nUp to 23\nAudio dan Video\nVideo Playing Format\nMP4, M4V, 3GP, 3G2, WMV, ASF, AVI, FLV, MKV, WEBM\n \nVideo Playing Resolution\nUHD 4K (3840 x 2160) @30fps\n \nAudio Playing Format\nMP3, M4A, 3GA, AAC, OGG, OGA, WAV, WMA, AMR, AWB, FLAC, MID, MIDI, XMF, MXMF, IMY, RTTTL, RTX, OTA\nAplikasi dan Layanan\nGear Support\nGalaxy Watch, Gear Circle (Manager Support), Gear Fit, Gear Fit2, Gear Fit2 Pro, Gear Sport, Gear1, Gear2, Gear2 Neo, Gear S, Gear S2, Gear S3, Gear IconX, Gear VR with Controller, Gear 360, Gear 360 (2017)\n \nS-Voice\nTidak\n \nMobile TV\nTidak', 4350000, 1, 0, 'Caviar Black, Lemonade Blue, Bubblegum Pink', 1),
(41, '2021-03-23 04:30:43', '2021-03-23 04:32:07', 'HP0014', 'Galaxy A9 Bundling with JBL Under Armour Wireless Headphones', 8, 6, '20210323113043-Galaxy_A9_Bundling_with_JBL_Under_Armour_Wireless_Headphones.png', NULL, NULL, NULL, NULL, 'Prosesor\nCPU Speed\n2.2GHz, 1.8GHz\n \nCPU Type\nOcta-Core\nDisplay\nSize (Main_Display)\n159.5mm (6.3\" full rectangle) / 157.4mm (6.2\" rounded corners)\n \nResolusi (Main Display)\n2220 x 1080 (FHD+)\n \nTeknologi (Main Display)\nSuper AMOLED\n \nKedalaman Warna (Main Display)\n16M\nKamera\nRear Camera - Resolution (Multiple)\n24.0 MP + 5.0 MP + 10.0 MP + 8.0 MP\n \nRear Camera - F Number (Multiple)\nF1.7 , F2.2 , F2.4 , F2.4\n \nMain Camera - Auto Focus\nYes\n \nRear Camera - OIS\nNo\n \nFront Camera - Resolution\n24.0 MP\n \nFront Camera - F Number\nF2.0\n \nFront Camera - Auto Focus\nNo\n \nFront Camera - OIS\nNo\n \nMain Camera - Flash\nYes\n \nFront Camera - Flash\nNo\n \nResolusi Rekaman Video\nUHD 4K (3840 x 2160) @30fps\nMemori\nRAM Size (GB)\n6\n \nROM Size (GB)\n128\n \nAvailable Memory (GB)*\n108.9\n \nDukungan Memori Eksternal\nMicroSD (Up to 512GB)\nJaringan\nJUMLAH SIM\nDual-SIM\n \nSIM size\nNano-SIM (4FF)\n \nSIM Slot Type\nSIM + SIM 2 + MicroSD\n \nInfra\n2G GSM, 3G WCDMA, 4G LTE FDD, 4G LTE TDD\n \n2G GSM\nGSM850, GSM900, DCS1800, PCS1900\n \n3G UMTS\nB1(2100), B2(1900), B4(AWS), B5(850), B8(900)\n \n4G FDD LTE\nB1(2100), B2(1900), B3(1800), B4(AWS), B5(850), B7(2600), B8(900), B12(700), B13(700), B17(700), B20(800), B26(850), B28(700), B66(AWS-3)\n \n4G TDD LTE\nB38(2600), B40(2300), B41(2500)\nKonektivitas\nANT+\nYa\n \nUSB Interface\nUSB Type-C\n \nVersi USB\nUSB 2.0\n \nTeknologi Lokasi\nGPS, Glonass, Beidou, Galileo\n \nEarjack\n3.5mm Stereo\n \nMHL\nTidak\n \nWi-Fi\n802.11 a/b/g/n/ac 2.4G+5GHz, VHT80 MIMO\n \nWi-Fi Direct\nYa\n \nVersi Bluetooth\nBluetooth v5.0 (LE up to 2 Mbps)\n \nNFC\nYes\n \nPC Sync.\nSmart Switch (PC version)\nSistem Operasi\nAndroid\nInformasi Umum\nWarna\nLemonade blue\n \nForm Factor\nTouch Bar\nSensors\nAccelerometer, Fingerprint Sensor, Gyro Sensor, Geomagnetic Sensor, Hall Sensor, RGB Light Sensor, Proximity Sensor\nSpesifikasi Fisik\nDimension (HxWxD, mm)\n162.5 x 77.0 x 7.8\n \nWeight (g)\n183\nBaterai\nInternet Usage Time(3G) (Hours)\nUp to 13\n \nInternet Usage Time(LTE) (Hours)\nUp to 15\n \nInternet Usage Time(Wi-Fi) (Hours)\nUp to 15\n \nVideo Playback Time (Hours)\nUp to 19\n \nBattery Capacity (mAh, Typical)\n3800\n \nAudio Playback Time (Hours)\nUp to 59\n \nAudio Playback Time (Hours, Always On Display Off)\nUp to 112\n \nTalk Time (3G WCDMA) (Hours)\nUp to 23\nAudio dan Video\nVideo Playing Format\nMP4, M4V, 3GP, 3G2, WMV, ASF, AVI, FLV, MKV, WEBM\n \nVideo Playing Resolution\nUHD 4K (3840 x 2160) @30fps\n \nAudio Playing Format\nMP3, M4A, 3GA, AAC, OGG, OGA, WAV, WMA, AMR, AWB, FLAC, MID, MIDI, XMF, MXMF, IMY, RTTTL, RTX, OTA\nAplikasi dan Layanan\nGear Support\nGalaxy Watch, Gear Circle (Manager Support), Gear Fit, Gear Fit2, Gear Fit2 Pro, Gear Sport, Gear1, Gear2, Gear2 Neo, Gear S, Gear S2, Gear S3, Gear IconX, Gear VR with Controller, Gear 360, Gear 360 (2017)\n \nS-Voice\nTidak\n \nMobile TV\nTidak', 4400000, 1, 0, 'Caviar Black, Lemonade Blue, Bubblegum Pink', 1),
(42, '2021-03-23 05:26:13', '2021-03-23 05:26:13', 'HP0015', 'Galaxy A10', 8, 6, '20210323122613-Galaxy_A10.png', NULL, NULL, NULL, NULL, 'Prosesor\nCPU Speed\n1.6GHz, 1.35GHz\n \nCPU Type\nOcta-Core\nDisplay\nSize (Main_Display)\n158.0mm (6.2\" full rectangle) / 153.7mm (6.1\" rounded corners)\n \nResolusi (Main Display)\n720 x 1520 (HD+)\n \nTeknologi (Main Display)\nTFT\n \nKedalaman Warna (Main Display)\n16M\nKamera\nMain Camera - Resolution\n13.0 MP\n \nMain Camera - F Number\nF1.9\n \nMain Camera - Auto Focus\nYes\n \nRear Camera - OIS\nNo\n \nFront Camera - Resolution\n5.0 MP\n \nFront Camera - F Number\nF2.0\n \nFront Camera - Auto Focus\nNo\n \nFront Camera - OIS\nNo\n \nMain Camera - Flash\nYes\n \nFront Camera - Flash\nNo\n \nResolusi Rekaman Video\nFHD (1920 x 1080) @30fps\nMemori\nRAM Size (GB)\n2\n \nROM Size (GB)\n32\n \nAvailable Memory (GB)*\n22.9\n \nDukungan Memori Eksternal\nMicroSD (Up to 512GB)\nJaringan\nJUMLAH SIM\nDual-SIM\n \nSIM size\nNano-SIM (4FF)\n \nSIM Slot Type\nSIM + SIM 2 + MicroSD\n \nInfra\n2G GSM, 3G WCDMA, 4G LTE FDD, 4G LTE TDD\n \n2G GSM\nGSM850, GSM900, DCS1800, PCS1900\n \n3G UMTS\nB1(2100), B2(1900), B5(850), B8(900)\n \n4G FDD LTE\nB1(2100), B2(1900), B3(1800), B5(850), B7(2600), B8(900), B20(800), B28(700)\n \n4G TDD LTE\nB38(2600), B40(2300), B41(2500)\nKonektivitas\nANT+\nTidak\n \nUSB Interface\nMicro USB\n \nVersi USB\nUSB 2.0\n \nTeknologi Lokasi\nGPS, Glonass, Beidou, Galileo\n \nEarjack\n3.5mm Stereo\n \nMHL\nTidak\n \nWi-Fi\n802.11 b/g/n 2.4GHz\n \nWi-Fi Direct\nYa\n \nVersi Bluetooth\nBluetooth v5.0\n \nNFC\nNo\n \nPC Sync.\nSmart Switch (PC version)\nSistem Operasi\nAndroid\nInformasi Umum\nWarna\nBlack\n \nForm Factor\nTouch Bar\nSensors\nAccelerometer, Proximity Sensor, Virtual Light Sensing\nSpesifikasi Fisik\nDimension (HxWxD, mm)\n155.6 x 75.6 x 7.9\n \nWeight (g)\n168\nBaterai\nInternet Usage Time(3G) (Hours)\nUp to 15\n \nInternet Usage Time(LTE) (Hours)\nUp to 19\n \nInternet Usage Time(Wi-Fi) (Hours)\nUp to 19\n \nVideo Playback Time (Hours)\nUp to 18\n \nBattery Capacity (mAh, Typical)\n3400\n \nAudio Playback Time (Hours)\nUp to 72\n \nTalk Time (3G WCDMA) (Hours)\nUp to 21\nAudio dan Video\nStereo Support\nNo\n \nVideo Playing Format\nMP4, M4V, 3GP, 3G2, WMV, ASF, AVI, FLV, MKV, WEBM\n \nVideo Playing Resolution\nFHD (1920 x 1080) @60fps\n \nAudio Playing Format\nMP3, M4A, 3GA, AAC, OGG, OGA, WAV, WMA, AMR, AWB, FLAC, MID, MIDI, XMF, MXMF, IMY, RTTTL, RTX, OTA\nAplikasi dan Layanan\nGear Support\nGalaxy Watch, Gear Circle (Manager Support), Gear Fit, Gear Fit2, Gear Fit2 Pro, Gear Sport, Gear1, Gear2, Gear2 Neo, Gear S, Gear S2, Gear S3, Gear IconX, Gear IconX (2018)\n \nSamsung DeX Support\nNo\n \nMobile TV\nTidak', 1300000, 1, 0, 'Blue, Black, Red', 1),
(43, '2021-03-23 05:32:14', '2021-03-23 05:34:52', 'HP0016', 'Galaxy A10s', 8, 6, '20210323123214-Galaxy_A10s.png', NULL, NULL, NULL, NULL, 'Prosesor\nCPU Speed\n2GHz, 1.5GHz\n \nCPU Type\nOcta-Core\nDisplay\nSize (Main_Display)\n157.9mm (6.2\" full rectangle) / 153.7mm (6.1\" rounded corners)\n \nResolusi (Main Display)\n720 x 1520 (HD+)\n \nTeknologi (Main Display)\nPLS TFT LCD\n \nKedalaman Warna (Main Display)\n16M\nKamera\nRear Camera - Resolution (Multiple)\n13.0 MP + 2.0 MP\n \nRear Camera - F Number (Multiple)\nF1.8 , F2.4\n \nMain Camera - Auto Focus\nYes\n \nRear Camera - OIS\nNo\n \nRear Camera Zoom\nDigital Zoom up to 4x\n \nFront Camera - Resolution\n8.0 MP\n \nFront Camera - F Number\nF2.0\n \nFront Camera - Auto Focus\nNo\n \nFront Camera - OIS\nNo\n \nMain Camera - Flash\nYes\n \nFront Camera - Flash\nNo\n \nResolusi Rekaman Video\nFHD (1920 x 1080) @30fps\nMemori\nRAM Size (GB)\n2\n \nROM Size (GB)\n32\n \nAvailable Memory (GB)*\n22.4\n \nDukungan Memori Eksternal\nMicroSD (Up to 512GB)\nJaringan\nJUMLAH SIM\nDual-SIM\n \nSIM size\nNano-SIM (4FF)\n \nSIM Slot Type\nSIM + SIM 2 + MicroSD\n \nInfra\n2G GSM, 3G WCDMA, 4G LTE FDD, 4G LTE TDD\n \n2G GSM\nGSM850, GSM900, DCS1800, PCS1900\n \n3G UMTS\nB1(2100), B5(850), B8(900)\n \n4G FDD LTE\nB1(2100), B3(1800), B5(850), B7(2600), B8(900), B20(800), B28(700)\n \n4G TDD LTE\nB38(2600), B40(2300), B41(2500)\nKonektivitas\nANT+\nTidak\n \nUSB Interface\nMicro USB\n \nVersi USB\nUSB 2.0\n \nTeknologi Lokasi\nGPS, Glonass, Beidou, Galileo\n \nEarjack\n3.5mm Stereo\n \nMHL\nTidak\n \nWi-Fi\n802.11 b/g/n 2.4GHz\n \nWi-Fi Direct\nYa\n \nVersi Bluetooth\nBluetooth v4.2\n \nNFC\nNo\n \nPC Sync.\nSmart Switch (PC version)\nSistem Operasi\nAndroid\nInformasi Umum\nWarna\nTactile Blue\n \nForm Factor\nTouch Bar\nSensors\nAccelerometer, Fingerprint Sensor, Light Sensor, Proximity Sensor\nSpesifikasi Fisik\nDimension (HxWxD, mm)\n156.9 x 75.8 x 7.8\n \nWeight (g)\n168\nBaterai\nBattery Capacity (mAh, Typical)\n4000\nAudio dan Video\nStereo Support\nNo\n \nVideo Playing Format\nMP4, M4V, 3GP, 3G2, WMV, ASF, AVI, FLV, MKV, WEBM\n \nVideo Playing Resolution\nFHD (1920 x 1080) @30fps\n \nAudio Playing Format\nMP3, M4A, 3GA, AAC, OGG, OGA, WAV, WMA, AMR, AWB, FLAC, MID, MIDI, XMF, MXMF, IMY, RTTTL, RTX, OTA\nAplikasi dan Layanan\nGear Support\nGalaxy Buds, Galaxy Fit, Galaxy Fit e, Galaxy Watch, Galaxy Watch Active, Gear Circle (Manager Support), Gear Fit2, Gear Fit2 Pro, Gear Sport, Gear S2, Gear S3, Gear IconX, Gear IconX (2018)\n \nSamsung DeX Support\nNo\n \nMobile TV\nTidak', 1399000, 1, 0, 'Blue, Green, Red', 1),
(44, '2021-03-23 05:39:26', '2021-03-23 05:39:26', 'HP0017', 'Galaxy A11', 8, 6, '20210323123926-Galaxy_A11.png', NULL, NULL, NULL, NULL, 'Prosesor\nCPU Speed\n1.8GHz\n \nCPU Type\nOcta-Core\nDisplay\nSize (Main_Display)\n162.4mm (6.4\" full rectangle) / 158.8mm (6.3\" rounded corners)\n \nResolusi (Main Display)\n720 x 1560 (HD+)\n \nTeknologi (Main Display)\nPLS TFT LCD\n \nKedalaman Warna (Main Display)\n16M\nKamera\nRear Camera - Resolution (Multiple)\n13.0 MP + 2.0 MP + 5.0 MP\n \nRear Camera - F Number (Multiple)\nF1.8 , F2.4 , F2.2\n \nMain Camera - Auto Focus\nYes\n \nRear Camera - OIS\nNo\n \nRear Camera Zoom\nDigital Zoom up to 8x\n \nFront Camera - Resolution\n8.0 MP\n \nFront Camera - F Number\nF2.0\n \nFront Camera - Auto Focus\nNo\n \nFront Camera - OIS\nNo\n \nMain Camera - Flash\nYes\n \nFront Camera - Flash\nNo\n \nResolusi Rekaman Video\nFHD (1920 x 1080) @30fps\nMemori\nRAM Size (GB)\n3\n \nROM Size (GB)\n32\n \nAvailable Memory (GB)*\n21.5\n \nDukungan Memori Eksternal\nMicroSD (Up to 512GB)\nJaringan\nJUMLAH SIM\nDual-SIM\n \nSIM size\nNano-SIM (4FF)\n \nSIM Slot Type\nSIM + SIM 2 + MicroSD\n \nInfra\n2G GSM, 3G WCDMA, 4G LTE FDD, 4G LTE TDD\n \n2G GSM\nGSM850, GSM900, DCS1800, PCS1900\n \n3G UMTS\nB1(2100), B2(1900), B5(850), B8(900)\n \n4G FDD LTE\nB1(2100), B2(1900), B3(1800), B5(850), B7(2600), B8(900), B20(800), B28(700)\n \n4G TDD LTE\nB38(2600), B40(2300), B41(2500)\nKonektivitas\nANT+\nTidak\n \nUSB Interface\nUSB Type-C\n \nVersi USB\nUSB 2.0\n \nTeknologi Lokasi\nGPS, Glonass, Beidou, Galileo\n \nEarjack\n3.5mm Stereo\n \nMHL\nTidak\n \nWi-Fi\n802.11 b/g/n 2.4GHz\n \nWi-Fi Direct\nYa\n \nVersi Bluetooth\nBluetooth v4.2\n \nNFC\nNo\n \nPC Sync.\nSmart Switch (PC version)\nSistem Operasi\nAndroid\nInformasi Umum\nWarna\nBlack\n \nForm Factor\nTouch Bar\nSensors\nAccelerometer, Fingerprint Sensor, Light Sensor, Proximity Sensor\nSpesifikasi Fisik\nDimension (HxWxD, mm)\n161.4 x 76.3 x 8.0\n \nWeight (g)\n177\nBaterai\nBattery Capacity (mAh, Typical)\n4000\nAudio dan Video\nStereo Support\nNo\n \nVideo Playing Format\nMP4, M4V, 3GP, 3G2, WMV, ASF, AVI, FLV, MKV, WEBM\n \nVideo Playing Resolution\nFHD (1920 x 1080) @60fps\n \nAudio Playing Format\nMP3, M4A, 3GA, AAC, OGG, OGA, WAV, WMA, AMR, AWB, FLAC, MID, MIDI, XMF, MXMF, IMY, RTTTL, RTX, OTA\nAplikasi dan Layanan\nGear Support\nGalaxy Buds, Galaxy Fit, Galaxy Fit e, Galaxy Watch, Galaxy Watch Active, Gear Circle (Manager Support), Gear Fit2, Gear Fit2 Pro, Gear Sport, Gear S2, Gear S3, Gear IconX, Gear IconX (2018)\n \nSamsung DeX Support\nNo\n \nMobile TV\nTidak', 1650000, 1, 0, 'Black, White, Blue', 1),
(45, '2021-03-23 05:42:03', '2021-03-23 05:42:03', 'HP0018', 'Galaxy A12', 8, 6, '20210323124203-Galaxy_A12.png', NULL, NULL, NULL, NULL, 'Prosesor\nCPU Speed\n2.3GHz, 1.8GHz\n \nCPU Type\nOcta-Core\nDisplay\nSize (Main_Display)\n165.5mm (6.5\" full rectangle) / 161.4mm (6.4\" rounded corners)\n \nResolusi (Main Display)\n720 x 1600 (HD+)\n \nTeknologi (Main Display)\nPLS TFT LCD\n \nKedalaman Warna (Main Display)\n16M\nKamera\nRear Camera - Resolution (Multiple)\n48.0 MP + 5.0 MP + 2.0 MP + 2.0 MP\n \nRear Camera - F Number (Multiple)\nF2.0 , F2.2 , F2.4 , F2.4\n \nMain Camera - Auto Focus\nYes\n \nRear Camera - OIS\nNo\n \nRear Camera Zoom\nDigital Zoom up to 10x\n \nFront Camera - Resolution\n8.0 MP\n \nFront Camera - F Number\nF2.2\n \nFront Camera - Auto Focus\nNo\n \nFront Camera - OIS\nNo\n \nMain Camera - Flash\nYes\n \nFront Camera - Flash\nNo\n \nResolusi Rekaman Video\nFHD (1920 x 1080) @30fps\nMemori\nRAM Size (GB)\n4\n \nROM Size (GB)\n128\n \nAvailable Memory (GB)*\n106.1\n \nDukungan Memori Eksternal\nMicroSD (Up to 1TB)\nJaringan\nJUMLAH SIM\nDual-SIM\n \nSIM size\nNano-SIM (4FF)\n \nSIM Slot Type\nSIM + SIM 2 + MicroSD\n \nInfra\n2G GSM, 3G WCDMA, 4G LTE FDD, 4G LTE TDD\n \n2G GSM\nGSM850, GSM900, DCS1800, PCS1900\n \n3G UMTS\nB1(2100), B5(850), B8(900)\n \n4G FDD LTE\nB1(2100), B3(1800), B5(850), B7(2600), B8(900), B20(800), B28(700)\n \n4G TDD LTE\nB38(2600), B40(2300), B41(2500)\nKonektivitas\nUSB Interface\nUSB Type-C\n \nVersi USB\nUSB 2.0\n \nTeknologi Lokasi\nGPS, Glonass, Beidou, Galileo\n \nEarjack\n3.5mm Stereo\n \nMHL\nTidak\n \nWi-Fi\n802.11 b/g/n 2.4GHz\n \nWi-Fi Direct\nYa\n \nVersi Bluetooth\nBluetooth v5.0\n \nNFC\nNo\n \nPC Sync.\nSmart Switch (PC version)\nSistem Operasi\nAndroid\nInformasi Umum\nWarna\nBlack\n \nForm Factor\nTouch Bar\nSensors\nAccelerometer,Fingerprint Sensor,Grip Sensor,Virtual Light Sensing,Virtual Proximity Sensing\nSpesifikasi Fisik\nDimension (HxWxD, mm)\n164.0 x 75.8 x 8.9\n \nWeight (g)\n205\nBaterai\nInternet Usage Time(LTE) (Hours)\nUp to 20\n \nInternet Usage Time(Wi-Fi) (Hours)\nUp to 19\n \nVideo Playback Time (Hours)\nUp to 21\n \nBattery Capacity (mAh, Typical)\n5000\n \nAudio Playback Time (Hours)\nUp to 109\n \nTalk Time (4G LTE) (Hours)\nUp to 34\nAudio dan Video\nStereo Support\nNo\n \nVideo Playing Format\nMP4, M4V, 3GP, 3G2, WMV, ASF, AVI, FLV, MKV, WEBM\n \nVideo Playing Resolution\nFHD (1920 x 1080) @30fps\n \nAudio Playing Format\nMP3, M4A, 3GA, AAC, OGG, OGA, WAV, WMA, AMR, AWB, FLAC, MID, MIDI, XMF, MXMF, IMY, RTTTL, RTX, OTA\nAplikasi dan Layanan\nGear Support\nGalaxy Buds Live, Galaxy Buds+, Galaxy Buds, Galaxy Fit2, Galaxy Fit e, Galaxy Fit, Galaxy Watch3, Galaxy Watch, Galaxy Watch Active2, Galaxy Watch Active, Gear Fit2 Pro, Gear Fit2, Gear Fit, Gear Sport, Gear2 Neo, Gear2, Gear1, Gear S3, Gear S2, Gear IconX, Gear IconX (2018)\n \nSamsung DeX Support\nNo\n \nMobile TV\nTidak', 2499000, 1, 0, 'Black, White, Blue', 1),
(46, '2021-03-23 05:47:07', '2021-03-23 05:47:07', 'HP0019', 'Galaxy A20', 8, 6, '20210323124707-Galaxy_A20.png', NULL, NULL, NULL, NULL, 'Prosesor\nCPU Speed\n1.6GHz, 1.35GHz\n \nCPU Type\nOcta-Core\nDisplay\nSize (Main_Display)\n162.0mm (6.4\" full rectangle) / 157.9mm (6.2\" rounded corners)\n \nResolusi (Main Display)\n720 x 1560 (HD+)\n \nTeknologi (Main Display)\nSuper AMOLED\n \nKedalaman Warna (Main Display)\n16M\nKamera\nRear Camera - Resolution (Multiple)\n13.0 MP + 5.0 MP\n \nRear Camera - F Number (Multiple)\nF1.9 , F2.2\n \nMain Camera - Auto Focus\nYes\n \nRear Camera - OIS\nNo\n \nFront Camera - Resolution\n8.0 MP\n \nFront Camera - F Number\nF2.0\n \nFront Camera - Auto Focus\nNo\n \nFront Camera - OIS\nNo\n \nMain Camera - Flash\nYes\n \nFront Camera - Flash\nNo\n \nResolusi Rekaman Video\nFHD (1920 x 1080) @30fps\nMemori\nRAM Size (GB)\n3\n \nROM Size (GB)\n32\n \nAvailable Memory (GB)*\n21.7\n \nDukungan Memori Eksternal\nMicroSD (Up to 512GB)\nJaringan\nJUMLAH SIM\nDual-SIM\n \nSIM size\nNano-SIM (4FF)\n \nSIM Slot Type\nSIM + SIM 2 + MicroSD\n \nInfra\n2G GSM, 3G WCDMA, 4G LTE FDD, 4G LTE TDD\n \n2G GSM\nGSM850, GSM900, DCS1800, PCS1900\n \n3G UMTS\nB1(2100), B2(1900), B5(850), B8(900)\n \n4G FDD LTE\nB1(2100), B3(1800), B5(850), B7(2600), B8(900), B20(800)\n \n4G TDD LTE\nB38(2600), B40(2300), B41(2500)\nKonektivitas\nANT+\nTidak\n \nUSB Interface\nUSB Type-C\n \nVersi USB\nUSB 2.0\n \nTeknologi Lokasi\nGPS, Glonass, Beidou\n \nEarjack\n3.5mm Stereo\n \nMHL\nTidak\n \nWi-Fi\n802.11 b/g/n 2.4GHz\n \nWi-Fi Direct\nYa\n \nVersi Bluetooth\nBluetooth v5.0 (LE up to 2 Mbps)\n \nNFC\nNo\n \nPC Sync.\nSmart Switch (PC version)\nSistem Operasi\nAndroid\nInformasi Umum\nWarna\nBlack\n \nForm Factor\nTouch Bar\nSensors\nAccelerometer, Fingerprint Sensor, Gyro Sensor, Geomagnetic Sensor, Hall Sensor, Proximity Sensor\nSpesifikasi Fisik\nDimension (HxWxD, mm)\n158.4 x 74.7 x 7.8\n \nWeight (g)\n169\nBaterai\nInternet Usage Time(3G) (Hours)\nUp to 12\n \nInternet Usage Time(LTE) (Hours)\nUp to 13\n \nInternet Usage Time(Wi-Fi) (Hours)\nUp to 13\n \nVideo Playback Time (Hours)\nUp to 21\n \nBattery Capacity (mAh, Typical)\n4000\n \nAudio Playback Time (Hours)\nUp to 82\n \nTalk Time (3G WCDMA) (Hours)\nUp to 26\nAudio dan Video\nStereo Support\nNo\n \nVideo Playing Format\nMP4, M4V, 3GP, 3G2, WMV, ASF, AVI, FLV, MKV, WEBM\n \nVideo Playing Resolution\nFHD (1920 x 1080) @60fps\n \nAudio Playing Format\nMP3, M4A, 3GA, AAC, OGG, OGA, WAV, WMA, AMR, AWB, FLAC, MID, MIDI, XMF, MXMF, IMY, RTTTL, RTX, OTA\nAplikasi dan Layanan\nGear Support\nGalaxy Watch, Gear Circle (Manager Support), Gear Fit, Gear Fit2, Gear Fit2 Pro, Gear Sport, Gear1, Gear2, Gear2 Neo, Gear S, Gear S2, Gear S3, Gear IconX, Gear IconX (2018)\n \nSamsung DeX Support\nNo\n \nMobile TV\nTidak', 1850000, 1, 0, 'Black, Deep Blue, Red', 1),
(47, '2021-03-23 05:50:48', '2021-03-23 05:50:48', 'HP0020', 'Galaxy A20s', 8, 6, '20210323125048-Galaxy_A20s.png', NULL, NULL, NULL, NULL, 'Prosesor\nCPU Speed\n1.8GHz\n \nCPU Type\nOcta-Core\nDisplay\nSize (Main_Display)\n164.9mm (6.5\" full rectangle) / 161.6mm (6.4\" rounded corners)\n \nResolusi (Main Display)\n720 x 1560 (HD+)\n \nTeknologi (Main Display)\nTFT\n \nKedalaman Warna (Main Display)\n16M\nKamera\nRear Camera - Resolution (Multiple)\n13.0 MP + 8.0 MP + 5.0 MP\n \nRear Camera - F Number (Multiple)\nF1.8 , F2.2 , F2.2\n \nMain Camera - Auto Focus\nYes\n \nRear Camera - OIS\nNo\n \nRear Camera Zoom\nDigital Zoom up to 4x\n \nFront Camera - Resolution\n8.0 MP\n \nFront Camera - F Number\nF2.0\n \nFront Camera - Auto Focus\nNo\n \nFront Camera - OIS\nNo\n \nMain Camera - Flash\nYes\n \nFront Camera - Flash\nNo\n \nResolusi Rekaman Video\nFHD (1920 x 1080) @30fps\nMemori\nRAM Size (GB)\n3\n \nROM Size (GB)\n32\n \nAvailable Memory (GB)*\n21.1\n \nDukungan Memori Eksternal\nMicroSD (Up to 512GB)\nJaringan\nJUMLAH SIM\nDual-SIM\n \nSIM size\nNano-SIM (4FF)\n \nSIM Slot Type\nSIM + SIM 2 + MicroSD\n \nInfra\n2G GSM, 3G WCDMA, 4G LTE FDD, 4G LTE TDD\n \n2G GSM\nGSM850, GSM900, DCS1800, PCS1900\n \n3G UMTS\nB1(2100), B2(1900), B5(850), B8(900)\n \n4G FDD LTE\nB1(2100), B2(1900), B3(1800), B5(850), B7(2600), B8(900), B20(800), B28(700)\n \n4G TDD LTE\nB34(2010), B38(2600), B39(1900), B40(2300), B41(2500)\nKonektivitas\nANT+\nTidak\n \nUSB Interface\nUSB Type-C\n \nVersi USB\nUSB 2.0\n \nTeknologi Lokasi\nGPS, Glonass, Beidou, Galileo\n \nEarjack\n3.5mm Stereo\n \nMHL\nTidak\n \nWi-Fi\n802.11 b/g/n 2.4GHz\n \nWi-Fi Direct\nYa\n \nVersi Bluetooth\nBluetooth v4.2\n \nNFC\nNo\n \nPC Sync.\nSmart Switch (PC version)\nSistem Operasi\nAndroid\nInformasi Umum\nWarna\nBlack\n \nForm Factor\nTouch Bar\nSensors\nAccelerometer, Fingerprint Sensor, Gyro Sensor, Geomagnetic Sensor, Light Sensor, Proximity Sensor\nSpesifikasi Fisik\nDimension (HxWxD, mm)\n163.3 x 77.5 x 8.0\n \nWeight (g)\n183\nBaterai\nBattery Capacity (mAh, Typical)\n4000\nAudio dan Video\nStereo Support\nNo\n \nVideo Playing Format\nMP4, M4V, 3GP, 3G2, WMV, ASF, AVI, FLV, MKV, WEBM\n \nVideo Playing Resolution\nFHD (1920 x 1080) @60fps\n \nAudio Playing Format\nMP3, M4A, 3GA, AAC, OGG, OGA, WAV, WMA, AMR, AWB, FLAC, MID, MIDI, XMF, MXMF, IMY, RTTTL, RTX, OTA\nAplikasi dan Layanan\nGear Support\nGalaxy Buds, Galaxy Fit, Galaxy Fit e, Galaxy Watch, Galaxy Watch Active, Galaxy Watch Active2, Gear Circle (Manager Support), Gear Fit2, Gear Fit2 Pro, Gear Sport, Gear S2, Gear S3, Gear IconX, Gear IconX (2018)\n \nSamsung DeX Support\nNo\n \nMobile TV\nTidak', 1799000, 1, 0, 'Black, Blue, Red', 1),
(48, '2021-03-23 05:54:27', '2021-03-23 05:54:27', 'HP0021', 'Galaxy A21s', 8, 6, '20210323125427-Galaxy_A21s.png', NULL, NULL, NULL, NULL, 'Prosesor\nCPU Speed\n2GHz\n \nCPU Type\nOcta-Core\nDisplay\nSize (Main_Display)\n166.3mm (6.5\" full rectangle) / 164.0mm (6.5\" rounded corners)\n \nResolusi (Main Display)\n720 x 1600 (HD+)\n \nTeknologi (Main Display)\nPLS TFT LCD\n \nKedalaman Warna (Main Display)\n16M\nKamera\nRear Camera - Resolution (Multiple)\n48.0 MP + 8.0 MP + 2.0 MP + 2.0 MP\n \nRear Camera - F Number (Multiple)\nF2.0 , F2.2 , F2.4 , F2.4\n \nMain Camera - Auto Focus\nYes\n \nRear Camera - OIS\nNo\n \nRear Camera Zoom\nDigital Zoom up to 8x\n \nFront Camera - Resolution\n13.0 MP\n \nFront Camera - F Number\nF2.2\n \nFront Camera - Auto Focus\nNo\n \nFront Camera - OIS\nNo\n \nMain Camera - Flash\nYes\n \nFront Camera - Flash\nNo\n \nResolusi Rekaman Video\nFHD (1920 x 1080) @30fps\nMemori\nRAM Size (GB)\n6\n \nROM Size (GB)\n64\n \nAvailable Memory (GB)*\n48.4\n \nDukungan Memori Eksternal\nMicroSD (Up to 512GB)\nJaringan\nJUMLAH SIM\nDual-SIM\n \nSIM size\nNano-SIM (4FF)\n \nSIM Slot Type\nSIM + SIM 2 + MicroSD\n \nInfra\n2G GSM, 3G WCDMA, 4G LTE FDD, 4G LTE TDD\n \n2G GSM\nGSM850, GSM900, DCS1800, PCS1900\n \n3G UMTS\nB1(2100), B2(1900), B5(850), B8(900)\n \n4G FDD LTE\nB1(2100), B2(1900), B3(1800), B5(850), B7(2600), B8(900), B20(800), B28(700)\n \n4G TDD LTE\nB38(2600), B40(2300), B41(2500)\nKonektivitas\nANT+\nTidak\n \nUSB Interface\nUSB Type-C\n \nVersi USB\nUSB 2.0\n \nTeknologi Lokasi\nGPS, Glonass, Beidou, Galileo\n \nEarjack\n3.5mm Stereo\n \nMHL\nTidak\n \nWi-Fi\n802.11 a/b/g/n/ac 2.4+5GHz\n \nWi-Fi Direct\nYa\n \nVersi Bluetooth\nBluetooth v5.0 (LE up to 2 Mbps)\n \nNFC\nNo\n \nPC Sync.\nSmart Switch (PC version)\nSistem Operasi\nAndroid\nInformasi Umum\nWarna\nBlue\n \nForm Factor\nTouch Bar\nSensors\nAccelerometer, Fingerprint Sensor, Gyro Sensor, Geomagnetic Sensor, Proximity Sensor, Virtual Light Sensing\nSpesifikasi Fisik\nDimension (HxWxD, mm)\n163.7 x 75.3 x 8.9\n \nWeight (g)\n192\nBaterai\nInternet Usage Time(LTE) (Hours)\nUp to 23\n \nInternet Usage Time(Wi-Fi) (Hours)\nUp to 23\n \nVideo Playback Time (Hours)\nUp to 21\n \nBattery Capacity (mAh, Typical)\n5000\n \nAudio Playback Time (Hours)\nUp to 109\n \nTalk Time (4G LTE) (Hours)\nUp to 54\nAudio dan Video\nStereo Support\nNo\n \nVideo Playing Format\nMP4, M4V, 3GP, 3G2, WMV, ASF, AVI, FLV, MKV, WEBM\n \nVideo Playing Resolution\nFHD (1920 x 1080) @60fps\n \nAudio Playing Format\nMP3, M4A, 3GA, AAC, OGG, OGA, WAV, WMA, AMR, AWB, FLAC, MID, MIDI, XMF, MXMF, IMY, RTTTL, RTX, OTA\nAplikasi dan Layanan\nGear Support\nGalaxy Buds, Galaxy Fit, Galaxy Watch, Galaxy Watch Active, Galaxy Watch Active2, Gear Fit, Gear Fit2, Gear Fit2 Pro, Gear Sport, Gear1, Gear2, Gear2 Neo, Gear S, Gear S2, Gear S3, Gear IconX, Gear IconX (2018)\n \nSamsung DeX Support\nNo\n \nMobile TV\nTidak', 1975000, 1, 0, 'Black, White, Blue', 1),
(49, '2021-03-23 05:57:38', '2021-03-23 05:57:38', 'HP0022', 'Galaxy A30', 8, 6, '20210323125738-Galaxy_A30.png', NULL, NULL, NULL, NULL, 'Prosesor\nCPU Speed\n1.8GHz, 1.6GHz\n \nCPU Type\nOcta-Core\nDisplay\nSize (Main_Display)\n162.1mm (6.4\" full rectangle) / 157.6mm (6.2\" rounded corners)\n \nResolusi (Main Display)\n2340 x 1080 (FHD+)\n \nTeknologi (Main Display)\nSuper AMOLED\n \nKedalaman Warna (Main Display)\n16M\nKamera\nRear Camera - Resolution (Multiple)\n16.0 MP + 5.0 MP\n \nRear Camera - F Number (Multiple)\nF1.7 , F2.2\n \nMain Camera - Auto Focus\nYes\n \nRear Camera - OIS\nNo\n \nFront Camera - Resolution\n16.0 MP\n \nFront Camera - F Number\nF2.0\n \nFront Camera - Auto Focus\nNo\n \nFront Camera - OIS\nNo\n \nMain Camera - Flash\nYes\n \nFront Camera - Flash\nNo\n \nResolusi Rekaman Video\nFHD (1920 x 1080) @30fps\nMemori\nRAM Size (GB)\n4\n \nROM Size (GB)\n64\n \nAvailable Memory (GB)*\n49.6\n \nDukungan Memori Eksternal\nMicroSD (Up to 512GB)\nJaringan\nJUMLAH SIM\nDual-SIM\n \nSIM size\nNano-SIM (4FF)\n \nSIM Slot Type\nSIM + SIM 2 + MicroSD\n \nInfra\n2G GSM, 3G WCDMA, 4G LTE FDD, 4G LTE TDD\n \n2G GSM\nGSM850, GSM900, DCS1800, PCS1900\n \n3G UMTS\nB1(2100), B2(1900), B5(850), B8(900)\n \n4G FDD LTE\nB1(2100), B3(1800), B5(850), B7(2600), B8(900), B20(800)\n \n4G TDD LTE\nB38(2600), B40(2300), B41(2500)\nKonektivitas\nANT+\nTidak\n \nUSB Interface\nUSB Type-C\n \nVersi USB\nUSB 2.0\n \nTeknologi Lokasi\nGPS, Glonass, Beidou, Galileo\n \nEarjack\n3.5mm Stereo\n \nMHL\nTidak\n \nWi-Fi\n802.11 a/b/g/n/ac 2.4G+5GHz, VHT80\n \nWi-Fi Direct\nYa\n \nVersi Bluetooth\nBluetooth v5.0 (LE up to 2 Mbps)\n \nNFC\nNo\n \nPC Sync.\nSmart Switch (PC version)\nSistem Operasi\nAndroid\nInformasi Umum\nWarna\nBlue\n \nForm Factor\nTouch Bar\nSensors\nAccelerometer, Fingerprint Sensor, Gyro Sensor, Geomagnetic Sensor, Hall Sensor, Light Sensor, Proximity Sensor\nSpesifikasi Fisik\nDimension (HxWxD, mm)\n158.5 x 74.7 x 7.7\n \nWeight (g)\n165\nBaterai\nInternet Usage Time(3G) (Hours)\nUp to 12\n \nInternet Usage Time(LTE) (Hours)\nUp to 14\n \nInternet Usage Time(Wi-Fi) (Hours)\nUp to 15\n \nVideo Playback Time (Hours)\nUp to 18\n \nBattery Capacity (mAh, Typical)\n4000\n \nAudio Playback Time (Hours)\nUp to 77\n \nTalk Time (3G WCDMA) (Hours)\nUp to 23\nAudio dan Video\nVideo Playing Format\nMP4, M4V, 3GP, 3G2, WMV, ASF, AVI, FLV, MKV, WEBM\n \nVideo Playing Resolution\nUHD 4K (3840 x 2160) @30fps\n \nAudio Playing Format\nMP3, M4A, 3GA, AAC, OGG, OGA, WAV, WMA, AMR, AWB, FLAC, MID, MIDI, XMF, MXMF, IMY, RTTTL, RTX, OTA\nAplikasi dan Layanan\nGear Support\nGalaxy Buds, Galaxy Watch, Galaxy Watch Active, Gear Circle (Manager Support), Gear Fit, Gear Fit2, Gear Fit2 Pro, Gear Sport, Gear1, Gear2, Gear2 Neo, Gear S, Gear S2, Gear S3, Gear IconX, Gear IconX (2018)\n \nS-Voice\nTidak\n \nMobile TV\nTidak', 1700000, 1, 0, 'Black, Blue, Red', 1);
INSERT INTO `master_produk` (`id`, `created_at`, `updated_at`, `product_code`, `product_name`, `brand_code`, `category_code`, `image1`, `image2`, `image3`, `image4`, `image5`, `desc`, `price`, `stock`, `isdelete`, `variasi`, `status`) VALUES
(50, '2021-03-23 06:41:04', '2021-03-23 06:41:04', 'HP0023', 'Galaxy A30s', 8, 6, '20210323134104-Galaxy_A30s.png', NULL, NULL, NULL, NULL, 'Prosesor\nCPU Speed\n1.8GHz, 1.6GHz\n \nCPU Type\nOcta-Core\nDisplay\nSize (Main_Display)\n162.0mm (6.4\" full rectangle) / 157.9mm (6.2\" rounded corners)\n \nResolusi (Main Display)\n720 x 1560 (HD+)\n \nTeknologi (Main Display)\nSuper AMOLED\n \nKedalaman Warna (Main Display)\n16M\nKamera\nRear Camera - Resolution (Multiple)\n25.0 MP + 5.0 MP + 8.0 MP\n \nRear Camera - F Number (Multiple)\nF1.7 , F2.2 , F2.2\n \nMain Camera - Auto Focus\nYes\n \nRear Camera - OIS\nNo\n \nRear Camera Zoom\nDigital Zoom up to 4x\n \nFront Camera - Resolution\n16.0 MP\n \nFront Camera - F Number\nF2.0\n \nFront Camera - Auto Focus\nNo\n \nFront Camera - OIS\nNo\n \nMain Camera - Flash\nYes\n \nFront Camera - Flash\nNo\n \nResolusi Rekaman Video\nFHD (1920 x 1080) @30fps\n \nSlow Motion\n120fps @HD\nMemori\nRAM Size (GB)\n4\n \nROM Size (GB)\n64\n \nAvailable Memory (GB)*\n50.0\n \nDukungan Memori Eksternal\nMicroSD (Up to 512GB)\nJaringan\nJUMLAH SIM\nDual-SIM\n \nSIM size\nNano-SIM (4FF)\n \nSIM Slot Type\nSIM + SIM 2 + MicroSD\n \nInfra\n2G GSM, 3G WCDMA, 4G LTE FDD, 4G LTE TDD\n \n2G GSM\nGSM850, GSM900, DCS1800, PCS1900\n \n3G UMTS\nB1(2100), B2(1900), B4(AWS), B5(850), B8(900)\n \n4G FDD LTE\nB1(2100), B2(1900), B3(1800), B4(AWS), B5(850), B7(2600), B8(900), B12(700), B13(700), B17(700), B20(800), B28(700), B66(AWS-3)\n \n4G TDD LTE\nB38(2600), B40(2300), B41(2500)\nKonektivitas\nANT+\nTidak\n \nUSB Interface\nUSB Type-C\n \nVersi USB\nUSB 2.0\n \nTeknologi Lokasi\nGPS, Glonass, Beidou, Galileo\n \nEarjack\n3.5mm Stereo\n \nMHL\nTidak\n \nWi-Fi\n802.11 a/b/g/n/ac 2.4G+5GHz, VHT80\n \nWi-Fi Direct\nYa\n \nVersi Bluetooth\nBluetooth v5.0 (LE up to 2 Mbps)\n \nNFC\nYes\n \nPC Sync.\nSmart Switch (PC version)\nSistem Operasi\nAndroid\nInformasi Umum\nWarna\nPrism crush green\n \nForm Factor\nTouch Bar\nSensors\nAccelerometer, Fingerprint Sensor, Gyro Sensor, Geomagnetic Sensor, Hall Sensor, Light Sensor, Proximity Sensor\nSpesifikasi Fisik\nDimension (HxWxD, mm)\n158.5 x 74.7 x 7.8\n \nWeight (g)\n169\nBaterai\nInternet Usage Time(LTE) (Hours)\nUp to 13\n \nInternet Usage Time(Wi-Fi) (Hours)\nUp to 13\n \nVideo Playback Time (Hours)\nUp to 21\n \nBattery Capacity (mAh, Typical)\n4000\n \nAudio Playback Time (Hours)\nUp to 77\n \nTalk Time (4G LTE) (Hours)\nUp to 32\nAudio dan Video\nStereo Support\nNo\n \nVideo Playing Format\nMP4, M4V, 3GP, 3G2, WMV, ASF, AVI, FLV, MKV, WEBM\n \nVideo Playing Resolution\nUHD 4K (3840 x 2160) @30fps\n \nAudio Playing Format\nMP3, M4A, 3GA, AAC, OGG, OGA, WAV, WMA, AMR, AWB, FLAC, MID, MIDI, XMF, MXMF, IMY, RTTTL, RTX, OTA\nAplikasi dan Layanan\nGear Support\nGalaxy Buds, Galaxy Watch, Galaxy Watch Active, Gear Circle (Manager Support), Gear Fit, Gear Fit2, Gear Fit2 Pro, Gear Sport, Gear1, Gear2, Gear2 Neo, Gear S, Gear S2, Gear S3, Gear IconX, Gear IconX (2018)\n \nSamsung DeX Support\nNo\n \nMobile TV\nTidak', 2200000, 1, 0, 'Prism Crush Black, Prism Crush White, Prism Crush Green', 1),
(51, '2021-03-23 06:42:49', '2021-06-05 07:07:44', 'HP0024', 'Galaxy A31', 8, 6, '20210323134249-Galaxy_A31.png', NULL, NULL, NULL, NULL, 'Prosesor\nCPU Speed\n2GHz, 1.7GHz\n \nCPU Type\nOcta-Core\nDisplay\nSize (Main_Display)\n162.1mm (6.4\" full rectangle) / 158.7mm (6.2\" rounded corners)\n \nResolusi (Main Display)\n1080 x 2400 (FHD+)\n \nTeknologi (Main Display)\nSuper AMOLED\n \nKedalaman Warna (Main Display)\n16M\nKamera\nRear Camera - Resolution (Multiple)\n48.0 MP + 5.0 MP + 8.0 MP + 5.0 MP\n \nRear Camera - F Number (Multiple)\nF2.0 , F2.4 , F2.2 , F2.4\n \nMain Camera - Auto Focus\nYes\n \nRear Camera - OIS\nNo\n \nRear Camera Zoom\nDigital Zoom up to 8x\n \nFront Camera - Resolution\n20.0 MP\n \nFront Camera - F Number\nF2.2\n \nFront Camera - Auto Focus\nNo\n \nFront Camera - OIS\nNo\n \nMain Camera - Flash\nYes\n \nFront Camera - Flash\nNo\n \nResolusi Rekaman Video\nFHD (1920 x 1080) @30fps\nMemori\nRAM Size (GB)\n6\n \nROM Size (GB)\n128\n \nAvailable Memory (GB)*\n104.6\n \nDukungan Memori Eksternal\nMicroSD (Up to 512GB)\nJaringan\nJUMLAH SIM\nDual-SIM\n \nSIM size\nNano-SIM (4FF)\n \nSIM Slot Type\nSIM + SIM 2 + MicroSD\n \nInfra\n2G GSM, 3G WCDMA, 4G LTE FDD, 4G LTE TDD\n \n2G GSM\nGSM850, GSM900, DCS1800, PCS1900\n \n3G UMTS\nB1(2100), B2(1900), B4(AWS), B5(850), B8(900)\n \n4G FDD LTE\nB1(2100), B2(1900), B3(1800), B4(AWS), B5(850), B7(2600), B8(900), B12(700), B13(700), B17(700), B20(800), B28(700), B66(AWS-3)\n \n4G TDD LTE\nB38(2600), B40(2300), B41(2500)\nKonektivitas\nANT+\nTidak\n \nUSB Interface\nUSB Type-C\n \nVersi USB\nUSB 2.0\n \nTeknologi Lokasi\nGPS, Glonass, Beidou, Galileo\n \nEarjack\n3.5mm Stereo\n \nMHL\nTidak\n \nWi-Fi\n802.11 a/b/g/n/ac 2.4+5GHz\n \nWi-Fi Direct\nYa\n \nVersi Bluetooth\nBluetooth v5.0\n \nNFC\nYes\n \nPC Sync.\nSmart Switch (PC version)\nSistem Operasi\nAndroid\nInformasi Umum\nWarna\nPrism Crush Blue\n \nForm Factor\nTouch Bar\nSensors\nAccelerometer, Fingerprint Sensor, Gyro Sensor, Geomagnetic Sensor, Light Sensor, Virtual Proximity Sensing\nSpesifikasi Fisik\nDimension (HxWxD, mm)\n159.3 x 73.1 x 8.6\n \nWeight (g)\n185\nBaterai\nInternet Usage Time(LTE) (Hours)\nUp to 20\n \nInternet Usage Time(Wi-Fi) (Hours)\nUp to 20\n \nVideo Playback Time (Hours)\nUp to 22\n \nBattery Capacity (mAh, Typical)\n5000\n \nAudio Playback Time (Hours)\nUp to 97\n \nTalk Time (4G LTE) (Hours)\nUp to 33\nAudio dan Video\nStereo Support\nNo\n \nVideo Playing Format\nMP4, M4V, 3GP, 3G2, WMV, ASF, AVI, FLV, MKV, WEBM\n \nVideo Playing Resolution\nFHD (1920 x 1080) @60fps\n \nAudio Playing Format\nMP3, M4A, 3GA, AAC, OGG, OGA, WAV, WMA, AMR, AWB, FLAC, MID, MIDI, XMF, MXMF, IMY, RTTTL, RTX, OTA\nAplikasi dan Layanan\nGear Support\nGalaxy Buds+, Galaxy Buds, Galaxy Fit, Galaxy Fit e, Galaxy Watch, Galaxy Watch Active, Galaxy Watch Active2, Gear Fit, Gear Fit2, Gear Fit2 Pro, Gear Sport, Gear1, Gear2, Gear2 Neo, Gear S, Gear S2, Gear S3, Gear IconX, Gear IconX (2018)\n \nSamsung DeX Support\nNo\n \nMobile TV\nTidak', 3499000, 5, 0, 'Prism Crush Black, Prism Crush Blue, Prism Crush Red', 1),
(52, '2021-03-23 06:46:10', '2021-03-23 06:46:10', 'HP0025', 'Galaxy A50', 8, 6, '20210323134610-Galaxy_A50.png', NULL, NULL, NULL, NULL, 'Prosesor\nCPU Speed\n2.3GHz, 1.7GHz\n \nCPU Type\nOcta-Core\nDisplay\nSize (Main_Display)\n162.1mm (6.4\" full rectangle) / 157.6mm (6.2\" rounded corners)\n \nResolusi (Main Display)\n2340 x 1080 (FHD+)\n \nTeknologi (Main Display)\nSuper AMOLED\n \nKedalaman Warna (Main Display)\n16M\nKamera\nRear Camera - Resolution (Multiple)\n25.0 MP + 5.0 MP + 8.0 MP\n \nRear Camera - F Number (Multiple)\nF1.7 , F2.2 , F2.2\n \nMain Camera - Auto Focus\nYes\n \nRear Camera - OIS\nNo\n \nFront Camera - Resolution\n25.0 MP\n \nFront Camera - F Number\nF2.0\n \nFront Camera - Auto Focus\nNo\n \nFront Camera - OIS\nNo\n \nMain Camera - Flash\nYes\n \nFront Camera - Flash\nNo\n \nResolusi Rekaman Video\nFHD (1920 x 1080) @30fps\nMemori\nRAM Size (GB)\n4\n \nROM Size (GB)\n64\n \nAvailable Memory (GB)*\n49.0\n \nDukungan Memori Eksternal\nMicroSD (Up to 512GB)\nJaringan\nJUMLAH SIM\nDual-SIM\n \nSIM size\nNano-SIM (4FF)\n \nSIM Slot Type\nSIM + SIM 2 + MicroSD\n \nInfra\n2G GSM, 3G WCDMA, 4G LTE FDD, 4G LTE TDD\n \n2G GSM\nGSM850, GSM900, DCS1800, PCS1900\n \n3G UMTS\nB1(2100), B2(1900), B5(850), B8(900)\n \n4G FDD LTE\nB1(2100), B3(1800), B5(850), B7(2600), B8(900), B20(800)\n \n4G TDD LTE\nB38(2600), B40(2300), B41(2500)\nKonektivitas\nANT+\nYa\n \nUSB Interface\nUSB Type-C\n \nVersi USB\nUSB 2.0\n \nTeknologi Lokasi\nGPS, Glonass, Beidou, Galileo\n \nEarjack\n3.5mm Stereo\n \nMHL\nTidak\n \nWi-Fi\n802.11 a/b/g/n/ac 2.4G+5GHz, VHT80\n \nWi-Fi Direct\nYa\n \nVersi Bluetooth\nBluetooth v5.0 (LE up to 2 Mbps)\n \nNFC\nNo\n \nPC Sync.\nSmart Switch (PC version)\nSistem Operasi\nAndroid\nInformasi Umum\nWarna\nBlue\n \nForm Factor\nTouch Bar\nSensors\nAccelerometer, Fingerprint Sensor, Gyro Sensor, Geomagnetic Sensor, Hall Sensor, Light Sensor, Proximity Sensor\nSpesifikasi Fisik\nDimension (HxWxD, mm)\n158.5 x 74.7 x 7.7\n \nWeight (g)\n166\nBaterai\nInternet Usage Time(3G) (Hours)\nUp to 12\n \nInternet Usage Time(LTE) (Hours)\nUp to 14\n \nInternet Usage Time(Wi-Fi) (Hours)\nUp to 15\n \nVideo Playback Time (Hours)\nUp to 19\n \nBattery Capacity (mAh, Typical)\n4000\n \nAudio Playback Time (Hours)\nUp to 92\n \nTalk Time (3G WCDMA) (Hours)\nUp to 23\nAudio dan Video\nVideo Playing Format\nMP4, M4V, 3GP, 3G2, WMV, ASF, AVI, FLV, MKV, WEBM\n \nVideo Playing Resolution\nUHD 4K (3840 x 2160)@120fps\n \nAudio Playing Format\nMP3, M4A, 3GA, AAC, OGG, OGA, WAV, WMA, AMR, AWB, FLAC, MID, MIDI, XMF, MXMF, IMY, RTTTL, RTX, OTA\nAplikasi dan Layanan\nGear Support\nGalaxy Buds, Galaxy Fit, Galaxy Fit e, Galaxy Watch, Galaxy Watch Active, Gear Circle (Manager Support), Gear Fit, Gear Fit2, Gear Fit2 Pro, Gear Sport, Gear1, Gear2, Gear2 Neo, Gear S, Gear S2, Gear S3, Gear IconX, Gear IconX (2018)\n \nS-Voice\nTidak\n \nMobile TV\nTidak', 2789900, 1, 0, 'Black, White, Blue', 1),
(53, '2021-03-23 06:49:08', '2021-03-23 06:49:08', 'HP0026', 'Galaxy A50s', 8, 6, '20210323134908-Galaxy_A50s.png', NULL, NULL, NULL, NULL, 'Prosesor\nCPU Speed\n2.3GHz, 1.7GHz\n \nCPU Type\nOcta-Core\nDisplay\nSize (Main_Display)\n162.1mm (6.4\" full rectangle) / 157.6mm (6.2\" rounded corners)\n \nResolusi (Main Display)\n2340 x 1080 (FHD+)\n \nTeknologi (Main Display)\nSuper AMOLED\n \nKedalaman Warna (Main Display)\n16M\nKamera\nRear Camera - Resolution (Multiple)\n48.0 MP + 5.0 MP + 8.0 MP\n \nRear Camera - F Number (Multiple)\nF2.0 , F2.2 , F2.2\n \nMain Camera - Auto Focus\nYes\n \nRear Camera - OIS\nNo\n \nRear Camera Zoom\nDigital Zoom up to 4x\n \nFront Camera - Resolution\n32.0 MP\n \nFront Camera - F Number\nF2.0\n \nFront Camera - Auto Focus\nNo\n \nFront Camera - OIS\nNo\n \nMain Camera - Flash\nYes\n \nFront Camera - Flash\nNo\n \nResolusi Rekaman Video\nUHD 4K (3840 x 2160) @30fps\n \nSlow Motion\n240fps @HD\nMemori\nRAM Size (GB)\n4\n \nROM Size (GB)\n64\n \nAvailable Memory (GB)*\n49.4\n \nDukungan Memori Eksternal\nMicroSD (Up to 512GB)\nJaringan\nJUMLAH SIM\nDual-SIM\n \nSIM size\nNano-SIM (4FF)\n \nSIM Slot Type\nSIM + SIM 2 + MicroSD\n \nInfra\n2G GSM, 3G WCDMA, 4G LTE FDD, 4G LTE TDD\n \n2G GSM\nGSM850, GSM900, DCS1800, PCS1900\n \n3G UMTS\nB1(2100), B2(1900), B5(850), B8(900)\n \n4G FDD LTE\nB1(2100), B3(1800), B5(850), B7(2600), B8(900), B20(800), B28(700)\n \n4G TDD LTE\nB38(2600), B40(2300), B41(2500)\nKonektivitas\nANT+\nYa\n \nUSB Interface\nUSB Type-C\n \nVersi USB\nUSB 2.0\n \nTeknologi Lokasi\nGPS, Glonass, Beidou, Galileo\n \nEarjack\n3.5mm Stereo\n \nMHL\nTidak\n \nWi-Fi\n802.11 a/b/g/n/ac 2.4G+5GHz, VHT80\n \nWi-Fi Direct\nYa\n \nVersi Bluetooth\nBluetooth v5.0 (LE up to 2 Mbps)\n \nNFC\nYes\n \nPC Sync.\nSmart Switch (PC version)\nSistem Operasi\nAndroid\nInformasi Umum\nWarna\nPrism crush green\n \nForm Factor\nTouch Bar\nSensors\nAccelerometer, Fingerprint Sensor, Gyro Sensor, Geomagnetic Sensor, Hall Sensor, Light Sensor, Proximity Sensor\nSpesifikasi Fisik\nDimension (HxWxD, mm)\n158.5 x 74.5 x 7.7\n \nWeight (g)\n166\nBaterai\nInternet Usage Time(LTE) (Hours)\nUp to 14\n \nInternet Usage Time(Wi-Fi) (Hours)\nUp to 15\n \nVideo Playback Time (Hours)\nUp to 20\n \nBattery Capacity (mAh, Typical)\n4000\n \nAudio Playback Time (Hours)\nUp to 92\n \nTalk Time (4G LTE) (Hours)\nUp to 32\nAudio dan Video\nStereo Support\nNo\n \nVideo Playing Format\nMP4, M4V, 3GP, 3G2, WMV, ASF, AVI, FLV, MKV, WEBM\n \nVideo Playing Resolution\nUHD 4K (3840 x 2160)@120fps\n \nAudio Playing Format\nMP3, M4A, 3GA, AAC, OGG, OGA, WAV, WMA, AMR, AWB, FLAC, MID, MIDI, XMF, MXMF, IMY, RTTTL, RTX, OTA\nAplikasi dan Layanan\nGear Support\nGalaxy Buds, Galaxy Fit, Galaxy Fit e, Galaxy Watch, Galaxy Watch Active, Gear Circle (Manager Support), Gear Fit, Gear Fit2, Gear Fit2 Pro, Gear Sport, Gear1, Gear2, Gear2 Neo, Gear S, Gear S2, Gear S3, Gear IconX, Gear IconX (2018)\n \nSamsung DeX Support\nNo\n \nMobile TV\nTidak', 2500000, 1, 0, 'Prism Crush Black, Prism Crush White, Prism Crush Green', 1),
(54, '2021-03-23 06:51:56', '2021-03-23 06:51:56', 'HP0027', 'Galaxy A51', 8, 6, '20210323135156-Galaxy_A51.png', NULL, NULL, NULL, NULL, 'Prosesor\nCPU Speed\n2.3GHz, 1.7GHz\n \nCPU Type\nOcta-Core\nDisplay\nSize (Main_Display)\n164.0mm (6.5\" full rectangle) / 160.9mm (6.3\" rounded corners)\n \nResolusi (Main Display)\n1080 x 2400 (FHD+)\n \nTeknologi (Main Display)\nSuper AMOLED\n \nKedalaman Warna (Main Display)\n16M\nKamera\nRear Camera - Resolution (Multiple)\n48.0 MP + 12.0 MP + 5.0 MP + 5.0 MP\n \nRear Camera - F Number (Multiple)\nF2.0 , F2.2 , F2.4 , F2.2\n \nMain Camera - Auto Focus\nYes\n \nRear Camera - OIS\nNo\n \nRear Camera Zoom\nDigital Zoom up to 8x\n \nFront Camera - Resolution\n32.0 MP\n \nFront Camera - F Number\nF2.2\n \nFront Camera - Auto Focus\nNo\n \nFront Camera - OIS\nNo\n \nMain Camera - Flash\nYes\n \nFront Camera - Flash\nNo\n \nResolusi Rekaman Video\nUHD 4K (3840 x 2160) @30fps\n \nSlow Motion\n240fps @HD\nMemori\nRAM Size (GB)\n6\n \nROM Size (GB)\n128\n \nAvailable Memory (GB)*\n107.2\n \nDukungan Memori Eksternal\nMicroSD (Up to 512GB)\nJaringan\nJUMLAH SIM\nDual-SIM\n \nSIM size\nNano-SIM (4FF)\n \nSIM Slot Type\nSIM + SIM 2 + MicroSD\n \nInfra\n2G GSM, 3G WCDMA, 4G LTE FDD, 4G LTE TDD\n \n2G GSM\nGSM850, GSM900, DCS1800, PCS1900\n \n3G UMTS\nB1(2100), B2(1900), B4(AWS), B5(850), B8(900)\n \n4G FDD LTE\nB1(2100), B2(1900), B3(1800), B4(AWS), B5(850), B7(2600), B8(900), B12(700), B13(700), B17(700), B20(800), B26(850), B28(700), B66(AWS-3)\n \n4G TDD LTE\nB38(2600), B40(2300), B41(2500)\nKonektivitas\nANT+\nYa\n \nUSB Interface\nUSB Type-C\n \nVersi USB\nUSB 2.0\n \nTeknologi Lokasi\nGPS, Glonass, Beidou, Galileo\n \nEarjack\n3.5mm Stereo\n \nMHL\nTidak\n \nWi-Fi\n802.11 a/b/g/n/ac 2.4G+5GHz, VHT80\n \nWi-Fi Direct\nYa\n \nVersi Bluetooth\nBluetooth v5.0 (LE up to 2 Mbps)\n \nNFC\nYes\n \nPC Sync.\nSmart Switch (PC version)\nSistem Operasi\nAndroid\nInformasi Umum\nWarna\nPrism Crush Blue\n \nForm Factor\nTouch Bar\nSensors\nAccelerometer, Fingerprint Sensor, Gyro Sensor, Geomagnetic Sensor, Hall Sensor, Light Sensor, Virtual Proximity Sensing\nSpesifikasi Fisik\nDimension (HxWxD, mm)\n158.5 x 73.6 x 7.9\n \nWeight (g)\n172\nBaterai\nInternet Usage Time(LTE) (Hours)\nUp to 15\n \nInternet Usage Time(Wi-Fi) (Hours)\nUp to 16\n \nVideo Playback Time (Hours)\nUp to 20\n \nBattery Capacity (mAh, Typical)\n4000\n \nAudio Playback Time (Hours)\nUp to 87\n \nTalk Time (4G LTE) (Hours)\nUp to 32\nAudio dan Video\nStereo Support\nNo\n \nVideo Playing Format\nMP4, M4V, 3GP, 3G2, WMV, ASF, AVI, FLV, MKV, WEBM\n \nVideo Playing Resolution\nUHD 4K (3840 x 2160)@120fps\n \nAudio Playing Format\nMP3, M4A, 3GA, AAC, OGG, OGA, WAV, WMA, AMR, AWB, FLAC, MID, MIDI, XMF, MXMF, IMY, RTTTL, RTX, OTA\nAplikasi dan Layanan\nGear Support\nGalaxy Buds, Galaxy Fit, Galaxy Fit e, Galaxy Watch, Galaxy Watch Active, Gear Circle (Manager Support), Gear Fit, Gear Fit2, Gear Fit2 Pro, Gear Sport, Gear1, Gear2, Gear2 Neo, Gear S, Gear S2, Gear S3, Gear IconX, Gear IconX (2018)\n \nSamsung DeX Support\nNo\n \nMobile TV\nTidak', 3450000, 1, 0, 'Prism Crush Black, Prism Crush White, Prism Crush Blue', 1),
(55, '2021-03-23 06:54:43', '2021-03-23 06:54:43', 'HP0028', 'Galaxy A70', 8, 6, '20210323135443-Galaxy_A70.png', NULL, NULL, NULL, NULL, 'Prosesor\nCPU Speed\n2GHz, 1.7GHz\n \nCPU Type\nOcta-Core\nDisplay\nSize (Main_Display)\n170.3mm (6.7\" full rectangle) / 166.0mm (6.5\" rounded corners)\n \nResolusi (Main Display)\n1080 x 2400 (FHD+)\n \nTeknologi (Main Display)\nSuper AMOLED\n \nKedalaman Warna (Main Display)\n16M\nKamera\nRear Camera - Resolution (Multiple)\n32.0 MP + 5.0 MP + 8.0 MP\n \nRear Camera - F Number (Multiple)\nF1.7 , F2.2 , F2.2\n \nMain Camera - Auto Focus\nYes\n \nRear Camera - OIS\nNo\n \nRear Camera Zoom\nDigital Zoom up to 8x\n \nFront Camera - Resolution\n32.0 MP\n \nFront Camera - F Number\nF2.0\n \nFront Camera - Auto Focus\nNo\n \nFront Camera - OIS\nNo\n \nMain Camera - Flash\nYes\n \nFront Camera - Flash\nNo\n \nResolusi Rekaman Video\nUHD 4K (3840 x 2160) @30fps\n \nSlow Motion\n240fps @HD\nMemori\nRAM Size (GB)\n8\n \nROM Size (GB)\n128\n \nAvailable Memory (GB)*\n108.5\n \nDukungan Memori Eksternal\nMicroSD (Up to 512GB)\nJaringan\nJUMLAH SIM\nDual-SIM\n \nSIM size\nNano-SIM (4FF)\n \nSIM Slot Type\nSIM + SIM 2 + MicroSD\n \nInfra\n2G GSM, 3G WCDMA, 4G LTE FDD, 4G LTE TDD\n \n2G GSM\nGSM850, GSM900, DCS1800, PCS1900\n \n3G UMTS\nB1(2100), B2(1900), B5(850), B8(900)\n \n4G FDD LTE\nB1(2100), B3(1800), B5(850), B7(2600), B8(900), B20(800)\n \n4G TDD LTE\nB38(2600), B40(2300), B41(2500)\nKonektivitas\nANT+\nYa\n \nUSB Interface\nUSB Type-C\n \nVersi USB\nUSB 2.0\n \nTeknologi Lokasi\nGPS, Glonass, Beidou, Galileo\n \nEarjack\n3.5mm Stereo\n \nMHL\nTidak\n \nWi-Fi\n802.11 a/b/g/n/ac 2.4G+5GHz, VHT80\n \nWi-Fi Direct\nYa\n \nVersi Bluetooth\nBluetooth v5.0 (LE up to 2 Mbps)\n \nNFC\nNo\n \nPC Sync.\nSmart Switch (PC version)\nSistem Operasi\nAndroid\nInformasi Umum\nWarna\nBlue\n \nForm Factor\nTouch Bar\nSensors\nAccelerometer, Fingerprint Sensor, Gyro Sensor, Geomagnetic Sensor, Hall Sensor, RGB Light Sensor, Proximity Sensor\nSpesifikasi Fisik\nDimension (HxWxD, mm)\n164.3 x 76.7 x 7.9\n \nWeight (g)\n183\nBaterai\nInternet Usage Time(3G) (Hours)\nUp to 14\n \nInternet Usage Time(LTE) (Hours)\nUp to 16\n \nInternet Usage Time(Wi-Fi) (Hours)\nUp to 16\n \nVideo Playback Time (Hours)\nUp to 24\n \nBattery Capacity (mAh, Typical)\n4500\n \nAudio Playback Time (Hours)\nUp to 128\n \nTalk Time (3G WCDMA) (Hours)\nUp to 28\nAudio dan Video\nStereo Support\nNo\n \nVideo Playing Format\nMP4, M4V, 3GP, 3G2, WMV, ASF, AVI, FLV, MKV, WEBM\n \nVideo Playing Resolution\nUHD 4K (3840 x 2160) @30fps\n \nAudio Playing Format\nMP3, M4A, 3GA, AAC, OGG, OGA, WAV, WMA, AMR, AWB, FLAC, MID, MIDI, XMF, MXMF, IMY, RTTTL, RTX, OTA\nAplikasi dan Layanan\nGear Support\nGalaxy Buds, Galaxy Watch, Galaxy Watch Active, Gear Circle (Manager Support), Gear Fit, Gear Fit2, Gear Fit2 Pro, Gear Sport, Gear1, Gear2, Gear2 Neo, Gear S, Gear S2, Gear S3, Gear IconX, Gear IconX (2018)\n \nSamsung DeX Support\nNo\n \nMobile TV\nTidak', 3675888, 1, 0, 'Coral, Blue, Black', 1),
(56, '2021-03-23 06:59:45', '2021-03-23 06:59:45', 'HP0029', 'Galaxy A71', 8, 6, '20210323135945-Galaxy_A71.png', NULL, NULL, NULL, NULL, 'Prosesor\nCPU Speed\n2.2GHz, 1.8GHz\n \nCPU Type\nOcta-Core\nDisplay\nSize (Main_Display)\n169.5mm (6.7\" full rectangle) / 167.1mm (6.6\" rounded corners)\n \nResolusi (Main Display)\n1080 x 2400 (FHD+)\n \nTeknologi (Main Display)\nSuper AMOLED Plus\n \nKedalaman Warna (Main Display)\n16M\nKamera\nRear Camera - Resolution (Multiple)\n64.0 MP + 12.0 MP + 5.0 MP + 5.0 MP\n \nRear Camera - F Number (Multiple)\nF1.8 , F2.2 , F2.2 , F2.4\n \nMain Camera - Auto Focus\nYes\n \nRear Camera - OIS\nNo\n \nRear Camera Zoom\nDigital Zoom up to 8x\n \nFront Camera - Resolution\n32.0 MP\n \nFront Camera - F Number\nF2.2\n \nFront Camera - Auto Focus\nNo\n \nFront Camera - OIS\nNo\n \nMain Camera - Flash\nYes\n \nFront Camera - Flash\nNo\n \nResolusi Rekaman Video\nUHD 4K (3840 x 2160) @30fps\n \nSlow Motion\n240fps @HD\nMemori\nRAM Size (GB)\n8\n \nROM Size (GB)\n128\n \nAvailable Memory (GB)*\n106.1\n \nDukungan Memori Eksternal\nMicroSD (Up to 512GB)\nJaringan\nJUMLAH SIM\nDual-SIM\n \nSIM size\nNano-SIM (4FF)\n \nSIM Slot Type\nSIM + SIM 2 + MicroSD\n \nInfra\n2G GSM, 3G WCDMA, 4G LTE FDD, 4G LTE TDD\n \n2G GSM\nGSM850, GSM900, DCS1800, PCS1900\n \n3G UMTS\nB1(2100), B2(1900), B4(AWS), B5(850), B8(900)\n \n4G FDD LTE\nB1(2100), B2(1900), B3(1800), B4(AWS), B5(850), B7(2600), B8(900), B12(700), B13(700), B17(700), B20(800), B28(700), B66(AWS-3)\n \n4G TDD LTE\nB38(2600), B40(2300), B41(2500)\nKonektivitas\nANT+\nYa\n \nUSB Interface\nUSB Type-C\n \nVersi USB\nUSB 2.0\n \nTeknologi Lokasi\nGPS, Glonass, Beidou, Galileo\n \nEarjack\n3.5mm Stereo\n \nMHL\nTidak\n \nWi-Fi\n802.11 a/b/g/n/ac 2.4G+5GHz, VHT80\n \nWi-Fi Direct\nYa\n \nVersi Bluetooth\nBluetooth v5.0 (LE up to 2 Mbps)\n \nNFC\nYes\n \nPC Sync.\nSmart Switch (PC version)\nSistem Operasi\nAndroid\nInformasi Umum\nWarna\nPrism Crush Blue\n \nForm Factor\nTouch Bar\nSensors\nAccelerometer, Fingerprint Sensor, Gyro Sensor, Geomagnetic Sensor, Hall Sensor, RGB Light Sensor, Proximity Sensor\nSpesifikasi Fisik\nDimension (HxWxD, mm)\n163.6 x 76.0 x 7.7\n \nWeight (g)\n179\nBaterai\nInternet Usage Time(LTE) (Hours)\nUp to 16\n \nInternet Usage Time(Wi-Fi) (Hours)\nUp to 16\n \nVideo Playback Time (Hours)\nUp to 24\n \nBattery Capacity (mAh, Typical)\n4500\n \nAudio Playback Time (Hours)\nUp to 107\n \nTalk Time (4G LTE) (Hours)\nUp to 42\nAudio dan Video\nStereo Support\nNo\n \nVideo Playing Format\nMP4, M4V, 3GP, 3G2, WMV, ASF, AVI, FLV, MKV, WEBM\n \nVideo Playing Resolution\nUHD 4K (3840 x 2160) @30fps\n \nAudio Playing Format\nMP3, M4A, 3GA, AAC, OGG, OGA, WAV, WMA, AMR, AWB, FLAC, MID, MIDI, XMF, MXMF, IMY, RTTTL, RTX, OTA\nAplikasi dan Layanan\nGear Support\nGalaxy Buds, Galaxy Watch, Galaxy Watch Active, Gear Circle (Manager Support), Gear Fit, Gear Fit2, Gear Fit2 Pro, Gear Sport, Gear1, Gear2, Gear2 Neo, Gear S, Gear S2, Gear S3, Gear IconX, Gear IconX (2018), Gear 360, Gear 360 (2017)\n \nSamsung DeX Support\nNo\n \nMobile TV\nTidak', 5499000, 1, 0, 'Prism Crush Black, Prism Crush Silver, Prism Crush Blue', 1),
(57, '2021-03-23 07:02:24', '2021-03-23 07:02:24', 'HP0030', 'Galaxy A80', 8, 6, '20210323140224-Galaxy_A80.png', NULL, NULL, NULL, NULL, 'Prosesor\nCPU Speed\n2.2GHz, 1.8GHz\n \nCPU Type\nOcta-Core\nDisplay\nSize (Main_Display)\n170.3mm (6.7\" full rectangle) / 166.0mm (6.5\" rounded corners)\n \nResolusi (Main Display)\n1080 x 2400 (FHD+)\n \nTeknologi (Main Display)\nSuper AMOLED\n \nKedalaman Warna (Main Display)\n16M\nKamera\nRear Camera - Type\nRotating\n \nRear Camera - Resolution (Multiple)\n48.0 MP + 8.0 MP + HQVGA\n \nRear Camera - F Number (Multiple)\nF2.0 , F2.2 , F1.2\n \nMain Camera - Auto Focus\nYes\n \nRear Camera - OIS\nNo\n \nRear Camera Zoom\nDigital Zoom up to 8x\n \nFront Camera - Auto Focus\nNo\n \nFront Camera - OIS\nNo\n \nMain Camera - Flash\nYes\n \nFront Camera - Flash\nNo\n \nResolusi Rekaman Video\nUHD 4K (3840 x 2160) @30fps\n \nSlow Motion\n480fps @HD, 240fps @HD\nMemori\nRAM Size (GB)\n8\n \nROM Size (GB)\n128\n \nAvailable Memory (GB)*\n108.2\nJaringan\nJUMLAH SIM\nDual-SIM\n \nSIM size\nNano-SIM (4FF)\n \nSIM Slot Type\nSIM + SIM 2\n \nInfra\n2G GSM, 3G WCDMA, 4G LTE FDD, 4G LTE TDD\n \n2G GSM\nGSM850, GSM900, DCS1800, PCS1900\n \n3G UMTS\nB1(2100), B2(1900), B4(AWS), B5(850), B8(900)\n \n4G FDD LTE\nB1(2100), B2(1900), B3(1800), B4(AWS), B5(850), B7(2600), B8(900), B12(700), B13(700), B17(700), B20(800), B26(850), B28(700), B66(AWS-3)\n \n4G TDD LTE\nB38(2600), B40(2300), B41(2500)\nKonektivitas\nANT+\nYa\n \nUSB Interface\nUSB Type-C\n \nVersi USB\nUSB 2.0\n \nTeknologi Lokasi\nGPS, Glonass, Beidou, Galileo\n \nEarjack\nUSB Type-C\n \nMHL\nTidak\n \nWi-Fi\n802.11 a/b/g/n/ac 2.4G+5GHz, VHT80 MIMO\n \nWi-Fi Direct\nYa\n \nVersi Bluetooth\nBluetooth v5.0 (LE up to 2 Mbps)\n \nNFC\nYes\n \nPC Sync.\nSmart Switch (PC version)\nSistem Operasi\nAndroid\nInformasi Umum\nWarna\nAngel gold\n \nForm Factor\nTouch Bar\nSensors\nAccelerometer, Fingerprint Sensor, Gyro Sensor, Geomagnetic Sensor, Hall Sensor, RGB Light Sensor, Proximity Sensor\nSpesifikasi Fisik\nDimension (HxWxD, mm)\n165.2 x 76.5 x 9.3\n \nWeight (g)\n220\nBaterai\nInternet Usage Time(LTE) (Hours)\nUp to 13\n \nInternet Usage Time(Wi-Fi) (Hours)\nUp to 13\n \nVideo Playback Time (Hours, Wireless)\nUp to 17\n \nBattery Capacity (mAh, Typical)\n3700\n \nAudio Playback Time (Hours, Wireless)\nUp to 51\n \nTalk Time (4G LTE) (Hours)\nUp to 30\nAudio dan Video\nStereo Support\nNo\n \nVideo Playing Format\nMP4, M4V, 3GP, 3G2, WMV, ASF, AVI, FLV, MKV, WEBM\n \nVideo Playing Resolution\nUHD 4K (3840 x 2160) @30fps\n \nAudio Playing Format\nMP3, M4A, 3GA, AAC, OGG, OGA, WAV, WMA, AMR, AWB, FLAC, MID, MIDI, XMF, MXMF, IMY, RTTTL, RTX, OTA\nAplikasi dan Layanan\nGear Support\nGalaxy Buds, Galaxy Fit, Galaxy Fit e, Galaxy Watch, Galaxy Watch Active, Gear Circle (Manager Support), Gear Fit, Gear Fit2, Gear Fit2 Pro, Gear Sport, Gear1, Gear2, Gear2 Neo, Gear S, Gear S2, Gear S3, Gear IconX, Gear IconX (2018)\n \nSamsung DeX Support\nNo\n \nMobile TV\nTidak', 5000000, 1, 0, 'Angel Gold, Ghost White, Phantom Black', 1),
(58, '2021-03-23 07:09:46', '2021-03-23 07:15:39', 'HP0031', 'Galaxy A80 BlackPink Edition', 8, 6, '20210323140946-Galaxy_A80_BlackPink_Edition.png', NULL, NULL, NULL, NULL, 'Prosesor\nCPU Speed\n2.2GHz, 1.8GHz\n \nCPU Type\nOcta-Core\nDisplay\nSize (Main_Display)\n170.3mm (6.7\" full rectangle) / 166.0mm (6.5\" rounded corners)\n \nResolusi (Main Display)\n1080 x 2400 (FHD+)\n \nTeknologi (Main Display)\nSuper AMOLED\n \nKedalaman Warna (Main Display)\n16M\nKamera\nRear Camera - Type\nRotating\n \nRear Camera - Resolution (Multiple)\n48.0 MP + 8.0 MP + HQVGA\n \nRear Camera - F Number (Multiple)\nF2.0 , F2.2 , F1.2\n \nMain Camera - Auto Focus\nYes\n \nRear Camera - OIS\nNo\n \nRear Camera Zoom\nDigital Zoom up to 8x\n \nFront Camera - Auto Focus\nNo\n \nFront Camera - OIS\nNo\n \nMain Camera - Flash\nYes\n \nFront Camera - Flash\nNo\n \nResolusi Rekaman Video\nUHD 4K (3840 x 2160) @30fps\n \nSlow Motion\n480fps @HD, 240fps @HD\nMemori\nRAM Size (GB)\n8\n \nROM Size (GB)\n128\n \nAvailable Memory (GB)*\n108.2\nJaringan\nJUMLAH SIM\nDual-SIM\n \nSIM size\nNano-SIM (4FF)\n \nSIM Slot Type\nSIM + SIM 2\n \nInfra\n2G GSM, 3G WCDMA, 4G LTE FDD, 4G LTE TDD\n \n2G GSM\nGSM850, GSM900, DCS1800, PCS1900\n \n3G UMTS\nB1(2100), B2(1900), B4(AWS), B5(850), B8(900)\n \n4G FDD LTE\nB1(2100), B2(1900), B3(1800), B4(AWS), B5(850), B7(2600), B8(900), B12(700), B13(700), B17(700), B20(800), B26(850), B28(700), B66(AWS-3)\n \n4G TDD LTE\nB38(2600), B40(2300), B41(2500)\nKonektivitas\nANT+\nYa\n \nUSB Interface\nUSB Type-C\n \nVersi USB\nUSB 2.0\n \nTeknologi Lokasi\nGPS, Glonass, Beidou, Galileo\n \nEarjack\nUSB Type-C\n \nMHL\nTidak\n \nWi-Fi\n802.11 a/b/g/n/ac 2.4G+5GHz, VHT80 MIMO\n \nWi-Fi Direct\nYa\n \nVersi Bluetooth\nBluetooth v5.0 (LE up to 2 Mbps)\n \nNFC\nYes\n \nPC Sync.\nSmart Switch (PC version)\nSistem Operasi\nAndroid\nInformasi Umum\nWarna\nCeramic black\n \nForm Factor\nTouch Bar\nSensors\nAccelerometer, Fingerprint Sensor, Gyro Sensor, Geomagnetic Sensor, Hall Sensor, RGB Light Sensor, Proximity Sensor\nSpesifikasi Fisik\nDimension (HxWxD, mm)\n165.2 x 76.5 x 9.3\n \nWeight (g)\n220\nBaterai\nInternet Usage Time(LTE) (Hours)\nUp to 13\n \nInternet Usage Time(Wi-Fi) (Hours)\nUp to 13\n \nVideo Playback Time (Hours, Wireless)\nUp to 17\n \nBattery Capacity (mAh, Typical)\n3700\n \nAudio Playback Time (Hours, Wireless)\nUp to 51\n \nTalk Time (4G LTE) (Hours)\nUp to 30\nAudio dan Video\nStereo Support\nNo\n \nVideo Playing Format\nMP4, M4V, 3GP, 3G2, WMV, ASF, AVI, FLV, MKV, WEBM\n \nVideo Playing Resolution\nUHD 4K (3840 x 2160) @30fps\n \nAudio Playing Format\nMP3, M4A, 3GA, AAC, OGG, OGA, WAV, WMA, AMR, AWB, FLAC, MID, MIDI, XMF, MXMF, IMY, RTTTL, RTX, OTA\nAplikasi dan Layanan\nGear Support\nGalaxy Buds, Galaxy Fit, Galaxy Fit e, Galaxy Watch, Galaxy Watch Active, Gear Circle (Manager Support), Gear Fit, Gear Fit2, Gear Fit2 Pro, Gear Sport, Gear1, Gear2, Gear2 Neo, Gear S, Gear S2, Gear S3, Gear IconX, Gear IconX (2018)\n \nSamsung DeX Support\nNo\n \nMobile TV\nTidak', 10000000, 1, 0, 'Ceramic Black', 1),
(59, '2021-03-23 07:15:33', '2021-03-23 07:15:33', 'HP0032', 'Galaxy A80, watch time, and black pink edition', 8, 6, '20210323141533-Galaxy_A80,_watch_time,_and_black_pink_edition.png', NULL, NULL, NULL, NULL, 'Prosesor\nCPU Speed\n2.2GHz, 1.8GHz\n \nCPU Type\nOcta-Core\nDisplay\nSize (Main_Display)\n170.3mm (6.7\" full rectangle) / 166.0mm (6.5\" rounded corners)\n \nResolusi (Main Display)\n1080 x 2400 (FHD+)\n \nTeknologi (Main Display)\nSuper AMOLED\n \nKedalaman Warna (Main Display)\n16M\nKamera\nRear Camera - Type\nRotating\n \nRear Camera - Resolution (Multiple)\n48.0 MP + 8.0 MP + HQVGA\n \nRear Camera - F Number (Multiple)\nF2.0 , F2.2 , F1.2\n \nMain Camera - Auto Focus\nYes\n \nRear Camera - OIS\nNo\n \nRear Camera Zoom\nDigital Zoom up to 8x\n \nFront Camera - Auto Focus\nNo\n \nFront Camera - OIS\nNo\n \nMain Camera - Flash\nYes\n \nFront Camera - Flash\nNo\n \nResolusi Rekaman Video\nUHD 4K (3840 x 2160) @30fps\n \nSlow Motion\n480fps @HD, 240fps @HD\nMemori\nRAM Size (GB)\n8\n \nROM Size (GB)\n128\n \nAvailable Memory (GB)*\n108.2\nJaringan\nJUMLAH SIM\nDual-SIM\n \nSIM size\nNano-SIM (4FF)\n \nSIM Slot Type\nSIM + SIM 2\n \nInfra\n2G GSM, 3G WCDMA, 4G LTE FDD, 4G LTE TDD\n \n2G GSM\nGSM850, GSM900, DCS1800, PCS1900\n \n3G UMTS\nB1(2100), B2(1900), B4(AWS), B5(850), B8(900)\n \n4G FDD LTE\nB1(2100), B2(1900), B3(1800), B4(AWS), B5(850), B7(2600), B8(900), B12(700), B13(700), B17(700), B20(800), B26(850), B28(700), B66(AWS-3)\n \n4G TDD LTE\nB38(2600), B40(2300), B41(2500)\nKonektivitas\nANT+\nYa\n \nUSB Interface\nUSB Type-C\n \nVersi USB\nUSB 2.0\n \nTeknologi Lokasi\nGPS, Glonass, Beidou, Galileo\n \nEarjack\nUSB Type-C\n \nMHL\nTidak\n \nWi-Fi\n802.11 a/b/g/n/ac 2.4G+5GHz, VHT80 MIMO\n \nWi-Fi Direct\nYa\n \nVersi Bluetooth\nBluetooth v5.0 (LE up to 2 Mbps)\n \nNFC\nYes\n \nPC Sync.\nSmart Switch (PC version)\nSistem Operasi\nAndroid\nInformasi Umum\nWarna\nCeramic black\n \nForm Factor\nTouch Bar\nSensors\nAccelerometer, Fingerprint Sensor, Gyro Sensor, Geomagnetic Sensor, Hall Sensor, RGB Light Sensor, Proximity Sensor\nSpesifikasi Fisik\nDimension (HxWxD, mm)\n165.2 x 76.5 x 9.3\n \nWeight (g)\n220\nBaterai\nInternet Usage Time(LTE) (Hours)\nUp to 13\n \nInternet Usage Time(Wi-Fi) (Hours)\nUp to 13\n \nVideo Playback Time (Hours, Wireless)\nUp to 17\n \nBattery Capacity (mAh, Typical)\n3700\n \nAudio Playback Time (Hours, Wireless)\nUp to 51\n \nTalk Time (4G LTE) (Hours)\nUp to 30\nAudio dan Video\nStereo Support\nNo\n \nVideo Playing Format\nMP4, M4V, 3GP, 3G2, WMV, ASF, AVI, FLV, MKV, WEBM\n \nVideo Playing Resolution\nUHD 4K (3840 x 2160) @30fps\n \nAudio Playing Format\nMP3, M4A, 3GA, AAC, OGG, OGA, WAV, WMA, AMR, AWB, FLAC, MID, MIDI, XMF, MXMF, IMY, RTTTL, RTX, OTA\nAplikasi dan Layanan\nGear Support\nGalaxy Buds, Galaxy Fit, Galaxy Fit e, Galaxy Watch, Galaxy Watch Active, Gear Circle (Manager Support), Gear Fit, Gear Fit2, Gear Fit2 Pro, Gear Sport, Gear1, Gear2, Gear2 Neo, Gear S, Gear S2, Gear S3, Gear IconX, Gear IconX (2018)\n \nSamsung DeX Support\nNo\n \nMobile TV\nTidak\n\nWarna\nGalaxy A80 | Watch Active | Buds Blackpink Edition\nCompatibility\nCompatible Models\nSamsung Galaxy A80\nGeneral Feature\nPackaging Contents\n1 Galaxy A80 Blackpink Edition, 1 Galaxy Watch Active Blackpink Edition, 1 Galaxy Buds Blackpink Edition, 1 Galaxy Friend Gift', 15000000, 1, 0, 'Ceramic Black', 1),
(60, '2021-03-23 07:21:25', '2021-03-23 07:35:02', 'HP0033', 'Galaxy Fold', 8, 6, '20210323142125-Galaxy_Fold.png', NULL, NULL, NULL, NULL, 'Dijamin Ori 100% dan Baru\nBarang Original bukan Barang abal-abal\nGaransi tukar unit jika barang diterima rusak / cacat\nGaransi 1 tahun Di bantu Klaim jika ada kerusakan\npengiriman dilakukan tiap hari\nimei aman\nGLobal\njaringan sim indo aman smua\ngaransi imei lifetime\n\n\nGSM / HSPA / LTE\nLAUNCH Announced 2019, February\nStatus Available. Released 2019, September\nBODY Dimensions Unfolded: 160.9 x 117.9 x 6.9 mm\nFolded: 160.9 x 62.9 x 15.5 mm\nWeight 263 g (9.28 oz)\nSIM Nano-SIM, Electronic SIM card (eSIM)\nSamsung Pay (Visa, MasterCard certified)\nDISPLAY Type Dynamic AMOLED capacitive touchscreen, 16M colors\nSize 7.3 inches, 162.6 cm2 (~85.7% screen-to-body ratio)\nResolution 1536 x 2152 pixels (~362 ppi density)\nHDR10+\nCover display: 4.6\", Super AMOLED, 720 x 1680 pixels (21:9)\nPLATFORM OS Android 9.0 (Pie)\nChipset Qualcomm SDM855 Snapdragon 855 (7 nm)\nCPU Octa-core (1x2.84 GHz Kryo 485 & 3x2.42 GHz Kryo 485 & 4x1.78 GHz Kryo 485)\nGPU Adreno 640\nMEMORY Card slot No\nInternal 512GB 12GB RAM\nMAIN CAMERA Triple 12 MP, f/1.5-2.4, 27mm (wide), 1/2.55\", 1.4m, Dual Pixel PDAF, OIS\n12 MP, f/2.4, 52mm (telephoto), 1/3.6\", 1.0m, AF, OIS, 2x optical zoom\n16 MP, f/2.2, 12mm (ultrawide), 1.0m\nFeatures LED flash, HDR, panorama\nVideo 2160p@60fps, 1080p@60/240fps (gyro-EIS), 720p@960fps (gyro-EIS), HDR10\nSELFIE CAMERA Dual 10 MP, f/2.2, 26mm (wide), 1.22m\n8 MP, f/1.9, 24mm (wide), 1.22m, depth sensor\nCover camera:\n10 MP, f/2.2, 26mm (wide), 1.22m\nFeatures HDR\nVideo 2160p@30fps, 1080p@30fps, gyro-EIS\nSOUND Loudspeaker Yes, with stereo speakers\n3.5mm jack No\n32-bit/384kHz audio\nActive noise cancellation with dedicated mic\nDolby Atmos sound\nTuned by AKG\nCOMMS WLAN Wi-Fi 802.11 a/b/g/n/ac/ax, dual-band, Wi-Fi Direct, hotspot\nBluetooth 5.0, A2DP, LE, aptX HD\nGPS Yes, with A-GPS, GLONASS, GALILEO, BDS\nNFC Yes\nRadio No\nUSB 3.1, Type-C 1.0 reversible connector\nFEATURES Sensors Fingerprint (side-mounted), accelerometer, gyro, proximity, compass, barometer\nANT+\nBixby natural language commands and dictation\nSamsung DeX (desktop experience support)', 18180000, 1, 0, 'Space Silver, Cosmos Black, Martian Green', 1),
(61, '2021-03-23 07:28:21', '2021-03-23 07:33:55', 'HP0034', 'galaxy z fold2', 8, 6, '20210323142821-Snap2.png', NULL, NULL, NULL, NULL, 'Original 100%\nGaransi uang kembali jika barang hilang di ekspedisi\nGaransi tukar unit jika barang diterima rusak / cacat\nGaransi 1 tahun Di bantu Klaim jika ada kerusakan\npengiriman dilakukan tiap hari\ndijamin bukan rekondisi atau refurbish seperti dijual di pasaran\nImei aman dan sudah kedaftar smua operator indonesia\nsmua operator indonesia aman\n\n\n5G\nBODY Dimensions Unfolded: 159.2 x 128.2 x 6.9 mm\nFolded: 159.2 x 68 x 16.8 mm\nWeight 282 g (9.95 oz)\nSIM Nano-SIM and/or eSIM\nSamsung Pay (Visa, MasterCard certified)\nDISPLAY Type Foldable Dynamic AMOLED 2X, 120Hz, HDR10+\nSize 7.6 inches, 180.8 cm2 (~88.6% screen-to-body ratio)\nResolution 1768 x 2208 pixels (~373 ppi density)\nCover display: 6.23\", Super AMOLED, 816 x 2260 pixels (25:9), Corning Gorilla Glass Victus\nPLATFORM OS Android 10, One UI 2.5\nChipset Qualcomm SM8250 Snapdragon 865+ (7 nm+)\nCPU Octa-core (1x3.09 GHz Kryo 585 & 3x2.42 GHz Kryo 585 & 4x1.8 GHz Kryo 585)\nGPU Adreno 650\nMEMORY Card slot No\nInternal 256GB 12GB RAM, 512GB 12GB RAM\nMAIN CAMERA Triple 12 MP, f/1.8, 26mm (wide), 1/1.76\", 1.8m, Dual Pixel PDAF, OIS\n12 MP, f/2.4, 52mm (telephoto), 1/3.6\", 1.0m, PDAF, OIS, 2x optical zoom\n12 MP, f/2.2, 123, 12mm (ultrawide), 1.12m\nFeatures LED flash, HDR, panorama\nVideo 4K@60fps, 1080p@60/240fps (gyro-EIS), 720p@960fps (gyro-EIS), HDR10+\nSELFIE CAMERA Single 10 MP, f/2.2, 26mm (wide), 1.22m\nCover camera:\n10 MP, f/2.2, 26mm (wide), 1.22m\nFeatures HDR\nVideo 4K@30fps, 1080p@30fps, gyro-EIS\nSOUND Loudspeaker Yes, with stereo speakers\n3.5mm jack No\n32-bit/384kHz audio\nTuned by AKG\nSamsung DeX (desktop experience support)\nBATTERY Type Li-Po 4500 mAh, non-removable', 26563000, 1, 0, 'Mystic Bronze, Mystic Black, Thom Browne Edition', 1),
(62, '2021-03-23 07:31:35', '2021-03-23 07:31:35', 'HP0035', 'Galaxy Z Flip', 8, 6, '20210323143135-Galaxy_Z_Flip.png', NULL, NULL, NULL, NULL, 'Ready Samsung Galaxy Z FLIP 5G\nProduk Original Baru No REKON / KW  ( Jaminan Uang Kembali Jika Tidak Ori )\nProduk Garansi Internasional 1TH\nGaransi Toko 14 Hari ( Dari Terima )\n\nGalaxy Z Flip Spesifikasi\n\n-Layar utama: 6.7 FHD+ Dynamic AMOLED Display(21.9:9) Infinity Flex Display 2636 x 1080\n-Layar sekunder:  1.1 Super AMOLED Display 300 x 112 \n-Dimensi terbentang:  73.6 x 167.3 x 7.2mm  6.9mm (Layar) \n-Dimensi terlipat: 73.6 x 87.4 x 17.3mm (engsel)  15.4mm (sagging)\n-Kamera depan: 10 MP (f/2.4) Kamera belakang: 12 MP ultrawide (f/2.2), 12 MP wide angle Dual Pixel AF, OIS (f/1.8). \n-Prosesor: Snapdragon 855 Plus RAM/Storage 8GB/ 256GB \n-Baterai: 3.300 mAh dual battery system, fast charging 15 watt \n-Sistem: Operasi Android 10 \n-Jaringan: Enhanced 2X2 MIMO, 5CA, LTE Cat.16 Up to 1.0Gbps Download LTE Cat.13 Up to 150Mbps Upload Up to \n 1.0Gbps Download / Up to 150Mbps Upload \n-Konektivitas: Wi-Fi 802.11 a/b/g/n/ac (2.4/5GHz),VHT80 MU-MIMO,256QAM Bluetooth v 5.0 (LE up to 2Mbps), ANT+, USB Type-C, NFC, \n-Location: GPS, Galileo, Glonass, BeiDou \n-SIM: Single nano SIM dan single eSIM \n-Fitur pembayaran: Samsung Pay, NFC \n-Sensor: Pemindai sidik jari konvensional, Accelerometer, Barometer, Gyro sensor, Geomagnetic sensor, Hall sensor (digital, analog), Proximity sensor, RGB Light sensor Sistem keamanan pemindai sidik jari, pola, PIN, password, face recognition. Audio: Mono speaker Efek Surround sound untuk Bluetooth dan earphones dengan teknologi Dolby Atmos (termasuk Dolby Digital, Dolby Digital Plus) Warna: Mirror Purple Mirror Black\n\n\nSyarat Klaim Garansi Toko \n- Sticker Tertempel Di Hp Bagian Depan / Belakang Masih Utuh \n- Accesories Lengkap Belom Pakai \n-  Tidak Lecet , Bekas Jatuh , Apa Lagi Uji Coba Masuk Air\n- Harus Ada Video Unboxing Dari Pertama Terima', 16000000, 1, 0, 'Mirror Black, Mirror Purple, Mirror Gold', 1),
(63, '2021-03-23 07:40:47', '2021-03-23 07:40:47', 'HP0036', 'Galaxy S21+ 5G', 8, 6, '20210323144047-Galaxy_S21+_5G.png', NULL, NULL, NULL, NULL, 'NETWORK	Technology	\nGSM / CDMA / HSPA / EVDO / LTE / 5G\nLAUNCH	Announced	2021, January 14\nStatus	Available. Released 2021, January 29\nBODY	Dimensions	161.5 x 75.6 x 7.8 mm (6.36 x 2.98 x 0.31 in)\nWeight	200 g (Sub6), 202 g (mmWave) (7.05 oz)\nBuild	Glass front (Gorilla Glass Victus), glass back (Gorilla Glass Victus), aluminum frame\nSIM	Single SIM (Nano-SIM and/or eSIM) or Dual SIM (Nano-SIM and/or eSIM, dual stand-by)\n 	IP68 dust/water resistant (up to 1.5m for 30 mins)\nDISPLAY	Type	Dynamic AMOLED 2X, 120Hz, HDR10+, 1300 nits (peak)\nSize	6.7 inches, 107.8 cm2 (~88.3% screen-to-body ratio)\nResolution	1080 x 2400 pixels, 20:9 ratio (~394 ppi density)\nProtection	Corning Gorilla Glass Victus\n 	Always-on display\nPLATFORM	OS	Android 11, One UI 3.1\nChipset	Exynos 2100 (5 nm) - International\nQualcomm SM8350 Snapdragon 888 (5 nm) - USA/China\nCPU	Octa-core (1x2.9 GHz Cortex-X1 & 3x2.80 GHz Cortex-A78 & 4x2.2 GHz Cortex-A55) - International\nOcta-core (1x2.84 GHz Kryo 680 & 3x2.42 GHz Kryo 680 & 4x1.80 GHz Kryo 680) - USA/China\nGPU	Mali-G78 MP14 - International\nAdreno 660 - USA/China\nMEMORY	Card slot	No\nInternal	128GB 8GB RAM, 256GB 8GB RAM\n 	UFS 3.1\nMAIN CAMERA	Triple	12 MP, f/1.8, 26mm (wide), 1/1.76\", 1.8m, Dual Pixel PDAF, OIS\n64 MP, f/2.0, 29mm (telephoto), 1/1.72\", 0.8m, PDAF, OIS, 1.1x optical zoom, 3x hybrid zoom\n12 MP, f/2.2, 13mm, 120 (ultrawide), 1/2.55\" 1.4m, Super Steady video\nFeatures	LED flash, auto-HDR, panorama\nVideo	8K@24fps, 4K@30/60fps, 1080p@30/60/240fps, 720p@960fps, HDR10+, stereo sound rec., gyro-EIS\nSELFIE CAMERA	Single	10 MP, f/2.2, 26mm (wide), 1/3.24\", 1.22m, Dual Pixel PDAF\nFeatures	Dual video call, Auto-HDR\nVideo	4K@30/60fps, 1080p@30fps\nSOUND	Loudspeaker	Yes, with stereo speakers\n3.5mm jack	No\n 	32-bit/384kHz audio\nTuned by AKG\nCOMMS	WLAN	Wi-Fi 802.11 a/b/g/n/ac/6, dual-band, Wi-Fi Direct, hotspot\nBluetooth	5.0, A2DP, LE\nGPS	Yes, with A-GPS, GLONASS, BDS, GALILEO\nNFC	Yes\nRadio	FM radio (Snapdragon model only; market/operator dependent)\nUSB	USB Type-C 3.2, USB On-The-Go\nFEATURES	Sensors	Fingerprint (under display, ultrasonic), accelerometer, gyro, proximity, compass, barometer\n 	Samsung DeX, Samsung Wireless DeX (desktop experience support)\nANT+\nBixby natural language commands and dictation\nSamsung Pay (Visa, MasterCard certified)\nUltra Wideband (UWB) support\nBATTERY	Type	Li-Ion 4800 mAh, non-removable\nCharging	Fast charging 25W\nUSB Power Delivery 3.0\nFast Qi/PMA wireless charging 15W\nReverse wireless charging 4.5W\nMISC	Colors	Phantom Black, Phantom Silver, Phantom Violet, Phantom Pink, Phantom Gold, Phantom Red\nModels	SM-G996B, SM-G996B/DS, SM-G996U, SM-G996U1, SM-G996W, SM-G996N, SM-G9960\nSAR	0.65 W/kg (head)     0.95 W/kg (body)    \nSAR EU	0.54 W/kg (head)     1.33 W/kg (body)    \nPrice	$749.99 / 795.00 / 761.00 / 75,698\nTESTS	Performance	AnTuTu: 622276 (v8)\nGeekBench: 3476 (v5.1)\nGFXBench: 54fps (ES 3.1 onscreen)\nDisplay	Contrast ratio: Infinite (nominal)\nCamera	Photo / Video\nLoudspeaker	-25.8 LUFS (Very good)\nBattery life	\nEndurance rating 114h', 12999000, 1, 0, 'Phantom Black, Phantom Silver, Phantom Violet', 1),
(64, '2021-03-23 07:45:22', '2021-03-23 07:45:22', 'HP0037', 'Galaxy S20+', 8, 6, '20210323144522-Galaxy_S20+.png', NULL, NULL, NULL, NULL, 'NETWORK	Technology	\nGSM / CDMA / HSPA / EVDO / LTE\nLAUNCH	Announced	2020, February 11\nStatus	Available. Released 2020, March 06\nBODY	Dimensions	161.9 x 73.7 x 7.8 mm (6.37 x 2.90 x 0.31 in)\nWeight	186 g (6.56 oz)\nBuild	Glass front (Gorilla Glass 6), glass back (Gorilla Glass 6), aluminum frame\nSIM	Single SIM (Nano-SIM and/or eSIM) or Hybrid Dual SIM (Nano-SIM, dual stand-by)\n 	IP68 dust/water resistant (up to 1.5m for 30 mins)\nDISPLAY	Type	Dynamic AMOLED 2X, 120Hz, HDR10+, 1200 nits (peak)\nSize	6.7 inches, 108.0 cm2 (~90.5% screen-to-body ratio)\nResolution	1440 x 3200 pixels, 20:9 ratio (~525 ppi density)\nProtection	Corning Gorilla Glass 6\n 	Always-on display\n120Hz@FHD/60Hz@QHD refresh rate\nPLATFORM	OS	Android 10, upgradable to Android 11, One UI 3.0\nChipset	Exynos 990 (7 nm+) - Global\nQualcomm SM8250 Snapdragon 865 (7 nm+) - USA\nCPU	Octa-core (2x2.73 GHz Mongoose M5 & 2x2.50 GHz Cortex-A76 & 4x2.0 GHz Cortex-A55) - Global\nOcta-core (1x2.84 GHz Kryo 585 & 3x2.42 GHz Kryo 585 & 4x1.8 GHz Kryo 585) - USA\nGPU	Mali-G77 MP11 - Global\nAdreno 650 - USA\nMEMORY	Card slot	microSDXC (uses shared SIM slot)\nInternal	128GB 8GB RAM\n 	UFS 3.0\nMAIN CAMERA	Quad	12 MP, f/1.8, 26mm (wide), 1/1.76\", 1.8m, Dual Pixel PDAF, OIS\n64 MP, f/2.0, 29mm (telephoto), 1/1.72\", 0.8m, PDAF, OIS, 1.1x optical zoom, 3x hybrid zoom\n12 MP, f/2.2, 13mm, 120 (ultrawide), 1/2.55\" 1.4m, Super Steady video\n0.3 MP, TOF 3D, f/1.0, (depth)\nFeatures	LED flash, auto-HDR, panorama\nVideo	8K@24fps, 4K@30/60fps, 1080p@30/60/240fps, 720p@960fps, HDR10+, stereo sound rec., gyro-EIS & OIS\nSELFIE CAMERA	Single	10 MP, f/2.2, 26mm (wide), 1/3.24\", 1.22m, Dual Pixel PDAF\nFeatures	Dual video call, Auto-HDR\nVideo	4K@30/60fps, 1080p@30fps\nSOUND	Loudspeaker	Yes, with stereo speakers\n3.5mm jack	No\n 	32-bit/384kHz audio\nTuned by AKG\nCOMMS	WLAN	Wi-Fi 802.11 a/b/g/n/ac/6, dual-band, Wi-Fi Direct, hotspot\nBluetooth	5.0, A2DP, LE\nGPS	Yes, with A-GPS, GLONASS, BDS, GALILEO\nNFC	Yes\nRadio	FM radio (Snapdragon model only; market/operator dependent)\nUSB	USB Type-C 3.2, USB On-The-Go\nFEATURES	Sensors	Fingerprint (under display, ultrasonic), accelerometer, gyro, proximity, compass, barometer\n 	Samsung DeX, Samsung Wireless DeX (desktop experience support)\nANT+\nBixby natural language commands and dictation\nSamsung Pay (Visa, MasterCard certified)\nBATTERY	Type	Li-Ion 4500 mAh, non-removable\nCharging	Fast charging 25W\nUSB Power Delivery 3.0\nFast Qi/PMA wireless charging 15W\nReverse wireless charging 4.5W\nMISC	Colors	Cosmic Black, Cosmic Grey, Cloud Blue, Cloud White, Aura Red, Aura Blue\nModels	SM-G985, SM-G985F, SM-G985F/DS\nSAR	0.72 W/kg (head)     1.03 W/kg (body)    \nSAR EU	0.38 W/kg (head)     1.57 W/kg (body)    \nPrice	$684.99 / 668.36 / 645.00\nTESTS	Performance	AnTuTu: 500114 (v8)\nGeekBench: 2703 (v5.1)\nGFXBench: 42fps (ES 3.1 onscreen)\nDisplay	Contrast ratio: Infinite (nominal)\nCamera	Photo / Video\nLoudspeaker	-24.4 LUFS (Very good)\nBattery life	\nEndurance rating 87h', 9000000, 1, 0, 'Cosmic Black, Cosmic Grey, Cloud Blue', 1),
(65, '2021-03-23 07:48:47', '2021-03-23 07:48:47', 'HP0038', 'Galaxy S20+ BTS Edition', 8, 6, '20210323144847-Galaxy_S20+_BTS_Edition.png', NULL, NULL, NULL, NULL, 'NETWORK	Technology	\nGSM / CDMA / HSPA / EVDO / LTE\nLAUNCH	Announced	2020, February 11\nStatus	Available. Released 2020, March 06\nBODY	Dimensions	161.9 x 73.7 x 7.8 mm (6.37 x 2.90 x 0.31 in)\nWeight	186 g (6.56 oz)\nBuild	Glass front (Gorilla Glass 6), glass back (Gorilla Glass 6), aluminum frame\nSIM	Single SIM (Nano-SIM and/or eSIM) or Hybrid Dual SIM (Nano-SIM, dual stand-by)\n 	IP68 dust/water resistant (up to 1.5m for 30 mins)\nDISPLAY	Type	Dynamic AMOLED 2X, 120Hz, HDR10+, 1200 nits (peak)\nSize	6.7 inches, 108.0 cm2 (~90.5% screen-to-body ratio)\nResolution	1440 x 3200 pixels, 20:9 ratio (~525 ppi density)\nProtection	Corning Gorilla Glass 6\n 	Always-on display\n120Hz@FHD/60Hz@QHD refresh rate\nPLATFORM	OS	Android 10, upgradable to Android 11, One UI 3.0\nChipset	Exynos 990 (7 nm+) - Global\nQualcomm SM8250 Snapdragon 865 (7 nm+) - USA\nCPU	Octa-core (2x2.73 GHz Mongoose M5 & 2x2.50 GHz Cortex-A76 & 4x2.0 GHz Cortex-A55) - Global\nOcta-core (1x2.84 GHz Kryo 585 & 3x2.42 GHz Kryo 585 & 4x1.8 GHz Kryo 585) - USA\nGPU	Mali-G77 MP11 - Global\nAdreno 650 - USA\nMEMORY	Card slot	microSDXC (uses shared SIM slot)\nInternal	128GB 8GB RAM\n 	UFS 3.0\nMAIN CAMERA	Quad	12 MP, f/1.8, 26mm (wide), 1/1.76\", 1.8m, Dual Pixel PDAF, OIS\n64 MP, f/2.0, 29mm (telephoto), 1/1.72\", 0.8m, PDAF, OIS, 1.1x optical zoom, 3x hybrid zoom\n12 MP, f/2.2, 13mm, 120 (ultrawide), 1/2.55\" 1.4m, Super Steady video\n0.3 MP, TOF 3D, f/1.0, (depth)\nFeatures	LED flash, auto-HDR, panorama\nVideo	8K@24fps, 4K@30/60fps, 1080p@30/60/240fps, 720p@960fps, HDR10+, stereo sound rec., gyro-EIS & OIS\nSELFIE CAMERA	Single	10 MP, f/2.2, 26mm (wide), 1/3.24\", 1.22m, Dual Pixel PDAF\nFeatures	Dual video call, Auto-HDR\nVideo	4K@30/60fps, 1080p@30fps\nSOUND	Loudspeaker	Yes, with stereo speakers\n3.5mm jack	No\n 	32-bit/384kHz audio\nTuned by AKG\nCOMMS	WLAN	Wi-Fi 802.11 a/b/g/n/ac/6, dual-band, Wi-Fi Direct, hotspot\nBluetooth	5.0, A2DP, LE\nGPS	Yes, with A-GPS, GLONASS, BDS, GALILEO\nNFC	Yes\nRadio	FM radio (Snapdragon model only; market/operator dependent)\nUSB	USB Type-C 3.2, USB On-The-Go\nFEATURES	Sensors	Fingerprint (under display, ultrasonic), accelerometer, gyro, proximity, compass, barometer\n 	Samsung DeX, Samsung Wireless DeX (desktop experience support)\nANT+\nBixby natural language commands and dictation\nSamsung Pay (Visa, MasterCard certified)\nBATTERY	Type	Li-Ion 4500 mAh, non-removable\nCharging	Fast charging 25W\nUSB Power Delivery 3.0\nFast Qi/PMA wireless charging 15W\nReverse wireless charging 4.5W\nMISC	Colors	Cosmic Black, Cosmic Grey, Cloud Blue, Cloud White, Aura Red, Aura Blue\nModels	SM-G985, SM-G985F, SM-G985F/DS\nSAR	0.72 W/kg (head)     1.03 W/kg (body)    \nSAR EU	0.38 W/kg (head)     1.57 W/kg (body)    \nPrice	$684.99 / 668.36 / 645.00\nTESTS	Performance	AnTuTu: 500114 (v8)\nGeekBench: 2703 (v5.1)\nGFXBench: 42fps (ES 3.1 onscreen)\nDisplay	Contrast ratio: Infinite (nominal)\nCamera	Photo / Video\nLoudspeaker	-24.4 LUFS (Very good)\nBattery life	\nEndurance rating 87h', 13205000, 1, 0, 'Purple', 1);
INSERT INTO `master_produk` (`id`, `created_at`, `updated_at`, `product_code`, `product_name`, `brand_code`, `category_code`, `image1`, `image2`, `image3`, `image4`, `image5`, `desc`, `price`, `stock`, `isdelete`, `variasi`, `status`) VALUES
(66, '2021-03-23 07:51:52', '2021-03-23 07:51:52', 'HP0039', 'Galaxy S20', 8, 6, '20210323145152-Galaxy_S20.png', NULL, NULL, NULL, NULL, 'Prosesor\nCPU Speed\n2.73GHz, 2.5GHz, 2GHz\nCPU Type\nOcta-Core\nDisplay\nSize (Main_Display)\n158.3mm (6.2\" full rectangle) / 154.1mm (6.1\" rounded corners)\nResolusi (Main Display)\n3200 x 1440 (Quad HD+)\nTeknologi (Main Display)\nDynamic AMOLED 2X\nKedalaman Warna (Main Display)\n16M\nKamera\nRear Camera - Resolution (Multiple)\n12.0 MP + 64.0 MP + 12.0 MP\nRear Camera - F Number (Multiple)\nF1.8 , F2.0 , F2.2\nMain Camera - Auto Focus\nYes\nRear Camera - OIS\nYes\nRear Camera - Zoom\nHybrid Optic Zoom at 3x , Digital Zoom up to 30x\nFront Camera - Resolution\n10.0 MP\nFront Camera - F Number\nF2.2\nFront Camera - Auto Focus\nYes\nMain Camera - Flash\nYes\nResolusi Rekaman Video\nUHD 8K (7680 x 4320) @24fps\nSlow Motion\n960fps @HD, 240fps @FHD\nMemori\nRAM Size (GB)\n8\nROM Size (GB)\n128\nAvailable Memory (GB)*\n104.0\nDukungan Memori Eksternal\nMicroSD (Up to 1TB)\nJaringan\nJUMLAH SIM\nDual-SIM\nSIM size\nNano-SIM (4FF), Embedded-SIM\nSIM Slot Type\nSIM 1 + Hybrid (SIM or MicroSD)\nInfra\n2G GSM, 3G WCDMA, 4G LTE FDD, 4G LTE TDD\n2G GSM\nGSM850, GSM900, DCS1800, PCS1900\n3G UMTS\nB1(2100), B2(1900), B4(AWS), B5(850), B8(900)\n4G FDD LTE\nB1(2100), B2(1900), B3(1800), B4(AWS), B5(850), B7(2600), B8(900), B12(700), B13(700), B17(700), B18(800), B19(800), B20(800), B25(1900), B26(850), B28(700), B32(1500), B66(AWS-3)\n4G TDD LTE\nB38(2600), B39(1900), B40(2300), B41(2500)\nKonektivitas\nANT+\nYa\nUSB Interface\nUSB Type-C\nVersi USB\nUSB 3.2 Gen 1\nTeknologi Lokasi\nGPS, Glonass, Beidou, Galileo\nEarjack\nUSB Type-C\nMHL\nTidak\nWi-Fi\n802.11 a/b/g/n/ac/ax 2.4G+5GHz, HE80, MIMO, 1024-QAM\nWi-Fi Direct\nYa\nVersi Bluetooth\nBluetooth v5.0\nNFC\nYes\nPC Sync.\nSmart Switch (PC version)\nSistem Operasi\nAndroid\nInformasi Umum\nForm Factor\nTouch Bar\nSensors\nAccelerometer, Barometer, Fingerprint Sensor, Gyro Sensor, Geomagnetic Sensor, Hall Sensor, RGB Light Sensor, Proximity Sensor\nSpesifikasi Fisik\nDimension (HxWxD, mm)\n151.7 x 69.1 x 7.9\nWeight (g)\n163\nBaterai\nInternet Usage Time(LTE) (Hours)\nUp to 14\nInternet Usage Time(Wi-Fi) (Hours)\nUp to 15\nBattery Capacity (mAh, Typical)\n4000\nTalk Time (4G LTE) (Hours)\nUp to 20\nAudio dan Video\nStereo Support\nYes\nVideo Playing Format\nMP4, M4V, 3GP, 3G2, WMV, ASF, AVI, FLV, MKV, WEBM\nVideo Playing Resolution\nUHD 8K (7680 x 4320) @30fps\nAudio Playing Format\nMP3, M4A, 3GA, AAC, OGG, OGA, WAV, WMA, AMR, AWB, FLAC, MID, MIDI, XMF, MXMF, IMY, RTTTL, RTX, OTA, DFF, DSF, APE\nAplikasi dan Layanan\nGear Support\nGalaxy Buds, Galaxy Fit, Galaxy Fit e, Galaxy Watch, Galaxy Watch Active, Galaxy Watch Active2, Gear Fit, Gear Fit2, Gear Fit2 Pro, Gear Sport, Gear1, Gear2, Gear2 Neo, Gear S, Gear S2, Gear S3, Gear IconX, Gear IconX (2018), Gear 360, Gear 360 (2017)\nSamsung DeX Support\nYes\nS-Voice\nTidak\nMobile TV\nTidak', 8690000, 1, 0, 'Cosmic Grey, Cloud Blue, Cloud Pink', 1),
(67, '2021-03-23 11:52:54', '2021-03-23 11:52:54', 'HP0040', 'Galaxy S20 FE', 8, 6, '20210323185254-Galaxy_S20_FE.png', NULL, NULL, NULL, NULL, 'Spec:\nJaringan GSM / HSPA / LTE\nSistem Operasi Android 10\nProsesor Exynos 990 (7 nm+) Octa-core (2x2.73 GHz Mongoose M5 ; 2x2.50 GHz Cortex-A76 ; 4x2.0 GHz Cortex-A55)\nGPU Mali-G77 MP11\nRAM 8 GB\nROM 256 GB / 128 GB\nUkuran Layar 6.5 inch\nTipe Layar Super AMOLED capacitive touchscreen, 16M colors\nResolusi Layar 1080 x 2400 pixels, 20:9 ratio (~405 ppi density)\nKamera Belakang\nTriple\n12 MP, f/1.8, 26mm (wide), 1/1.76\", 1.8m, Dual Pixel PDAF, OIS\n8 MP, f/2.4, 73mm (telephoto), 1/4.5\", 1.0m, PDAF, OIS, 3x optical zoom\n12 MP, f/2.2, 123, 13mm (ultrawide), 1/3.0\", 1.12m\nKamera Depan 32 MP, f/2.2, 26mm (wide), 1/2.74\", 0.8m, AF\nFitur Kamera LED flash, auto-HDR, panorama\nAudio 3.5mm jack, 32-bit/384kHz audio Tuned by AKG\nWLAN Wi-Fi 802.11 a/b/g/n/ac/6, dual-band, Wi-Fi Direct, hotspot\nBluetooth 5.0, A2DP, LE\nGPS A-GPS, GLONASS, BDS, GALILEO\nSensor Fingerprint (under display, ultrasonic), accelerometer, gyro, proximity, compass\nBaterai 4500 mAh\nPengisian Daya Type-C, Fast charging 15W, Reverse wireless charging 4.5W\nSlot Memori Eksternal MicroSD Slot\nSIM Hybrid Dual Nano SIM\nDimensi 159.8 x 74.5 x 8.4 mm', 7625000, 1, 0, 'Cloud Lavender, Cloud Mint, Cloud Navy', 1),
(68, '2021-03-23 11:56:18', '2021-03-23 11:56:18', 'HP0041', 'Galaxy S20 Ultra', 8, 6, '20210323185618-Galaxy_S20_Ultra.png', NULL, NULL, NULL, NULL, 'Prosesor\nCPU Speed\n2.73GHz, 2.5GHz, 2GHz\nCPU Type\nOcta-Core\nDisplay\nSize (Main_Display)\n174.4mm (6.9\" full rectangle) / 170.2mm (6.7\" rounded corners)\nResolusi (Main Display)\n3200 x 1440 (Quad HD+)\nTeknologi (Main Display)\nDynamic AMOLED 2X\nKedalaman Warna (Main Display)\n16M\nKamera\nRear Camera - Resolution (Multiple)\n108.0 MP + 12.0 MP + 48.0 MP + VGA\nRear Camera - F Number (Multiple)\nF1.8 , F2.2 , F3.5 , F1.0\nMain Camera - Auto Focus\nYes\nRear Camera - OIS\nYes\nRear Camera - Zoom\nHybrid Optic Zoom at 10x , Digital Zoom up to 100x\nFront Camera - Resolution\n40.0 MP\nFront Camera - F Number\nF2.2\nFront Camera - Auto Focus\nYes\nMain Camera - Flash\nYes\nResolusi Rekaman Video\nUHD 8K (7680 x 4320) @24fps\nSlow Motion\n960fps @HD, 240fps @FHD\nMemori\nRAM Size (GB)\n12\nROM Size (GB)\n128\nAvailable Memory (GB)*\n104.0\nDukungan Memori Eksternal\nMicroSD (Up to 1TB)\nJaringan\nJUMLAH SIM\nDual-SIM\nSIM size\nNano-SIM (4FF), Embedded-SIM\nSIM Slot Type\nSIM 1 + Hybrid (SIM or MicroSD) or Embedded SIM\n2G GSM\nGSM850, GSM900, DCS1800, PCS1900\n3G UMTS\nB1(2100), B2(1900), B4(AWS), B5(850), B8(900)\n4G FDD LTE\nB1(2100), B2(1900), B3(1800), B4(AWS), B5(850), B7(2600), B8(900), B12(700), B13(700), B17(700), B18(800), B19(800), B20(800), B25(1900), B26(850), B28(700), B32(1500), B66(AWS-3)\n4G TDD LTE\nB38(2600), B39(1900), B40(2300), B41(2500)\nKonektivitas\nANT+\nYa\nUSB Interface\nUSB Type-C\nVersi USB\nUSB 3.2 Gen 1\nTeknologi Lokasi\nGPS, Glonass, Beidou, Galileo\nEarjack\nUSB Type-C\nMHL\nTidak\nWi-Fi\n802.11 a/b/g/n/ac/ax 2.4G+5GHz, HE80, MIMO, 1024-QAM\nWi-Fi Direct\nYa\nVersi Bluetooth\nBluetooth v5.0\nNFC\nYes\nPC Sync.\nSmart Switch (PC version)\nSistem Operasi\nAndroid\nInformasi Umum\nForm Factor\nTouch Bar\nSensors\nAccelerometer, Barometer, Fingerprint Sensor, Gyro Sensor, Geomagnetic Sensor, Hall Sensor, RGB Light Sensor, Proximity Sensor\nSpesifikasi Fisik\nDimension (HxWxD, mm)\n166.9 x 76.0 x 8.8\nWeight (g)\n220\nBaterai\nInternet Usage Time(LTE) (Hours)\nUp to 17\nInternet Usage Time(Wi-Fi) (Hours)\nUp to 18\nBattery Capacity (mAh, Typical)\n5000\nTalk Time (4G LTE) (Hours)\nUp to 25\nAudio dan Video\nStereo Support\nYes\nVideo Playing Format\nMP4, M4V, 3GP, 3G2, WMV, ASF, AVI, FLV, MKV, WEBM\nVideo Playing Resolution\nUHD 8K (7680 x 4320) @30fps\nAudio Playing Format\nMP3, M4A, 3GA, AAC, OGG, OGA, WAV, WMA, AMR, AWB, FLAC, MID, MIDI, XMF, MXMF, IMY, RTTTL, RTX, OTA, DFF, DSF, APE\nAplikasi dan Layanan\nGear Support\nGalaxy Buds, Galaxy Fit, Galaxy Fit e, Galaxy Watch, Galaxy Watch Active, Galaxy Watch Active2, Gear Fit, Gear Fit2, Gear Fit2 Pro, Gear Sport, Gear1, Gear2, Gear2 Neo, Gear S, Gear S2, Gear S3, Gear IconX, Gear IconX (2018), Gear 360, Gear 360 (2017)\nSamsung DeX Support\nYes\nS-Voice\nTidak\nMobile TV\nTidak', 11899000, 1, 0, 'Cosmic Grey, Cosmic Black, Cloud White', 1),
(69, '2021-03-23 12:01:02', '2021-03-23 12:01:02', 'Hp0042', 'Galaxy S10', 8, 6, '20210323190102-Galaxy_S10.png', NULL, NULL, NULL, NULL, 'Prosesor\nCPU Speed\n2.7GHz, 2.3GHz, 1.9GHz\nCPU Type\nOcta-Core\nDisplay\nSize (Main_Display)\n146.1mm (5.8\" full rectangle) / 142.7mm (5.6\" rounded corners)\nResolusi (Main Display)\n2280 x 1080 (FHD+)\nTeknologi (Main Display)\nDynamic AMOLED\nKedalaman Warna (Main Display)\n16M\nKamera\nRear Camera - Resolution (Multiple)\n12.0 MP + 16.0 MP\nRear Camera - F Number (Multiple)\nF1.5/F2.4 (Dual Aperture) , F2.2\nMain Camera - Auto Focus\nYes\nRear Camera - OIS\nYes\nFront Camera - Resolution\n10.0 MP\nFront Camera - F Number\nF1.9\nFront Camera - Auto Focus\nYes\nMain Camera - Flash\nYes\nResolusi Rekaman Video\nUHD 4K (3840 x 2160) @60fps\nSlow Motion\n960fps @HD, 240fps @FHD\nMemori\nRAM Size (GB)\n6\nROM Size (GB)\n128\nAvailable Memory (GB)*\n107.8\nDukungan Memori Eksternal\nMicroSD (Up to 512GB)\nJaringan\nJUMLAH SIM\nDual-SIM\nSIM size\nNano-SIM (4FF)\nSIM Slot Type\nSIM 1 + Hybrid (SIM or MicroSD)\nInfra\n2G GSM, 3G WCDMA, 3G TD-SCDMA, 4G LTE FDD, 4G LTE TDD\n2G GSM\nGSM850, GSM900, DCS1800, PCS1900\n3G UMTS\nB1(2100), B2(1900), B4(AWS), B5(850), B8(900)\n3G TD-SCDMA\nB34(2010), B39(1880)\n4G FDD LTE\nB1(2100), B2(1900), B3(1800), B4(AWS), B5(850), B7(2600), B8(900), B12(700), B13(700), B17(700), B18(800), B19(800), B20(800), B25(1900), B26(850), B28(700), B32(1500), B66(AWS-3)\n4G TDD LTE\nB38(2600), B39(1900), B40(2300), B41(2500)\nKonektivitas\nANT+\nYa\nUSB Interface\nUSB Type-C\nVersi USB\nUSB 3.1 Gen 1\nTeknologi Lokasi\nGPS, Glonass, Beidou, Galileo\nEarjack\n3.5mm Stereo\nMHL\nTidak\nWi-Fi\n802.11 a/b/g/n/ac/ax 2.4G+5GHz, HE80, MIMO, 1024-QAM\nWi-Fi Direct\nYa\nVersi Bluetooth\nBluetooth v5.0\nNFC\nYes\nPC Sync.\nSmart Switch (PC version)\nSistem Operasi\nAndroid\nInformasi Umum\nForm Factor\nTouch Bar\nSensors\nAccelerometer, Barometer, Fingerprint Sensor, Gyro Sensor, Geomagnetic Sensor, Hall Sensor, RGB Light Sensor, Proximity Sensor\nSpesifikasi Fisik\nDimension (HxWxD, mm)\n142.2 x 69.9 x 7.9\nWeight (g)\n150\nBaterai\nInternet Usage Time(3G) (Hours)\nUp to 12\nInternet Usage Time(LTE) (Hours)\nUp to 13\nInternet Usage Time(Wi-Fi) (Hours)\nUp to 14\nVideo Playback Time (Hours)\nUp to 18\nBattery Capacity (mAh, Typical)\n3100\nAudio Playback Time (Hours)\nUp to 76\nTalk Time (3G WCDMA) (Hours)\nUp to 19\nAudio dan Video\nStereo Support\nYes\nVideo Playing Format\nMP4, M4V, 3GP, 3G2, WMV, ASF, AVI, FLV, MKV, WEBM\nVideo Playing Resolution\nUHD 8K (7680 x 4320) @30fps\nAudio Playing Format\nMP3, M4A, 3GA, AAC, OGG, OGA, WAV, WMA, AMR, AWB, FLAC, MID, MIDI, XMF, MXMF, IMY, RTTTL, RTX, OTA, DFF, DSF, APE\nAplikasi dan Layanan\nGear Support\nGalaxy Watch, Gear Circle (Manager Support), Gear Fit, Gear Fit2, Gear Fit2 Pro, Gear Sport, Gear1, Gear2, Gear2 Neo, Gear S, Gear S2, Gear S3, Gear IconX, Gear IconX (2018), Gear VR with Controller, Gear 360, Gear 360 (2017)\nSamsung DeX Support\nYes\nS-Voice\nTidak\nMobile TV\nTidak', 7500000, 1, 0, 'Prism white,Prism Black,Prism Green', 1),
(70, '2021-03-23 12:06:04', '2021-03-23 12:06:04', 'HP0043', 'Galaxy S10+', 8, 6, '20210323190604-Galaxy_S10+.png', NULL, NULL, NULL, NULL, 'Prosesor\nCPU Speed\n2.7GHz, 2.3GHz, 1.9GHz\nCPU Type\nOcta-Core\nDisplay\nSize (Main_Display)\n146.1mm (5.8\" full rectangle) / 142.7mm (5.6\" rounded corners)\nResolusi (Main Display)\n2280 x 1080 (FHD+)\nTeknologi (Main Display)\nDynamic AMOLED\nKedalaman Warna (Main Display)\n16M\nKamera\nRear Camera - Resolution (Multiple)\n12.0 MP + 16.0 MP\nRear Camera - F Number (Multiple)\nF1.5/F2.4 (Dual Aperture) , F2.2\nMain Camera - Auto Focus\nYes\nRear Camera - OIS\nYes\nFront Camera - Resolution\n10.0 MP\nFront Camera - F Number\nF1.9\nFront Camera - Auto Focus\nYes\nMain Camera - Flash\nYes\nResolusi Rekaman Video\nUHD 4K (3840 x 2160) @60fps\nSlow Motion\n960fps @HD, 240fps @FHD\nMemori\nRAM Size (GB)\n6\nROM Size (GB)\n128\nAvailable Memory (GB)*\n107.8\nDukungan Memori Eksternal\nMicroSD (Up to 512GB)\nJaringan\nJUMLAH SIM\nDual-SIM\nSIM size\nNano-SIM (4FF)\nSIM Slot Type\nSIM 1 + Hybrid (SIM or MicroSD)\nInfra\n2G GSM, 3G WCDMA, 3G TD-SCDMA, 4G LTE FDD, 4G LTE TDD\n2G GSM\nGSM850, GSM900, DCS1800, PCS1900\n3G UMTS\nB1(2100), B2(1900), B4(AWS), B5(850), B8(900)\n3G TD-SCDMA\nB34(2010), B39(1880)\n4G FDD LTE\nB1(2100), B2(1900), B3(1800), B4(AWS), B5(850), B7(2600), B8(900), B12(700), B13(700), B17(700), B18(800), B19(800), B20(800), B25(1900), B26(850), B28(700), B32(1500), B66(AWS-3)\n4G TDD LTE\nB38(2600), B39(1900), B40(2300), B41(2500)\nKonektivitas\nANT+\nYa\nUSB Interface\nUSB Type-C\nVersi USB\nUSB 3.1 Gen 1\nTeknologi Lokasi\nGPS, Glonass, Beidou, Galileo\nEarjack\n3.5mm Stereo\nMHL\nTidak\nWi-Fi\n802.11 a/b/g/n/ac/ax 2.4G+5GHz, HE80, MIMO, 1024-QAM\nWi-Fi Direct\nYa\nVersi Bluetooth\nBluetooth v5.0\nNFC\nYes\nPC Sync.\nSmart Switch (PC version)\nSistem Operasi\nAndroid\nInformasi Umum\nForm Factor\nTouch Bar\nSensors\nAccelerometer, Barometer, Fingerprint Sensor, Gyro Sensor, Geomagnetic Sensor, Hall Sensor, RGB Light Sensor, Proximity Sensor\nSpesifikasi Fisik\nDimension (HxWxD, mm)\n142.2 x 69.9 x 7.9\nWeight (g)\n150\nBaterai\nInternet Usage Time(3G) (Hours)\nUp to 12\nInternet Usage Time(LTE) (Hours)\nUp to 13\nInternet Usage Time(Wi-Fi) (Hours)\nUp to 14\nVideo Playback Time (Hours)\nUp to 18\nBattery Capacity (mAh, Typical)\n3100\nAudio Playback Time (Hours)\nUp to 76\nTalk Time (3G WCDMA) (Hours)\nUp to 19\nAudio dan Video\nStereo Support\nYes\nVideo Playing Format\nMP4, M4V, 3GP, 3G2, WMV, ASF, AVI, FLV, MKV, WEBM\nVideo Playing Resolution\nUHD 8K (7680 x 4320) @30fps\nAudio Playing Format\nMP3, M4A, 3GA, AAC, OGG, OGA, WAV, WMA, AMR, AWB, FLAC, MID, MIDI, XMF, MXMF, IMY, RTTTL, RTX, OTA, DFF, DSF, APE\nAplikasi dan Layanan\nGear Support\nGalaxy Watch, Gear Circle (Manager Support), Gear Fit, Gear Fit2, Gear Fit2 Pro, Gear Sport, Gear1, Gear2, Gear2 Neo, Gear S, Gear S2, Gear S3, Gear IconX, Gear IconX (2018), Gear VR with Controller, Gear 360, Gear 360 (2017)\nSamsung DeX Support\nYes\nS-Voice\nTidak\nMobile TV\nTidak', 7800000, 1, 0, 'Prism White,Prism Black,Prism Green', 1),
(71, '2021-03-23 12:09:37', '2021-03-23 12:09:37', 'HP0044', 'Galaxy S10 Lite', 8, 6, '20210323190937-Galaxy_S10_Lite.png', NULL, NULL, NULL, NULL, 'Prosesor\nCPU Speed\n2.8GHz, 2.4GHz, 1.7GHz\n \nCPU Type\nOcta-Core\nDisplay\nSize (Main_Display)\n169.5mm (6.7\" full rectangle) / 167.1mm (6.6\" rounded corners)\n \nResolusi (Main Display)\n1080 x 2400 (FHD+)\n \nTeknologi (Main Display)\nSuper AMOLED Plus\n \nKedalaman Warna (Main Display)\n16M\nKamera\nRear Camera - Resolution (Multiple)\n48.0 MP + 12.0 MP + 5.0 MP\n \nRear Camera - F Number (Multiple)\nF2.0 , F2.2 , F2.4\n \nMain Camera - Auto Focus\nYes\n \nRear Camera - OIS\nYes (Super Steady OIS)\n \nRear Camera Zoom\nDigital Zoom up to 8x\n \nFront Camera - Resolution\n32.0 MP\n \nFront Camera - F Number\nF2.2\n \nFront Camera - Auto Focus\nNo\n \nFront Camera - OIS\nNo\n \nMain Camera - Flash\nYes\n \nFront Camera - Flash\nNo\n \nResolusi Rekaman Video\nUHD 4K (3840 x 2160) @30fps\n \nSlow Motion\n240fps @FHD, 120fps @FHD\nMemori\nRAM Size (GB)\n8\n \nROM Size (GB)\n128\n \nAvailable Memory (GB)*\n105.7\n \nDukungan Memori Eksternal\nMicroSD (Up to 1TB)\nJaringan\nJUMLAH SIM\nDual-SIM\n \nSIM size\nNano-SIM (4FF)\n \nSIM Slot Type\nSIM 1 + Hybrid (SIM or MicroSD)\n \nInfra\n2G GSM, 3G WCDMA, 4G LTE FDD, 4G LTE TDD\n \n2G GSM\nGSM850, GSM900, DCS1800, PCS1900\n \n3G UMTS\nB1(2100), B2(1900), B4(AWS), B5(850), B8(900)\n \n4G FDD LTE\nB1(2100), B2(1900), B3(1800), B4(AWS), B5(850), B7(2600), B8(900), B12(700), B13(700), B17(700), B20(800), B26(850), B28(700), B66(AWS-3)\n \n4G TDD LTE\nB38(2600), B40(2300), B41(2500)\nKonektivitas\nANT+\nYa\n \nUSB Interface\nUSB Type-C\n \nVersi USB\nUSB 2.0\n \nTeknologi Lokasi\nGPS, Glonass, Beidou, Galileo\n \nEarjack\nUSB Type-C\n \nMHL\nTidak\n \nWi-Fi\n802.11 a/b/g/n/ac 2.4G+5GHz, VHT80\n \nWi-Fi Direct\nYa\n \nVersi Bluetooth\nBluetooth v5.0 (LE up to 2 Mbps)\n \nNFC\nYes\n \nPC Sync.\nSmart Switch (PC version)\nSistem Operasi\nAndroid\nInformasi Umum\nForm Factor\nTouch Bar\nSensors\nAccelerometer, Fingerprint Sensor, Gyro Sensor, Geomagnetic Sensor, Hall Sensor, RGB Light Sensor, Proximity Sensor\nSpesifikasi Fisik\nDimension (HxWxD, mm)\n162.5 x 75.6 x 8.1\n \nWeight (g)\n186\nBaterai\nInternet Usage Time(LTE) (Hours)\nUp to 15\n \nInternet Usage Time(Wi-Fi) (Hours)\nUp to 17\n \nBattery Capacity (mAh, Typical)\n4500\n \nTalk Time (4G LTE) (Hours)\nUp to 47\nAudio dan Video\nStereo Support\nNo\n \nVideo Playing Format\nMP4, M4V, 3GP, 3G2, WMV, ASF, AVI, FLV, MKV, WEBM\n \nVideo Playing Resolution\nUHD 8K (7680 x 4320) @30fps\n \nAudio Playing Format\nMP3, M4A, 3GA, AAC, OGG, OGA, WAV, WMA, AMR, AWB, FLAC, MID, MIDI, XMF, MXMF, IMY, RTTTL, RTX, OTA, DFF, DSF, APE\nAplikasi dan Layanan\nGear Support\nGalaxy Buds, Galaxy Fit, Galaxy Fit e, Galaxy Watch, Galaxy Watch Active, Galaxy Watch Active2, Gear Fit, Gear Fit2, Gear Fit2 Pro, Gear Sport, Gear1, Gear2, Gear2 Neo, Gear S, Gear S2, Gear S3, Gear IconX, Gear IconX (2018)\n \nSamsung DeX Support\nNo\n \nMobile TV\nTidak', 8199000, 1, 0, 'Prism White, Prism Black, Prism Blue', 1),
(72, '2021-03-23 12:12:12', '2021-03-23 12:12:12', 'HP0045', 'Galaxy S10e', 8, 6, '20210323191212-Galaxy_S10e.png', NULL, NULL, NULL, NULL, 'Prosesor\nCPU Speed\n2.7GHz, 2.3GHz, 1.9GHz\nCPU Type\nOcta-Core\nDisplay\nSize (Main_Display)\n146.1mm (5.8\" full rectangle) / 142.7mm (5.6\" rounded corners)\nResolusi (Main Display)\n2280 x 1080 (FHD+)\nTeknologi (Main Display)\nDynamic AMOLED\nKedalaman Warna (Main Display)\n16M\nKamera\nRear Camera - Resolution (Multiple)\n12.0 MP + 16.0 MP\nRear Camera - F Number (Multiple)\nF1.5/F2.4 (Dual Aperture) , F2.2\nMain Camera - Auto Focus\nYes\nRear Camera - OIS\nYes\nFront Camera - Resolution\n10.0 MP\nFront Camera - F Number\nF1.9\nFront Camera - Auto Focus\nYes\nMain Camera - Flash\nYes\nResolusi Rekaman Video\nUHD 4K (3840 x 2160) @60fps\nSlow Motion\n960fps @HD, 240fps @FHD\nMemori\nRAM Size (GB)\n6\nROM Size (GB)\n128\nAvailable Memory (GB)*\n107.8\nDukungan Memori Eksternal\nMicroSD (Up to 512GB)\nJaringan\nJUMLAH SIM\nDual-SIM\nSIM size\nNano-SIM (4FF)\nSIM Slot Type\nSIM 1 + Hybrid (SIM or MicroSD)\nInfra\n2G GSM, 3G WCDMA, 3G TD-SCDMA, 4G LTE FDD, 4G LTE TDD\n2G GSM\nGSM850, GSM900, DCS1800, PCS1900\n3G UMTS\nB1(2100), B2(1900), B4(AWS), B5(850), B8(900)\n3G TD-SCDMA\nB34(2010), B39(1880)\n4G FDD LTE\nB1(2100), B2(1900), B3(1800), B4(AWS), B5(850), B7(2600), B8(900), B12(700), B13(700), B17(700), B18(800), B19(800), B20(800), B25(1900), B26(850), B28(700), B32(1500), B66(AWS-3)\n4G TDD LTE\nB38(2600), B39(1900), B40(2300), B41(2500)\nKonektivitas\nANT+\nYa\nUSB Interface\nUSB Type-C\nVersi USB\nUSB 3.1 Gen 1\nTeknologi Lokasi\nGPS, Glonass, Beidou, Galileo\nEarjack\n3.5mm Stereo\nMHL\nTidak\nWi-Fi\n802.11 a/b/g/n/ac/ax 2.4G+5GHz, HE80, MIMO, 1024-QAM\nWi-Fi Direct\nYa\nVersi Bluetooth\nBluetooth v5.0\nNFC\nYes\nPC Sync.\nSmart Switch (PC version)\nSistem Operasi\nAndroid\nInformasi Umum\nForm Factor\nTouch Bar\nSensors\nAccelerometer, Barometer, Fingerprint Sensor, Gyro Sensor, Geomagnetic Sensor, Hall Sensor, RGB Light Sensor, Proximity Sensor\nSpesifikasi Fisik\nDimension (HxWxD, mm)\n142.2 x 69.9 x 7.9\nWeight (g)\n150\nBaterai\nInternet Usage Time(3G) (Hours)\nUp to 12\nInternet Usage Time(LTE) (Hours)\nUp to 13\nInternet Usage Time(Wi-Fi) (Hours)\nUp to 14\nVideo Playback Time (Hours)\nUp to 18\nBattery Capacity (mAh, Typical)\n3100\nAudio Playback Time (Hours)\nUp to 76\nTalk Time (3G WCDMA) (Hours)\nUp to 19\nAudio dan Video\nStereo Support\nYes\nVideo Playing Format\nMP4, M4V, 3GP, 3G2, WMV, ASF, AVI, FLV, MKV, WEBM\nVideo Playing Resolution\nUHD 8K (7680 x 4320) @30fps\nAudio Playing Format\nMP3, M4A, 3GA, AAC, OGG, OGA, WAV, WMA, AMR, AWB, FLAC, MID, MIDI, XMF, MXMF, IMY, RTTTL, RTX, OTA, DFF, DSF, APE\nAplikasi dan Layanan\nGear Support\nGalaxy Watch, Gear Circle (Manager Support), Gear Fit, Gear Fit2, Gear Fit2 Pro, Gear Sport, Gear1, Gear2, Gear2 Neo, Gear S, Gear S2, Gear S3, Gear IconX, Gear IconX (2018), Gear VR with Controller, Gear 360, Gear 360 (2017)\nSamsung DeX Support\nYes\nS-Voice\nTidak\nMobile TV\nTidak', 4728000, 1, 0, 'Prism White, Prism Black, Prism Green', 1),
(73, '2021-03-23 12:19:07', '2021-03-23 12:19:36', 'HP0046', 'Galaxy S10e bundling with JBL Under Armour', 8, 6, '20210323191907-Galaxy_S10e_bundling_with_JBL_Under_Armour.png', NULL, NULL, NULL, NULL, 'Prosesor\nCPU Speed\n2.7GHz, 2.3GHz, 1.9GHz\nCPU Type\nOcta-Core\nDisplay\nSize (Main_Display)\n146.1mm (5.8\" full rectangle) / 142.7mm (5.6\" rounded corners)\nResolusi (Main Display)\n2280 x 1080 (FHD+)\nTeknologi (Main Display)\nDynamic AMOLED\nKedalaman Warna (Main Display)\n16M\nKamera\nRear Camera - Resolution (Multiple)\n12.0 MP + 16.0 MP\nRear Camera - F Number (Multiple)\nF1.5/F2.4 (Dual Aperture) , F2.2\nMain Camera - Auto Focus\nYes\nRear Camera - OIS\nYes\nFront Camera - Resolution\n10.0 MP\nFront Camera - F Number\nF1.9\nFront Camera - Auto Focus\nYes\nMain Camera - Flash\nYes\nResolusi Rekaman Video\nUHD 4K (3840 x 2160) @60fps\nSlow Motion\n960fps @HD, 240fps @FHD\nMemori\nRAM Size (GB)\n6\nROM Size (GB)\n128\nAvailable Memory (GB)*\n107.8\nDukungan Memori Eksternal\nMicroSD (Up to 512GB)\nJaringan\nJUMLAH SIM\nDual-SIM\nSIM size\nNano-SIM (4FF)\nSIM Slot Type\nSIM 1 + Hybrid (SIM or MicroSD)\nInfra\n2G GSM, 3G WCDMA, 3G TD-SCDMA, 4G LTE FDD, 4G LTE TDD\n2G GSM\nGSM850, GSM900, DCS1800, PCS1900\n3G UMTS\nB1(2100), B2(1900), B4(AWS), B5(850), B8(900)\n3G TD-SCDMA\nB34(2010), B39(1880)\n4G FDD LTE\nB1(2100), B2(1900), B3(1800), B4(AWS), B5(850), B7(2600), B8(900), B12(700), B13(700), B17(700), B18(800), B19(800), B20(800), B25(1900), B26(850), B28(700), B32(1500), B66(AWS-3)\n4G TDD LTE\nB38(2600), B39(1900), B40(2300), B41(2500)\nKonektivitas\nANT+\nYa\nUSB Interface\nUSB Type-C\nVersi USB\nUSB 3.1 Gen 1\nTeknologi Lokasi\nGPS, Glonass, Beidou, Galileo\nEarjack\n3.5mm Stereo\nMHL\nTidak\nWi-Fi\n802.11 a/b/g/n/ac/ax 2.4G+5GHz, HE80, MIMO, 1024-QAM\nWi-Fi Direct\nYa\nVersi Bluetooth\nBluetooth v5.0\nNFC\nYes\nPC Sync.\nSmart Switch (PC version)\nSistem Operasi\nAndroid\nInformasi Umum\nForm Factor\nTouch Bar\nSensors\nAccelerometer, Barometer, Fingerprint Sensor, Gyro Sensor, Geomagnetic Sensor, Hall Sensor, RGB Light Sensor, Proximity Sensor\nSpesifikasi Fisik\nDimension (HxWxD, mm)\n142.2 x 69.9 x 7.9\nWeight (g)\n150\nBaterai\nInternet Usage Time(3G) (Hours)\nUp to 12\nInternet Usage Time(LTE) (Hours)\nUp to 13\nInternet Usage Time(Wi-Fi) (Hours)\nUp to 14\nVideo Playback Time (Hours)\nUp to 18\nBattery Capacity (mAh, Typical)\n3100\nAudio Playback Time (Hours)\nUp to 76\nTalk Time (3G WCDMA) (Hours)\nUp to 19\nAudio dan Video\nStereo Support\nYes\nVideo Playing Format\nMP4, M4V, 3GP, 3G2, WMV, ASF, AVI, FLV, MKV, WEBM\nVideo Playing Resolution\nUHD 8K (7680 x 4320) @30fps\nAudio Playing Format\nMP3, M4A, 3GA, AAC, OGG, OGA, WAV, WMA, AMR, AWB, FLAC, MID, MIDI, XMF, MXMF, IMY, RTTTL, RTX, OTA, DFF, DSF, APE\nAplikasi dan Layanan\nGear Support\nGalaxy Watch, Gear Circle (Manager Support), Gear Fit, Gear Fit2, Gear Fit2 Pro, Gear Sport, Gear1, Gear2, Gear2 Neo, Gear S, Gear S2, Gear S3, Gear IconX, Gear IconX (2018), Gear VR with Controller, Gear 360, Gear 360 (2017)\nSamsung DeX Support\nYes\nS-Voice\nTidak\nMobile TV\nTidak', 4600000, 1, 0, 'Prism White', 1),
(74, '2021-03-23 12:23:12', '2021-03-23 09:05:19', 'HP0047', 'Galaxy J4+ 32GB Bundling with PBCare Powerbank 11000 mAh', 8, 6, '20210323192312-Galaxy_J4+_32GB_Bundling_with_PBCare_Powerbank_11000_mAh.png', NULL, NULL, NULL, NULL, 'Network\nTechnology\nGSM / HSPA / LTE\nLaunch\nAnnounced\n2018, May\nStatus\nAvailable. Released 2018, May\nBody\nDimensions\n151.7 x 77.2 x 8.1 mm (5.97 x 3.04 x 0.32 in)\nWeight\n175 g (6.17 oz)\nBuild\nPlastic body\nSIM\nDual SIM (Micro-SIM, dual stand-by)\nDisplay\nType\nSuper AMOLED capacitive touchscreen, 16M colors\nSize\n5.5 inches, 83.4 cm2 (~71.2% screen-to-body ratio)\nResolution\n720 x 1280 pixels, 16:9 ratio (~267 ppi density)\nMultitouch\nYes\nPlatform\nOS\nAndroid 8.0 (Oreo)\nChipset\nExynos 7570 Quad (14 nm)\nCPU\nQuad-core 1.4 GHz Cortex-A53\nGPU\nMali-T720 MP2\nMemory\nCard slot\nmicroSD, up to 256 GB (dedicated slot)\nInternal\n32 GB, 2 GB RAM\nMain Camera\nSingle\n13 MP, f/1.9, 28mm (wide), AF\nFeatures\nLED flash, panorama, HDR\nVideo\n1080p@30fps\nSelfie camera\nSingle\n5 MP, f/2.2\nFeatures\nLED flash\nVideo\n\nSound\nAlert types\nVibration; MP3, WAV ringtones\nLoudspeaker \nYes\n3.5mm jack \nYes\nComms\nWLAN\nWi-Fi 802.11 b/g/n, Wi-Fi Direct, hotspot\nBluetooth\n4.2, A2DP, LE\nGPS\nYes, with A-GPS, GLONASS, BDS\nRadio\nFM radio\nUSB\nmicroUSB 2.0\nFeatures\nSensors\nAccelerometer, proximity\nMessaging\nSMS(threaded view), MMS, Email, Push Email, IM\nBrowser\nHTML5\n \n- MP4/H.264 player\n- MP3/WAV/eAAC+/FLAC player\n- Photo/video editor\n- Document viewer\nBattery\n \nRemovable Li-Ion 3000 mAh battery\nTalk time\nUp to 20 h (3G)\nMusic play\nUp to 80 h\nMisc\nColors\nBlack, Gold, Orchid Gray\nSAR\n0.36 W/kg (head)     1.49 W/kg (body)', 1749000, 0, 0, 'Black, Gold, Orchid Gray', 1),
(75, '2021-03-23 12:25:29', '2021-03-23 12:26:24', 'HP0048', 'Galaxy J4+ 32GB Bundling with Powerbank BCare 11000 mAh', 8, 6, '20210323192529-Galaxy_J4+_32GB_Bundling_with_Powerbank_BCare_11000_mAh.png', NULL, NULL, NULL, NULL, 'Network\nTechnology\nGSM / HSPA / LTE\nLaunch\nAnnounced\n2018, May\nStatus\nAvailable. Released 2018, May\nBody\nDimensions\n151.7 x 77.2 x 8.1 mm (5.97 x 3.04 x 0.32 in)\nWeight\n175 g (6.17 oz)\nBuild\nPlastic body\nSIM\nDual SIM (Micro-SIM, dual stand-by)\nDisplay\nType\nSuper AMOLED capacitive touchscreen, 16M colors\nSize\n5.5 inches, 83.4 cm2 (~71.2% screen-to-body ratio)\nResolution\n720 x 1280 pixels, 16:9 ratio (~267 ppi density)\nMultitouch\nYes\nPlatform\nOS\nAndroid 8.0 (Oreo)\nChipset\nExynos 7570 Quad (14 nm)\nCPU\nQuad-core 1.4 GHz Cortex-A53\nGPU\nMali-T720 MP2\nMemory\nCard slot\nmicroSD, up to 256 GB (dedicated slot)\nInternal\n32 GB, 2 GB RAM\nMain Camera\nSingle\n13 MP, f/1.9, 28mm (wide), AF\nFeatures\nLED flash, panorama, HDR\nVideo\n1080p@30fps\nSelfie camera\nSingle\n5 MP, f/2.2\nFeatures\nLED flash\nVideo\n\nSound\nAlert types\nVibration; MP3, WAV ringtones\nLoudspeaker \nYes\n3.5mm jack \nYes\nComms\nWLAN\nWi-Fi 802.11 b/g/n, Wi-Fi Direct, hotspot\nBluetooth\n4.2, A2DP, LE\nGPS\nYes, with A-GPS, GLONASS, BDS\nRadio\nFM radio\nUSB\nmicroUSB 2.0\nFeatures\nSensors\nAccelerometer, proximity\nMessaging\nSMS(threaded view), MMS, Email, Push Email, IM\nBrowser\nHTML5\n \n- MP4/H.264 player\n- MP3/WAV/eAAC+/FLAC player\n- Photo/video editor\n- Document viewer\nBattery\n \nRemovable Li-Ion 3000 mAh battery\nTalk time\nUp to 20 h (3G)\nMusic play\nUp to 80 h\nMisc\nColors\nBlack, Gold, Orchid Gray\nSAR\n0.36 W/kg (head)     1.49 W/kg (body)', 1800000, 1, 0, 'Black, Gold, Orchid Gray', 1),
(76, '2021-03-23 12:30:50', '2021-03-23 12:30:50', 'HP0049', 'Galaxy Note9', 8, 6, '20210323193050-Galaxy_Note9.png', NULL, NULL, NULL, NULL, 'Prosesor\nCPU Speed\n2.7GHz, 1.7GHz\nCPU Type\nOcta-Core\n* CPU Speed-Based on maximum clock speed, the maximum clock speed of performance core and efficiency core respectively\n\nDisplay\nSize (Main_Display)\n162.0mm (6.4\" full rectangle) / 160.4mm (6.3\" rounded corners)\nResolusi (Main Display)\n2960 x 1440 (Quad HD+)\nTeknologi (Main Display)\nDual Edge Super AMOLED\nKedalaman Warna (Main Display)\n16M\n* Display Size: Measured diagonally, the screen size is 5.8\" in the full rectangle and 5.6\" when accounting for the rounded corners\n\nDukungan S Pen\nYes (Remote Control)\nKamera\nMain Camera - Resolution\n12.0 MP + 12.0 MP\nMain Camera - F Number\nF1.5/F2.4 (Dual Aperture) , F2.4\nMain Camera - Auto Focus\nYes\nRear Camera - OIS\nYes\nRear Camera - Zoom\nOptical Zoom at 2x , Digital Zoom up to 10x\nFront Camera - Resolution\n8.0 MP\nFront Camera - F Number\nF1.7\nFront Camera - Auto Focus\nYes\nMain Camera - Flash\nYes\nResolusi Rekaman Video\nUHD 4K (3840 x 2160) @60fps\nSlow Motion\n960fps @HD, 240fps @FHD\nMemori\nRAM Size (GB)\n6\nROM Size (GB)\n128\nAvailable Memory (GB)*\n108.7\nDukungan Memori Eksternal\nMicroSD (Up to 512GB)\nJaringan\nJUMLAH SIM\nDual-SIM\nSIM size\nNano-SIM (4FF)\nSIM Slot Type\nSIM 1 + Hybrid (SIM or MicroSD)\nInfra\n2G GSM, 3G WCDMA, 3G TD-SCDMA, 4G LTE FDD, 4G LTE TDD\n2G GSM\nGSM850, GSM900, DCS1800, PCS1900\n3G UMTS\nB1(2100), B2(1900), B4(AWS), B5(850), B8(900)\n3G TD-SCDMA\nB34(2010), B39(1880)\n4G FDD LTE\nB1(2100), B2(1900), B3(1800), B4(AWS), B5(850), B7(2600), B8(900), B12(700), B13(700), B17(700), B18(800), B19(800), B20(800), B25(1900), B26(850), B28(700), B32(1500), B66(AWS-3)\n4G TDD LTE\nB38(2600), B39(1900), B40(2300), B41(2500)\nKonektivitas\nANT+\nYa\nUSB Interface\nUSB Type-C\nVersi USB\nUSB 3.1 Gen 1\nTeknologi Lokasi\nGPS, Glonass, Beidou, Galileo\nEarjack\n3.5mm Stereo\nMHL\nTidak\nWi-Fi\n802.11 a/b/g/n/ac 2.4G+5GHz, VHT80 MU-MIMO,1024-QAM\nWi-Fi Direct\nYa\nVersi Bluetooth\nBluetooth v5.0 (LE up to 2 Mbps)\nNFC\nYes\nPC Sync.\nSmart Switch (PC version)\nSistem Operasi\nAndroid\nInformasi Umum\nForm Factor\nTouch Bar\nSensors\nAccelerometer, Barometer, Fingerprint Sensor, Gyro Sensor, Geomagnetic Sensor, Hall Sensor, HR Sensor, Iris Sensor, Pressure Sensor, Proximity Sensor, RGB Light Sensor\nSpesifikasi Fisik\nDimension (HxWxD, mm)\n161.9 x 76.4 x 8.8\nWeight (g)\n201\nBaterai\nInternet Usage Time(3G) (Hours)\nUp to 14\nInternet Usage Time(LTE) (Hours)\nUp to 16\nInternet Usage Time(Wi-Fi) (Hours)\nUp to 17\nVideo Playback Time (Hours)\nUp to 20\nStandard Battery Capacity (mAh)\n4000\nAudio Playback Time (Hours)\nUp to 59\nAudio Playback Time (Hours, Always On Display Off)\nUp to 95\nTalk Time (3G WCDMA) (Hours)\nUp to 29\nAudio dan Video\nStereo Support\nYes\nVideo Playing Format\nMP4, M4V, 3GP, 3G2, WMV, ASF, AVI, FLV, MKV, WEBM\nVideo Playing Resolution\nUHD 4K (3840 x 2160)@120fps\nAudio Playing Format\nMP3, M4A, 3GA, AAC, OGG, OGA, WAV, WMA, AMR, AWB, FLAC, MID, MIDI, XMF, MXMF, IMY, RTTTL, RTX, OTA, DFF, DSF, APE\nAplikasi dan Layanan\nGear Support\nGear Circle (Manager Support), Gear Fit, Gear Fit2, Gear Fit2 Pro, Gear Sport, Gear1, Gear2, Gear2 Neo, Gear S, Gear S2, Gear S3, Gear IconX, Gear VR with Controller, Gear 360, Gear 360 (2017)\nSamsung DeX Support\nYes\nS-Voice\nTidak\nMobile TV\nTidak', 5000000, 1, 0, 'Metallic Copper, Lavender Purple, Ocean Blue', 1),
(77, '2021-03-23 12:43:51', '2021-03-23 12:43:51', 'HP0050', 'Galaxy Note9 128GB Bundling with Screen Protector and IconX Wireless Headset', 8, 6, '20210323194351-Galaxy_Note9_128GB_Bundling_with_Screen_Protector_and_IconX_Wireless_Headset.png', NULL, NULL, NULL, NULL, 'Prosesor\nCPU Speed\n2.7GHz, 1.7GHz\nCPU Type\nOcta-Core\n* CPU Speed-Based on maximum clock speed, the maximum clock speed of performance core and efficiency core respectively\n\nDisplay\nSize (Main_Display)\n162.0mm (6.4\" full rectangle) / 160.4mm (6.3\" rounded corners)\nResolusi (Main Display)\n2960 x 1440 (Quad HD+)\nTeknologi (Main Display)\nDual Edge Super AMOLED\nKedalaman Warna (Main Display)\n16M\n* Display Size: Measured diagonally, the screen size is 5.8\" in the full rectangle and 5.6\" when accounting for the rounded corners\n\nDukungan S Pen\nYes (Remote Control)\nKamera\nMain Camera - Resolution\n12.0 MP + 12.0 MP\nMain Camera - F Number\nF1.5/F2.4 (Dual Aperture) , F2.4\nMain Camera - Auto Focus\nYes\nRear Camera - OIS\nYes\nRear Camera - Zoom\nOptical Zoom at 2x , Digital Zoom up to 10x\nFront Camera - Resolution\n8.0 MP\nFront Camera - F Number\nF1.7\nFront Camera - Auto Focus\nYes\nMain Camera - Flash\nYes\nResolusi Rekaman Video\nUHD 4K (3840 x 2160) @60fps\nSlow Motion\n960fps @HD, 240fps @FHD\nMemori\nRAM Size (GB)\n6\nROM Size (GB)\n128\nAvailable Memory (GB)*\n108.7\nDukungan Memori Eksternal\nMicroSD (Up to 512GB)\nJaringan\nJUMLAH SIM\nDual-SIM\nSIM size\nNano-SIM (4FF)\nSIM Slot Type\nSIM 1 + Hybrid (SIM or MicroSD)\nInfra\n2G GSM, 3G WCDMA, 3G TD-SCDMA, 4G LTE FDD, 4G LTE TDD\n2G GSM\nGSM850, GSM900, DCS1800, PCS1900\n3G UMTS\nB1(2100), B2(1900), B4(AWS), B5(850), B8(900)\n3G TD-SCDMA\nB34(2010), B39(1880)\n4G FDD LTE\nB1(2100), B2(1900), B3(1800), B4(AWS), B5(850), B7(2600), B8(900), B12(700), B13(700), B17(700), B18(800), B19(800), B20(800), B25(1900), B26(850), B28(700), B32(1500), B66(AWS-3)\n4G TDD LTE\nB38(2600), B39(1900), B40(2300), B41(2500)\nKonektivitas\nANT+\nYa\nUSB Interface\nUSB Type-C\nVersi USB\nUSB 3.1 Gen 1\nTeknologi Lokasi\nGPS, Glonass, Beidou, Galileo\nEarjack\n3.5mm Stereo\nMHL\nTidak\nWi-Fi\n802.11 a/b/g/n/ac 2.4G+5GHz, VHT80 MU-MIMO,1024-QAM\nWi-Fi Direct\nYa\nVersi Bluetooth\nBluetooth v5.0 (LE up to 2 Mbps)\nNFC\nYes\nPC Sync.\nSmart Switch (PC version)\nSistem Operasi\nAndroid\nInformasi Umum\nForm Factor\nTouch Bar\nSensors\nAccelerometer, Barometer, Fingerprint Sensor, Gyro Sensor, Geomagnetic Sensor, Hall Sensor, HR Sensor, Iris Sensor, Pressure Sensor, Proximity Sensor, RGB Light Sensor\nSpesifikasi Fisik\nDimension (HxWxD, mm)\n161.9 x 76.4 x 8.8\nWeight (g)\n201\nBaterai\nInternet Usage Time(3G) (Hours)\nUp to 14\nInternet Usage Time(LTE) (Hours)\nUp to 16\nInternet Usage Time(Wi-Fi) (Hours)\nUp to 17\nVideo Playback Time (Hours)\nUp to 20\nStandard Battery Capacity (mAh)\n4000\nAudio Playback Time (Hours)\nUp to 59\nAudio Playback Time (Hours, Always On Display Off)\nUp to 95\nTalk Time (3G WCDMA) (Hours)\nUp to 29\nAudio dan Video\nStereo Support\nYes\nVideo Playing Format\nMP4, M4V, 3GP, 3G2, WMV, ASF, AVI, FLV, MKV, WEBM\nVideo Playing Resolution\nUHD 4K (3840 x 2160)@120fps\nAudio Playing Format\nMP3, M4A, 3GA, AAC, OGG, OGA, WAV, WMA, AMR, AWB, FLAC, MID, MIDI, XMF, MXMF, IMY, RTTTL, RTX, OTA, DFF, DSF, APE\nAplikasi dan Layanan\nGear Support\nGear Circle (Manager Support), Gear Fit, Gear Fit2, Gear Fit2 Pro, Gear Sport, Gear1, Gear2, Gear2 Neo, Gear S, Gear S2, Gear S3, Gear IconX, Gear VR with Controller, Gear 360, Gear 360 (2017)\nSamsung DeX Support\nYes\nS-Voice\nTidak\nMobile TV\nTidak', 5800000, 1, 0, 'Metallic Copper, Lavender Purple, Ocean Blue', 1),
(78, '2021-03-24 03:25:40', '2021-03-24 03:25:40', 'HP0051', 'Galaxy M02', 8, 6, '20210324102540-Galaxy_M02.png', NULL, NULL, NULL, NULL, 'Prosesor\nCPU Speed\n1.5GHz\n \nCPU Type\nQuad-Core\nDisplay\nSize (Main_Display)\n165.5mm (6.5\" full rectangle) / 161.4mm (6.4\" rounded corners)\n \nResolusi (Main Display)\n720 x 1600 (HD+)\n \nTeknologi (Main Display)\nPLS TFT LCD\n \nKedalaman Warna (Main Display)\n16M\nKamera\nRear Camera - Resolution (Multiple)\n13.0 MP + 2.0 MP\n \nRear Camera - F Number (Multiple)\nF1.9 , F2.4\n \nMain Camera - Auto Focus\nYes\n \nRear Camera - OIS\nNo\n \nRear Camera Zoom\nDigital Zoom up to 8x\n \nFront Camera - Resolution\n5.0 MP\n \nFront Camera - F Number\nF2.0\n \nFront Camera - Auto Focus\nNo\n \nFront Camera - OIS\nNo\n \nMain Camera - Flash\nYes\n \nFront Camera - Flash\nNo\n \nResolusi Rekaman Video\nFHD (1920 x 1080) @30fps\nMemori\nRAM Size (GB)\n2\n \nROM Size (GB)\n32\n \nAvailable Memory (GB)*\n22.6\n \nDukungan Memori Eksternal\nMicroSD (Up to 1TB)\nJaringan\nJUMLAH SIM\nDual-SIM\n \nSIM size\nNano-SIM (4FF)\n \nSIM Slot Type\nSIM + SIM 2 + MicroSD\n \nInfra\n2G GSM, 3G WCDMA, 4G LTE FDD, 4G LTE TDD\n \n2G GSM\nGSM850, GSM900, DCS1800\n \n3G UMTS\nB1(2100), B5(850), B8(900)\n \n4G FDD LTE\nB1(2100), B3(1800), B5(850), B7(2600), B8(900), B20(800), B28(700)\n \n4G TDD LTE\nB38(2600), B40(2300), B41(2500)\nKonektivitas\nUSB Interface\nMicro USB\n \nVersi USB\nUSB 2.0\n \nTeknologi Lokasi\nGPS, Glonass\n \nEarjack\n3.5mm Stereo\n \nMHL\nTidak\n \nWi-Fi\n802.11 b/g/n 2.4GHz\n \nWi-Fi Direct\nYa\n \nVersi Bluetooth\nBluetooth v5.0\n \nNFC\nNo\n \nPC Sync.\nSmart Switch (PC version)\nSistem Operasi\nAndroid\nInformasi Umum\nWarna\nBlue\n \nForm Factor\nTouch Bar\nSensors\nAccelerometer, Virtual Proximity Sensing\nSpesifikasi Fisik\nDimension (HxWxD, mm)\n164.0 x 75.9 x 9.1\n \nWeight (g)\n206\nBaterai\nInternet Usage Time(LTE) (Hours)\nUp to 18\n \nInternet Usage Time(Wi-Fi) (Hours)\nUp to 19\n \nVideo Playback Time (Hours)\nUp to 16\n \nBattery Capacity (mAh, Typical)\n5000\n \nAudio Playback Time (Hours)\nUp to 79\n \nTalk Time (4G LTE) (Hours)\nUp to 24\nAudio dan Video\nStereo Support\nNo\n \nVideo Playing Format\nMP4, M4V, 3GP, 3G2, WMV, ASF, AVI, FLV, MKV, WEBM\n \nVideo Playing Resolution\nFHD (1920 x 1080) @30fps\n \nAudio Playing Format\nMP3, M4A, 3GA, AAC, OGG, OGA, WAV, WMA, AMR, AWB, FLAC, MID, MIDI, XMF, MXMF, IMY, RTTTL, RTX, OTA\nAplikasi dan Layanan\nGear Support\nGalaxy Buds Live, Galaxy Buds+, Galaxy Buds, Galaxy Fit2, Galaxy Fit e, Galaxy Fit, Galaxy Watch3, Galaxy Watch, Galaxy Watch Active2, Galaxy Watch Active, Gear Fit2 Pro, Gear Fit2, Gear Sport, Gear S3, Gear S2, Gear IconX, Gear IconX (2018)\n \nSamsung DeX Support\nNo\n \nMobile TV\nTidak', 1214000, 1, 0, 'Black, Gray, Blue', 1),
(79, '2021-03-24 03:28:39', '2021-03-24 03:28:39', 'HP0052', 'Galaxy M10', 8, 6, '20210324102839-Galaxy_M10.png', NULL, NULL, NULL, NULL, 'Prosesor\nCPU Speed\n1.6GHz\n \nCPU Type\nOcta-Core\nDisplay\nSize (Main_Display)\n158.0mm (6.2\" full rectangle) / 153.7mm (6.1\" rounded corners)\n \nResolusi (Main Display)\n720 x 1520 (HD+)\n \nTeknologi (Main Display)\nTFT\n \nKedalaman Warna (Main Display)\n16M\nKamera\nRear Camera - Resolution (Multiple)\n13.0 MP + 5.0 MP\n \nRear Camera - F Number (Multiple)\nF1.9 , F2.2\n \nMain Camera - Auto Focus\nYes\n \nRear Camera - OIS\nNo\n \nFront Camera - Resolution\n5.0 MP\n \nFront Camera - F Number\nF2.0\n \nFront Camera - Auto Focus\nNo\n \nFront Camera - OIS\nNo\n \nMain Camera - Flash\nYes\n \nFront Camera - Flash\nNo\n \nResolusi Rekaman Video\nFHD (1920 x 1080) @30fps\nMemori\nRAM Size (GB)\n2\n \nROM Size (GB)\n16\n \nAvailable Memory (GB)*\n9.3\n \nDukungan Memori Eksternal\nMicroSD (Up to 512GB)\nJaringan\nJUMLAH SIM\nDual-SIM\n \nSIM size\nNano-SIM (4FF)\n \nSIM Slot Type\nSIM + SIM 2 + MicroSD\n \nInfra\n2G GSM, 3G WCDMA, 4G LTE FDD, 4G LTE TDD\n \n2G GSM\nGSM850, GSM900, DCS1800\n \n3G UMTS\nB1(2100), B5(850), B8(900)\n \n4G FDD LTE\nB1(2100), B3(1800), B5(850), B7(2600), B8(900), B20(800)\n \n4G TDD LTE\nB38(2600), B40(2300), B41(2500)\nKonektivitas\nANT+\nTidak\n \nUSB Interface\nMicro USB\n \nVersi USB\nUSB 2.0\n \nTeknologi Lokasi\nGPS, Glonass, Beidou\n \nEarjack\n3.5mm Stereo\n \nMHL\nTidak\n \nWi-Fi\n802.11 b/g/n 2.4GHz\n \nWi-Fi Direct\nYa\n \nVersi Bluetooth\nBluetooth v4.2\n \nNFC\nNo\n \nPC Sync.\nSmart Switch (PC version)\nSistem Operasi\nAndroid\nInformasi Umum\nWarna\nCharcoal black\n \nForm Factor\nTouch Bar\nSensors\nAccelerometer, Proximity Sensor, Virtual Light Sensing\nSpesifikasi Fisik\nDimension (HxWxD, mm)\n155.6 x 75.6 x 7.7\n \nWeight (g)\n163\nBaterai\nInternet Usage Time(3G) (Hours)\nUp to 15\n \nInternet Usage Time(LTE) (Hours)\nUp to 19\n \nInternet Usage Time(Wi-Fi) (Hours)\nUp to 19\n \nVideo Playback Time (Hours)\nUp to 17\n \nBattery Capacity (mAh, Typical)\n3400\n \nAudio Playback Time (Hours)\nUp to 84\n \nTalk Time (3G WCDMA) (Hours)\nUp to 24\nAudio dan Video\nStereo Support\nNo\n \nVideo Playing Format\nMP4, M4V, 3GP, 3G2, WMV, ASF, AVI, FLV, MKV, WEBM\n \nVideo Playing Resolution\nFHD (1920 x 1080) @60fps\n \nAudio Playing Format\nMP3, M4A, 3GA, AAC, OGG, OGA, WAV, WMA, AMR, AWB, FLAC, MID, MIDI, XMF, MXMF, IMY, RTTTL, RTX, OTA\nAplikasi dan Layanan\nGear Support\nGalaxy Watch, Gear Circle (Manager Support), Gear Fit, Gear Fit2, Gear Fit2 Pro, Gear Sport, Gear1, Gear2, Gear2 Neo, Gear S, Gear S2, Gear S3, Gear IconX\n \nSamsung DeX Support\nNo\n \nMobile TV\nTidak', 1455000, 1, 0, 'Ocean Blue, Charcoal Black', 1),
(80, '2021-03-24 03:45:33', '2021-03-24 03:45:33', 'HP0053', 'Galaxy M11', 8, 6, '20210324104533-Galaxy_M11.png', NULL, NULL, NULL, NULL, 'Prosesor\nCPU Speed\n1.8GHz\n \nCPU Type\nOcta-Core\nDisplay\nSize (Main_Display)\n162.4mm (6.4\" full rectangle) / 158.8mm (6.3\" rounded corners)\n \nResolusi (Main Display)\n720 x 1560 (HD+)\n \nTeknologi (Main Display)\nPLS TFT LCD\n \nKedalaman Warna (Main Display)\n16M\nKamera\nRear Camera - Resolution (Multiple)\n13.0 MP + 2.0 MP + 5.0 MP\n \nRear Camera - F Number (Multiple)\nF1.8 , F2.4 , F2.2\n \nMain Camera - Auto Focus\nYes\n \nRear Camera - OIS\nNo\n \nRear Camera Zoom\nDigital Zoom up to 8x\n \nFront Camera - Resolution\n8.0 MP\n \nFront Camera - F Number\nF2.0\n \nFront Camera - Auto Focus\nNo\n \nFront Camera - OIS\nNo\n \nMain Camera - Flash\nYes\n \nFront Camera - Flash\nNo\n \nResolusi Rekaman Video\nFHD (1920 x 1080) @30fps\nMemori\nRAM Size (GB)\n3\n \nROM Size (GB)\n32\n \nAvailable Memory (GB)*\n21.2\n \nDukungan Memori Eksternal\nMicroSD (Up to 512GB)\nJaringan\nJUMLAH SIM\nDual-SIM\n \nSIM size\nNano-SIM (4FF)\n \nSIM Slot Type\nSIM + SIM 2 + MicroSD\n \nInfra\n2G GSM, 3G WCDMA, 4G LTE FDD, 4G LTE TDD\n \n2G GSM\nGSM850, GSM900, DCS1800, PCS1900\n \n3G UMTS\nB1(2100), B2(1900), B5(850), B8(900)\n \n4G FDD LTE\nB1(2100), B2(1900), B3(1800), B5(850), B7(2600), B8(900), B20(800), B28(700)\n \n4G TDD LTE\nB38(2600), B40(2300), B41(2500)\nKonektivitas\nANT+\nTidak\n \nUSB Interface\nUSB Type-C\n \nVersi USB\nUSB 2.0\n \nTeknologi Lokasi\nGPS, Glonass, Beidou, Galileo\n \nEarjack\n3.5mm Stereo\n \nMHL\nTidak\n \nWi-Fi\n802.11 b/g/n 2.4GHz\n \nWi-Fi Direct\nYa\n \nVersi Bluetooth\nBluetooth v4.2\n \nNFC\nNo\n \nPC Sync.\nSmart Switch (PC version)\nSistem Operasi\nAndroid\nInformasi Umum\nWarna\nMetallic Blue\n \nForm Factor\nTouch Bar\nSensors\nAccelerometer, Fingerprint Sensor, Light Sensor, Proximity Sensor\nSpesifikasi Fisik\nDimension (HxWxD, mm)\n161.4 x 76.3 x 9.0\n \nWeight (g)\n197\nBaterai\nBattery Capacity (mAh, Typical)\n5000\nAudio dan Video\nStereo Support\nNo\n \nVideo Playing Format\nMP4, M4V, 3GP, 3G2, WMV, ASF, AVI, FLV, MKV, WEBM\n \nVideo Playing Resolution\nFHD (1920 x 1080) @60fps\n \nAudio Playing Format\nMP3, M4A, 3GA, AAC, OGG, OGA, WAV, WMA, AMR, AWB, FLAC, MID, MIDI, XMF, MXMF, IMY, RTTTL, RTX, OTA\nAplikasi dan Layanan\nGear Support\nGalaxy Buds, Galaxy Fit, Galaxy Fit e, Galaxy Watch, Galaxy Watch Active, Galaxy Watch Active2, Gear Fit2, Gear Fit2 Pro, Gear Sport, Gear S2, Gear S3, Gear IconX, Gear IconX (2018)\n \nSamsung DeX Support\nNo\n \nMobile TV\nTidak', 1649000, 1, 0, 'Black, Metallic Blue, Violet', 1),
(81, '2021-03-24 03:48:32', '2021-03-28 06:07:33', 'HP0054', 'Galaxy M21', 8, 6, '20210324104832-Galaxy_M21.png', NULL, NULL, NULL, NULL, 'Prosesor\nCPU Speed\n2.3GHz, 1.7GHz\n \nCPU Type\nOcta-Core\nDisplay\nSize (Main_Display)\n162.1mm (6.4\" full rectangle) / 157.6mm (6.2\" rounded corners)\n \nResolusi (Main Display)\n2340 x 1080 (FHD+)\n \nTeknologi (Main Display)\nSuper AMOLED\n \nKedalaman Warna (Main Display)\n16M\nKamera\nRear Camera - Resolution (Multiple)\n48.0 MP + 8.0 MP + 5.0 MP\n \nRear Camera - F Number (Multiple)\nF2.0 , F2.2 , F2.2\n \nMain Camera - Auto Focus\nYes\n \nRear Camera - OIS\nNo\n \nRear Camera Zoom\nDigital Zoom up to 4x\n \nFront Camera - Resolution\n20.0 MP\n \nFront Camera - F Number\nF2.2\n \nFront Camera - Auto Focus\nNo\n \nFront Camera - OIS\nNo\n \nMain Camera - Flash\nYes\n \nFront Camera - Flash\nNo\n \nResolusi Rekaman Video\nUHD 4K (3840 x 2160) @30fps\n \nSlow Motion\n240fps @HD\nMemori\nRAM Size (GB)\n4\n \nROM Size (GB)\n64\n \nAvailable Memory (GB)*\n49.0\n \nDukungan Memori Eksternal\nMicroSD (Up to 512GB)\nJaringan\nJUMLAH SIM\nDual-SIM\n \nSIM size\nNano-SIM (4FF)\n \nSIM Slot Type\nSIM + SIM 2 + MicroSD\n \nInfra\n2G GSM, 3G WCDMA, 4G LTE FDD, 4G LTE TDD\n \n2G GSM\nGSM850, GSM900, DCS1800, PCS1900\n \n3G UMTS\nB1(2100), B2(1900), B5(850), B8(900)\n \n4G FDD LTE\nB1(2100), B3(1800), B5(850), B7(2600), B8(900), B20(800)\n \n4G TDD LTE\nB38(2600), B40(2300), B41(2500)\nKonektivitas\nANT+\nTidak\n \nUSB Interface\nUSB Type-C\n \nVersi USB\nUSB 2.0\n \nTeknologi Lokasi\nGPS, Glonass, Beidou, Galileo\n \nEarjack\n3.5mm Stereo\n \nMHL\nTidak\n \nWi-Fi\n802.11 a/b/g/n/ac 2.4+5GHz\n \nWi-Fi Direct\nYa\n \nVersi Bluetooth\nBluetooth v5.0 (LE up to 2 Mbps)\n \nNFC\nNo\n \nPC Sync.\nSmart Switch (PC version)\nSistem Operasi\nAndroid\nInformasi Umum\nWarna\nBlue\n \nForm Factor\nTouch Bar\nSensors\nAccelerometer, Fingerprint Sensor, Gyro Sensor, Geomagnetic Sensor, Proximity Sensor, Virtual Light Sensing\nSpesifikasi Fisik\nDimension (HxWxD, mm)\n159.0 x 75.1 x 8.9\n \nWeight (g)\n188\nBaterai\nInternet Usage Time(LTE) (Hours)\nUp to 22\n \nInternet Usage Time(Wi-Fi) (Hours)\nUp to 22\n \nVideo Playback Time (Hours)\nUp to 29\n \nBattery Capacity (mAh, Typical)\n6000\n \nAudio Playback Time (Hours)\nUp to 131\n \nTalk Time (4G LTE) (Hours)\nUp to 49\nAudio dan Video\nStereo Support\nNo\n \nVideo Playing Format\nMP4, M4V, 3GP, 3G2, WMV, ASF, AVI, FLV, MKV, WEBM\n \nVideo Playing Resolution\nUHD 4K (3840 x 2160)@120fps\n \nAudio Playing Format\nMP3, M4A, 3GA, AAC, OGG, OGA, WAV, WMA, AMR, AWB, FLAC, MID, MIDI, XMF, MXMF, IMY, RTTTL, RTX, OTA\nAplikasi dan Layanan\nGear Support\nGalaxy Buds, Galaxy Fit e, Galaxy Watch, Galaxy Watch Active2, Gear Fit, Gear Fit2, Gear Fit2 Pro, Gear Sport, Gear1, Gear2, Gear2 Neo, Gear S, Gear S2, Gear S3, Gear IconX, Gear IconX (2018)\n \nSamsung DeX Support\nNo\n \nMobile TV\nTidak', 2339000, 0, 0, 'Midnight Blue, Raven Black', 1),
(82, '2021-03-24 03:54:06', '2021-03-24 03:54:06', 'Hp0055', 'Galaxy M30', 8, 6, '20210324105406-Galaxy_M30.png', NULL, NULL, NULL, NULL, 'Prosesor\nCPU Speed\n1.8GHz, 1.6GHz\n \nCPU Type\nOcta-Core\nDisplay\nSize (Main_Display)\n162.1mm (6.4\" full rectangle) / 157.6mm (6.2\" rounded corners)\n \nResolusi (Main Display)\n2340 x 1080 (FHD+)\n \nTeknologi (Main Display)\nSuper AMOLED\n \nKedalaman Warna (Main Display)\n16M\nKamera\nRear Camera - Resolution (Multiple)\n13.0 MP + 5.0 MP + 5.0 MP\n \nRear Camera - F Number (Multiple)\nF1.9 , F2.2 , F2.2\n \nMain Camera - Auto Focus\nYes\n \nRear Camera - OIS\nNo\n \nRear Camera Zoom\nDigital Zoom up to 4x\n \nFront Camera - Resolution\n16.0 MP\n \nFront Camera - F Number\nF2.0\n \nFront Camera - Auto Focus\nNo\n \nFront Camera - OIS\nNo\n \nMain Camera - Flash\nYes\n \nFront Camera - Flash\nNo\n \nResolusi Rekaman Video\nFHD (1920 x 1080) @30fps\nMemori\nRAM Size (GB)\n4\n \nROM Size (GB)\n64\n \nAvailable Memory (GB)*\n49.9\n \nDukungan Memori Eksternal\nMicroSD (Up to 512GB)\nJaringan\nJUMLAH SIM\nDual-SIM\n \nSIM size\nNano-SIM (4FF)\n \nSIM Slot Type\nSIM + SIM 2 + MicroSD\n \nInfra\n2G GSM, 3G WCDMA, 4G LTE FDD, 4G LTE TDD\n \n2G GSM\nGSM850, GSM900, DCS1800, PCS1900\n \n3G UMTS\nB1(2100), B2(1900), B4(AWS), B5(850), B8(900)\n \n4G FDD LTE\nB1(2100), B2(1900), B3(1800), B4(AWS), B5(850), B7(2600), B8(900), B12(700), B13(700), B17(700), B28(700), B66(AWS-3)\n \n4G TDD LTE\nB38(2600), B40(2300), B41(2500)\nKonektivitas\nANT+\nTidak\n \nUSB Interface\nUSB Type-C\n \nVersi USB\nUSB 2.0\n \nTeknologi Lokasi\nGPS, Glonass, Beidou, Galileo\n \nEarjack\n3.5mm Stereo\n \nMHL\nTidak\n \nWi-Fi\n802.11 a/b/g/n/ac 2.4G+5GHz, VHT80\n \nWi-Fi Direct\nYa\n \nVersi Bluetooth\nBluetooth v5.0\n \nNFC\nNo\n \nPC Sync.\nSmart Switch (PC version)\nSistem Operasi\nAndroid\nInformasi Umum\nWarna\nGradation blue\n \nForm Factor\nTouch Bar\nSensors\nAccelerometer, Fingerprint Sensor, Gyro Sensor, Geomagnetic Sensor, Proximity Sensor, Virtual Light Sensing\nSpesifikasi Fisik\nDimension (HxWxD, mm)\n159.0 x 75.1 x 8.5\n \nWeight (g)\n174\nBaterai\nInternet Usage Time(3G) (Hours)\nUp to 18\n \nInternet Usage Time(LTE) (Hours)\nUp to 20\n \nInternet Usage Time(Wi-Fi) (Hours)\nUp to 19\n \nVideo Playback Time (Hours)\nUp to 25\n \nBattery Capacity (mAh, Typical)\n5000\n \nAudio Playback Time (Hours)\nUp to 105\n \nTalk Time (3G WCDMA) (Hours)\nUp to 31\nAudio dan Video\nStereo Support\nNo\n \nVideo Playing Format\nMP4, M4V, 3GP, 3G2, WMV, ASF, AVI, FLV, MKV, WEBM\n \nVideo Playing Resolution\nFHD (1920 x 1080) @60fps\n \nAudio Playing Format\nMP3, M4A, 3GA, AAC, OGG, OGA, WAV, WMA, AMR, AWB, FLAC, MID, MIDI, XMF, MXMF, IMY, RTTTL, RTX, OTA\nAplikasi dan Layanan\nGear Support\nGalaxy Buds, Galaxy Watch, Galaxy Watch Active, Gear Circle (Manager Support), Gear Fit, Gear Fit2, Gear Fit2 Pro, Gear Sport, Gear1, Gear2, Gear2 Neo, Gear S, Gear S2, Gear S3, Gear IconX, Gear IconX (2018)\n \nSamsung DeX Support\nNo\n \nMobile TV\nTidak', 2700000, 1, 0, 'Black, Blue', 1);
INSERT INTO `master_produk` (`id`, `created_at`, `updated_at`, `product_code`, `product_name`, `brand_code`, `category_code`, `image1`, `image2`, `image3`, `image4`, `image5`, `desc`, `price`, `stock`, `isdelete`, `variasi`, `status`) VALUES
(83, '2021-03-24 03:56:33', '2021-03-24 03:56:33', 'HP0056', 'Galaxy M30s', 8, 6, '20210324105633-Galaxy_M30s.png', NULL, NULL, NULL, NULL, 'Prosesor\nCPU Speed\n2.3GHz, 1.7GHz\n \nCPU Type\nOcta-Core\nDisplay\nSize (Main_Display)\n162.1mm (6.4\" full rectangle) / 157.6mm (6.2\" rounded corners)\n \nResolusi (Main Display)\n2340 x 1080 (FHD+)\n \nTeknologi (Main Display)\nSuper AMOLED\n \nKedalaman Warna (Main Display)\n16M\nKamera\nRear Camera - Resolution (Multiple)\n48.0 MP + 8.0 MP + 5.0 MP\n \nRear Camera - F Number (Multiple)\nF2.0 , F2.2 , F2.2\n \nMain Camera - Auto Focus\nYes\n \nRear Camera - OIS\nNo\n \nRear Camera Zoom\nDigital Zoom up to 4x\n \nFront Camera - Resolution\n16.0 MP\n \nFront Camera - F Number\nF2.0\n \nFront Camera - Auto Focus\nYes\n \nFront Camera - OIS\nNo\n \nMain Camera - Flash\nYes\n \nFront Camera - Flash\nNo\n \nResolusi Rekaman Video\nUHD 4K (3840 x 2160) @30fps\n \nSlow Motion\n240fps @HD\nMemori\nRAM Size (GB)\n4\n \nROM Size (GB)\n64\n \nAvailable Memory (GB)*\n50.0\n \nDukungan Memori Eksternal\nMicroSD (Up to 512GB)\nJaringan\nJUMLAH SIM\nDual-SIM\n \nSIM size\nNano-SIM (4FF)\n \nSIM Slot Type\nSIM + SIM 2 + MicroSD\n \nInfra\n2G GSM, 3G WCDMA, 4G LTE FDD, 4G LTE TDD\n \n2G GSM\nGSM850, GSM900, DCS1800, PCS1900\n \n3G UMTS\nB1(2100), B2(1900), B5(850), B8(900)\n \n4G FDD LTE\nB1(2100), B3(1800), B5(850), B7(2600), B8(900), B20(800)\n \n4G TDD LTE\nB38(2600), B40(2300), B41(2500)\nKonektivitas\nANT+\nTidak\n \nUSB Interface\nUSB Type-C\n \nVersi USB\nUSB 2.0\n \nTeknologi Lokasi\nGPS, Glonass, Beidou, Galileo\n \nEarjack\n3.5mm Stereo\n \nMHL\nTidak\n \nWi-Fi\n802.11 a/b/g/n/ac 2.4+5GHz\n \nWi-Fi Direct\nYa\n \nVersi Bluetooth\nBluetooth v5.0 (LE up to 2 Mbps)\n \nNFC\nNo\n \nPC Sync.\nSmart Switch (PC version)\nSistem Operasi\nAndroid\nInformasi Umum\nWarna\nBlue\n \nForm Factor\nTouch Bar\nSensors\nAccelerometer, Fingerprint Sensor, Gyro Sensor, Geomagnetic Sensor, Proximity Sensor, Virtual Light Sensing\nSpesifikasi Fisik\nDimension (HxWxD, mm)\n159.0 x 75.1 x 8.9\n \nWeight (g)\n188\nBaterai\nInternet Usage Time(LTE) (Hours)\nUp to 22\n \nInternet Usage Time(Wi-Fi) (Hours)\nUp to 22\n \nVideo Playback Time (Hours)\nUp to 29\n \nBattery Capacity (mAh, Typical)\n6000\n \nAudio Playback Time (Hours)\nUp to 131\n \nTalk Time (4G LTE) (Hours)\nUp to 49\nAudio dan Video\nStereo Support\nNo\n \nVideo Playing Format\nMP4, M4V, 3GP, 3G2, WMV, ASF, AVI, FLV, MKV, WEBM\n \nVideo Playing Resolution\nUHD 4K (3840 x 2160) @60fps\n \nAudio Playing Format\nMP3, M4A, 3GA, AAC, OGG, OGA, WAV, WMA, AMR, AWB, FLAC, MID, MIDI, XMF, MXMF, IMY, RTTTL, RTX, OTA\nAplikasi dan Layanan\nGear Support\nGalaxy Buds, Galaxy Watch, Gear Circle (Manager Support), Gear Fit, Gear Fit2, Gear Fit2 Pro, Gear Sport, Gear1, Gear2, Gear2 Neo, Gear S, Gear S2, Gear S3, Gear IconX, Gear IconX (2018)\n \nSamsung DeX Support\nNo\n \nMobile TV\nTidak', 1925000, 1, 0, 'Black, Blue', 1),
(84, '2021-03-24 03:58:52', '2021-03-24 03:58:52', 'HP0057', 'Galaxy M31', 8, 6, '20210324105852-Galaxy_M31.png', NULL, NULL, NULL, NULL, 'Prosesor\nCPU Speed\n2.3GHz, 1.7GHz\n \nCPU Type\nOcta-Core\nDisplay\nSize (Main_Display)\n162.1mm (6.4\" full rectangle) / 157.6mm (6.2\" rounded corners)\n \nResolusi (Main Display)\n2340 x 1080 (FHD+)\n \nTeknologi (Main Display)\nSuper AMOLED\n \nKedalaman Warna (Main Display)\n16M\nKamera\nRear Camera - Resolution (Multiple)\n64.0 MP + 8.0 MP + 5.0 MP + 5.0 MP\n \nRear Camera - F Number (Multiple)\nF1.8 , F2.2 , F2.2 , F2.4\n \nMain Camera - Auto Focus\nYes\n \nRear Camera - OIS\nNo\n \nRear Camera Zoom\nDigital Zoom up to 8x\n \nFront Camera - Resolution\n32.0 MP\n \nFront Camera - F Number\nF2.0\n \nFront Camera - Auto Focus\nNo\n \nFront Camera - OIS\nNo\n \nMain Camera - Flash\nYes\n \nFront Camera - Flash\nNo\n \nResolusi Rekaman Video\nUHD 4K (3840 x 2160) @30fps\n \nSlow Motion\n240fps @HD\nMemori\nRAM Size (GB)\n6\n \nROM Size (GB)\n128\n \nAvailable Memory (GB)*\n108.0\n \nDukungan Memori Eksternal\nMicroSD (Up to 512GB)\nJaringan\nJUMLAH SIM\nDual-SIM\n \nSIM size\nNano-SIM (4FF)\n \nSIM Slot Type\nSIM + SIM 2 + MicroSD\n \nInfra\n2G GSM, 3G WCDMA, 4G LTE FDD, 4G LTE TDD\n \n2G GSM\nGSM850, GSM900, DCS1800, PCS1900\n \n3G UMTS\nB1(2100), B2(1900), B4(AWS), B5(850), B8(900)\n \n4G FDD LTE\nB1(2100), B2(1900), B3(1800), B4(AWS), B5(850), B7(2600), B8(900), B12(700), B13(700), B17(700), B20(800), B26(850), B28(700), B66(AWS-3)\n \n4G TDD LTE\nB38(2600), B40(2300), B41(2500)\nKonektivitas\nANT+\nTidak\n \nUSB Interface\nUSB Type-C\n \nVersi USB\nUSB 2.0\n \nTeknologi Lokasi\nGPS, Glonass, Beidou, Galileo\n \nEarjack\n3.5mm Stereo\n \nMHL\nTidak\n \nWi-Fi\n802.11 a/b/g/n/ac 2.4+5GHz\n \nWi-Fi Direct\nYa\n \nVersi Bluetooth\nBluetooth v5.0 (LE up to 2 Mbps)\n \nNFC\nNo\n \nPC Sync.\nSmart Switch (PC version)\nSistem Operasi\nAndroid\nInformasi Umum\nWarna\nBlue\n \nForm Factor\nTouch Bar\nSensors\nAccelerometer, Fingerprint Sensor, Gyro Sensor, Geomagnetic Sensor, Light Sensor, Virtual Proximity Sensing\nSpesifikasi Fisik\nDimension (HxWxD, mm)\n159.2 x 75.1 x 8.9\n \nWeight (g)\n191\nBaterai\nInternet Usage Time(LTE) (Hours)\nUp to 21\n \nInternet Usage Time(Wi-Fi) (Hours)\nUp to 21\n \nVideo Playback Time (Hours)\nUp to 26\n \nBattery Capacity (mAh, Typical)\n6000\n \nAudio Playback Time (Hours)\nUp to 119\n \nTalk Time (4G LTE) (Hours)\nUp to 48\nAudio dan Video\nStereo Support\nNo\n \nVideo Playing Format\nMP4, M4V, 3GP, 3G2, WMV, ASF, AVI, FLV, MKV, WEBM\n \nVideo Playing Resolution\nUHD 4K (3840 x 2160) @60fps\n \nAudio Playing Format\nMP3, M4A, 3GA, AAC, OGG, OGA, WAV, WMA, AMR, AWB, FLAC, MID, MIDI, XMF, MXMF, IMY, RTTTL, RTX, OTA\nAplikasi dan Layanan\nGear Support\nGalaxy Buds, Galaxy Fit, Galaxy Fit e, Galaxy Watch, Galaxy Watch Active, Galaxy Watch Active2, Gear Fit, Gear Fit2, Gear Fit2 Pro, Gear Sport, Gear1, Gear2, Gear2 Neo, Gear S, Gear S2, Gear S3, Gear IconX, Gear IconX (2018)\n \nSamsung DeX Support\nNo\n \nMobile TV\nTidak', 2623800, 1, 0, 'Ocean Blue, Space Black, Red', 1),
(85, '2021-03-24 04:01:14', '2021-03-24 04:01:14', 'HP0058', 'Galaxy M51', 8, 6, '20210324110114-Galaxy_M51.png', NULL, NULL, NULL, NULL, 'Prosesor\nCPU Speed\n2.2GHz, 1.8GHz\n \nCPU Type\nOcta-Core\nDisplay\nSize (Main_Display)\n169.5mm (6.7\" full rectangle) / 167.1mm (6.6\" rounded corners)\n \nResolusi (Main Display)\n1080 x 2400 (FHD+)\n \nTeknologi (Main Display)\nSuper AMOLED Plus\n \nKedalaman Warna (Main Display)\n16M\nKamera\nRear Camera - Resolution (Multiple)\n64.0 MP + 12.0 MP + 5.0 MP + 5.0 MP\n \nRear Camera - F Number (Multiple)\nF1.8 , F2.2 , F2.4 , F2.4\n \nMain Camera - Auto Focus\nYes\n \nRear Camera - OIS\nNo\n \nRear Camera Zoom\nDigital Zoom up to 8x\n \nFront Camera - Resolution\n32.0 MP\n \nFront Camera - F Number\nF2.2\n \nFront Camera - Auto Focus\nNo\n \nFront Camera - OIS\nNo\n \nMain Camera - Flash\nYes\n \nFront Camera - Flash\nNo\n \nResolusi Rekaman Video\nUHD 4K (3840 x 2160) @30fps\n \nSlow Motion\n240fps @HD\nMemori\nRAM Size (GB)\n8\n \nROM Size (GB)\n128\n \nAvailable Memory (GB)*\n106.0\n \nDukungan Memori Eksternal\nMicroSD (Up to 512GB)\nJaringan\nJUMLAH SIM\nDual-SIM\n \nSIM size\nNano-SIM (4FF)\n \nSIM Slot Type\nSIM + SIM 2 + MicroSD\n \nInfra\n2G GSM, 3G WCDMA, 4G LTE FDD, 4G LTE TDD\n \n2G GSM\nGSM850, GSM900, DCS1800, PCS1900\n \n3G UMTS\nB1(2100), B2(1900), B4(AWS), B5(850), B8(900)\n \n4G FDD LTE\nB1(2100), B2(1900), B3(1800), B4(AWS), B5(850), B7(2600), B8(900), B12(700), B17(700), B20(800), B26(850), B28(700), B66(AWS-3)\n \n4G TDD LTE\nB38(2600), B40(2300), B41(2500)\nKonektivitas\nUSB Interface\nUSB Type-C\n \nVersi USB\nUSB 2.0\n \nTeknologi Lokasi\nGPS, Glonass, Beidou, Galileo\n \nEarjack\n3.5mm Stereo\n \nMHL\nTidak\n \nWi-Fi\n802.11 a/b/g/n/ac 2.4G+5GHz, VHT80\n \nWi-Fi Direct\nYa\n \nVersi Bluetooth\nBluetooth v5.0\n \nNFC\nYes\n \nPC Sync.\nSmart Switch (PC version)\nSistem Operasi\nAndroid\nInformasi Umum\nWarna\nBlack\n \nForm Factor\nTouch Bar\nSensors\nAccelerometer, Fingerprint Sensor, Gyro Sensor, Geomagnetic Sensor, RGB Light Sensor, Proximity Sensor\nSpesifikasi Fisik\nDimension (HxWxD, mm)\n163.9 x 76.3 x 9.5\n \nWeight (g)\n213\nBaterai\nInternet Usage Time(LTE) (Hours)\nUp to 23\n \nInternet Usage Time(Wi-Fi) (Hours)\nUp to 24\n \nVideo Playback Time (Hours)\nUp to 34\n \nBattery Capacity (mAh, Typical)\n7000\n \nAudio Playback Time (Hours)\nUp to 182\n \nTalk Time (4G LTE) (Hours)\nUp to 64\nAudio dan Video\nStereo Support\nNo\n \nVideo Playing Format\nMP4, M4V, 3GP, 3G2, WMV, ASF, AVI, FLV, MKV, WEBM\n \nVideo Playing Resolution\nUHD 4K (3840 x 2160) @30fps\n \nAudio Playing Format\nMP3, M4A, 3GA, AAC, OGG, OGA, WAV, WMA, AMR, AWB, FLAC, MID, MIDI, XMF, MXMF, IMY, RTTTL, RTX, OTA\nAplikasi dan Layanan\nGear Support\nGalaxy Buds Live, Galaxy Buds+, Galaxy Buds, Galaxy Fit e, Galaxy Fit, Galaxy Watch3, Galaxy Watch, Galaxy Watch Active2, Galaxy Watch Active, Gear Fit2 Pro, Gear Fit2, Gear Fit, Gear Sport, Gear2 Neo, Gear2, Gear1, Gear S3, Gear S2, Gear S, Gear IconX, Gear IconX (2018)\n \nSamsung DeX Support\nNo\n \nMobile TV\nTidak', 4949000, 1, 0, 'Celestial Black, Electric Blue', 1),
(86, '2021-03-24 04:03:20', '2021-06-02 22:43:02', 'HP0059', 'Galaxy Note10 Lite', 8, 6, '20210324110320-Galaxy_Note10_Lite.png', NULL, NULL, NULL, NULL, 'Prosesor\nCPU Speed\n2.7GHz, 1.7GHz\n \nCPU Type\nOcta-Core\nDisplay\nSize (Main_Display)\n170.3mm (6.7\" full rectangle) / 167.1mm (6.6\" rounded corners)\n \nResolusi (Main Display)\n1080 x 2400 (FHD+)\n \nTeknologi (Main Display)\nSuper AMOLED\n \nKedalaman Warna (Main Display)\n16M\nDukungan S Pen\nYes (Remote Control)\nKamera\nRear Camera - Resolution (Multiple)\n12.0 MP + 12.0 MP + 12.0 MP\n \nRear Camera - F Number (Multiple)\nF1.7 , F2.4 , F2.2\n \nMain Camera - Auto Focus\nYes\n \nRear Camera - OIS\nYes\n \nRear Camera - Zoom\nOptical Zoom at 2x , Digital Zoom up to 10x\n \nFront Camera - Resolution\n32.0 MP\n \nFront Camera - F Number\nF2.2\n \nFront Camera - Auto Focus\nNo\n \nMain Camera - Flash\nYes\n \nResolusi Rekaman Video\nUHD 4K (3840 x 2160) @60fps\n \nSlow Motion\n240fps @FHD, 120fps @FHD\nMemori\nRAM Size (GB)\n8\n \nROM Size (GB)\n128\n \nAvailable Memory (GB)*\n106.1\n \nDukungan Memori Eksternal\nMicroSD (Up to 1TB)\nJaringan\nJUMLAH SIM\nDual-SIM\n \nSIM size\nNano-SIM (4FF)\n \nSIM Slot Type\nSIM 1 + Hybrid (SIM or MicroSD)\n \nInfra\n2G GSM, 3G WCDMA, 4G LTE FDD, 4G LTE TDD\n \n2G GSM\nGSM850, GSM900, DCS1800, PCS1900\n \n3G UMTS\nB1(2100), B2(1900), B4(AWS), B5(850), B8(900)\n \n4G FDD LTE\nB1(2100), B2(1900), B3(1800), B4(AWS), B5(850), B7(2600), B8(900), B12(700), B13(700), B17(700), B20(800), B28(700), B66(AWS-3)\n \n4G TDD LTE\nB38(2600), B40(2300), B41(2500)\nKonektivitas\nANT+\nYa\n \nUSB Interface\nUSB Type-C\n \nVersi USB\nUSB 2.0\n \nTeknologi Lokasi\nGPS, Glonass, Beidou, Galileo\n \nEarjack\n3.5mm Stereo\n \nMHL\nTidak\n \nWi-Fi\n802.11 a/b/g/n/ac 2.4G+5GHz, VHT80 MU-MIMO,1024-QAM\n \nWi-Fi Direct\nYa\n \nVersi Bluetooth\nBluetooth v5.0 (LE up to 2 Mbps)\n \nNFC\nYes\n \nPC Sync.\nSmart Switch (PC version)\nSistem Operasi\nAndroid\nInformasi Umum\nWarna\nAura Glow\n \nForm Factor\nTouch Bar\nSensors\nAccelerometer, Fingerprint Sensor, Gyro Sensor, Geomagnetic Sensor, Hall Sensor, RGB Light Sensor, Proximity Sensor\nSpesifikasi Fisik\nDimension (HxWxD, mm)\n163.7 x 76.1 x 8.7\n \nWeight (g)\n199\nBaterai\nInternet Usage Time(LTE) (Hours)\nUp to 16\n \nInternet Usage Time(Wi-Fi) (Hours)\nUp to 17\n \nBattery Capacity (mAh, Typical)\n4500\n \nTalk Time (4G LTE) (Hours)\nUp to 27\nAudio dan Video\nStereo Support\nNo\n \nVideo Playing Format\nMP4, M4V, 3GP, 3G2, WMV, ASF, AVI, FLV, MKV, WEBM\n \nVideo Playing Resolution\nUHD 4K (3840 x 2160)@120fps\n \nAudio Playing Format\nMP3, M4A, 3GA, AAC, OGG, OGA, WAV, WMA, AMR, AWB, FLAC, MID, MIDI, XMF, MXMF, IMY, RTTTL, RTX, OTA, DFF, DSF, APE\nAplikasi dan Layanan\nGear Support\nGalaxy Buds, Galaxy Fit, Galaxy Fit e, Galaxy Watch, Galaxy Watch Active, Galaxy Watch Active2, Gear Fit, Gear Fit2, Gear Fit2 Pro, Gear Sport, Gear1, Gear2, Gear2 Neo, Gear S, Gear S2, Gear S3, Gear IconX, Gear IconX (2018)\n \nSamsung DeX Support\nNo\n \nS-Voice\nTidak\n \nMobile TV\nTidak', 7499000, 0, 0, 'Aura Glow, Aura Black, Aura Red', 1),
(87, '2021-03-24 04:06:06', '2021-06-01 05:51:36', 'HP0060', 'Galaxy Note10', 8, 6, '20210324110606-Galaxy_Note10.png', NULL, NULL, NULL, NULL, 'Prosesor\nCPU Speed\n2.7GHz, 2.4GHz, 1.9GHz\nCPU Type\nOcta-Core\nDisplay\nSize (Main_Display)\n159.4mm (6.3\" full rectangle) / 158.2mm (6.2\" rounded corners)\nResolusi (Main Display)\n2280 x 1080 (FHD+)\nTeknologi (Main Display)\nDynamic AMOLED\nKedalaman Warna (Main Display)\n16M\nDukungan S Pen\nYes (Gesture/Remote Control)\nKamera\nRear Camera - Resolution (Multiple)\n12.0 MP + 16.0 MP + 12.0 MP\nRear Camera - F Number (Multiple)\nF1.5/F2.4 (Dual Aperture) , F2.2 , F2.1\nMain Camera - Auto Focus\nYes\nRear Camera - OIS\nYes\nRear Camera - Zoom\nOptical Zoom at 2x , Digital Zoom up to 10x\nFront Camera - Resolution\n10.0 MP\nFront Camera - F Number\nF2.2\nFront Camera - Auto Focus\nYes\nMain Camera - Flash\nYes\nResolusi Rekaman Video\nUHD 4K (3840 x 2160) @60fps\nSlow Motion\n960fps @HD, 240fps @FHD\nMemori\nRAM Size (GB)\n8\nROM Size (GB)\n256\nAvailable Memory (GB)*\n224.6\nJaringan\nJUMLAH SIM\nDual-SIM\nSIM size\nNano-SIM (4FF)\nSIM Slot Type\nSIM + SIM 2\nInfra\n2G GSM, 3G WCDMA, 3G TD-SCDMA, 4G LTE FDD, 4G LTE TDD\n2G GSM\nGSM850, GSM900, DCS1800, PCS1900\n3G UMTS\nB1(2100), B2(1900), B4(AWS), B5(850), B8(900)\n3G TD-SCDMA\nB34(2010), B39(1880)\n4G FDD LTE\nB1(2100), B2(1900), B3(1800), B4(AWS), B5(850), B7(2600), B8(900), B12(700), B13(700), B17(700), B18(800), B19(800), B20(800), B25(1900), B26(850), B28(700), B32(1500), B66(AWS-3)\n4G TDD LTE\nB38(2600), B39(1900), B40(2300), B41(2500)\nKonektivitas\nANT+\nYa\nUSB Interface\nUSB Type-C\nVersi USB\nUSB 3.1 Gen 1\nTeknologi Lokasi\nGPS, Glonass, Beidou, Galileo\nEarjack\nUSB Type-C\nMHL\nTidak\nWi-Fi\n802.11 a/b/g/n/ac/ax 2.4G+5GHz, HE80, MIMO, 1024-QAM\nWi-Fi Direct\nYa\nVersi Bluetooth\nBluetooth v5.0\nNFC\nYes\nPC Sync.\nSmart Switch (PC version)\nSistem Operasi\nAndroid\nInformasi Umum\nWarna\nAura glow\nForm Factor\nTouch Bar\nSensors\nAccelerometer, Barometer, Fingerprint Sensor, Gyro Sensor, Geomagnetic Sensor, Hall Sensor, RGB Light Sensor, Proximity Sensor\nSpesifikasi Fisik\nDimension (HxWxD, mm)\n151.0 x 71.8 x 7.9\nWeight (g)\n168\nBaterai\nInternet Usage Time(LTE) (Hours)\nUp to 15\nInternet Usage Time(Wi-Fi) (Hours)\nUp to 15\nVideo Playback Time (Hours, Wireless)\nUp to 17\nBattery Capacity (mAh, Typical)\n3500\nAudio Playback Time (Hours, Wireless)\nUp to 50\nTalk Time (4G LTE) (Hours)\nUp to 24\nAudio dan Video\nStereo Support\nYes\nVideo Playing Format\nMP4, M4V, 3GP, 3G2, WMV, ASF, AVI, FLV, MKV, WEBM\nVideo Playing Resolution\nUHD 8K (7680 x 4320) @30fps\nAudio Playing Format\nMP3, M4A, 3GA, AAC, OGG, OGA, WAV, WMA, AMR, AWB, FLAC, MID, MIDI, XMF, MXMF, IMY, RTTTL, RTX, OTA, DFF, DSF, APE\nAplikasi dan Layanan\nGear Support\nGalaxy Buds, Galaxy Fit, Galaxy Fit e, Galaxy Watch, Galaxy Watch Active, Gear Circle (Manager Support), Gear Fit, Gear Fit2, Gear Fit2 Pro, Gear Sport, Gear1, Gear2, Gear2 Neo, Gear S, Gear S2, Gear S3, Gear IconX, Gear IconX (2018), Gear 360, Gear 360 (2017)\nSamsung DeX Support\nYes\nS-Voice\nTidak\nMobile TV\nTidak', 7500000, 0, 0, 'Aura Glow, Aura White, Aura Black', 1),
(88, '2021-03-24 04:09:33', '2021-03-24 04:09:33', 'HP0061', 'Galaxy Note10+', 8, 6, '20210324110933-Galaxy_Note10+.png', NULL, NULL, NULL, NULL, 'Prosesor\nCPU Speed\n2.7GHz, 2.4GHz, 1.9GHz\nCPU Type\nOcta-Core\nDisplay\nSize (Main_Display)\n159.4mm (6.3\" full rectangle) / 158.2mm (6.2\" rounded corners)\nResolusi (Main Display)\n2280 x 1080 (FHD+)\nTeknologi (Main Display)\nDynamic AMOLED\nKedalaman Warna (Main Display)\n16M\nDukungan S Pen\nYes (Gesture/Remote Control)\nKamera\nRear Camera - Resolution (Multiple)\n12.0 MP + 16.0 MP + 12.0 MP\nRear Camera - F Number (Multiple)\nF1.5/F2.4 (Dual Aperture) , F2.2 , F2.1\nMain Camera - Auto Focus\nYes\nRear Camera - OIS\nYes\nRear Camera - Zoom\nOptical Zoom at 2x , Digital Zoom up to 10x\nFront Camera - Resolution\n10.0 MP\nFront Camera - F Number\nF2.2\nFront Camera - Auto Focus\nYes\nMain Camera - Flash\nYes\nResolusi Rekaman Video\nUHD 4K (3840 x 2160) @60fps\nSlow Motion\n960fps @HD, 240fps @FHD\nMemori\nRAM Size (GB)\n8\nROM Size (GB)\n256\nAvailable Memory (GB)*\n224.6\nJaringan\nJUMLAH SIM\nDual-SIM\nSIM size\nNano-SIM (4FF)\nSIM Slot Type\nSIM + SIM 2\nInfra\n2G GSM, 3G WCDMA, 3G TD-SCDMA, 4G LTE FDD, 4G LTE TDD\n2G GSM\nGSM850, GSM900, DCS1800, PCS1900\n3G UMTS\nB1(2100), B2(1900), B4(AWS), B5(850), B8(900)\n3G TD-SCDMA\nB34(2010), B39(1880)\n4G FDD LTE\nB1(2100), B2(1900), B3(1800), B4(AWS), B5(850), B7(2600), B8(900), B12(700), B13(700), B17(700), B18(800), B19(800), B20(800), B25(1900), B26(850), B28(700), B32(1500), B66(AWS-3)\n4G TDD LTE\nB38(2600), B39(1900), B40(2300), B41(2500)\nKonektivitas\nANT+\nYa\nUSB Interface\nUSB Type-C\nVersi USB\nUSB 3.1 Gen 1\nTeknologi Lokasi\nGPS, Glonass, Beidou, Galileo\nEarjack\nUSB Type-C\nMHL\nTidak\nWi-Fi\n802.11 a/b/g/n/ac/ax 2.4G+5GHz, HE80, MIMO, 1024-QAM\nWi-Fi Direct\nYa\nVersi Bluetooth\nBluetooth v5.0\nNFC\nYes\nPC Sync.\nSmart Switch (PC version)\nSistem Operasi\nAndroid\nInformasi Umum\nWarna\nAura glow\nForm Factor\nTouch Bar\nSensors\nAccelerometer, Barometer, Fingerprint Sensor, Gyro Sensor, Geomagnetic Sensor, Hall Sensor, RGB Light Sensor, Proximity Sensor\nSpesifikasi Fisik\nDimension (HxWxD, mm)\n151.0 x 71.8 x 7.9\nWeight (g)\n168\nBaterai\nInternet Usage Time(LTE) (Hours)\nUp to 15\nInternet Usage Time(Wi-Fi) (Hours)\nUp to 15\nVideo Playback Time (Hours, Wireless)\nUp to 17\nBattery Capacity (mAh, Typical)\n3500\nAudio Playback Time (Hours, Wireless)\nUp to 50\nTalk Time (4G LTE) (Hours)\nUp to 24\nAudio dan Video\nStereo Support\nYes\nVideo Playing Format\nMP4, M4V, 3GP, 3G2, WMV, ASF, AVI, FLV, MKV, WEBM\nVideo Playing Resolution\nUHD 8K (7680 x 4320) @30fps\nAudio Playing Format\nMP3, M4A, 3GA, AAC, OGG, OGA, WAV, WMA, AMR, AWB, FLAC, MID, MIDI, XMF, MXMF, IMY, RTTTL, RTX, OTA, DFF, DSF, APE\nAplikasi dan Layanan\nGear Support\nGalaxy Buds, Galaxy Fit, Galaxy Fit e, Galaxy Watch, Galaxy Watch Active, Gear Circle (Manager Support), Gear Fit, Gear Fit2, Gear Fit2 Pro, Gear Sport, Gear1, Gear2, Gear2 Neo, Gear S, Gear S2, Gear S3, Gear IconX, Gear IconX (2018), Gear 360, Gear 360 (2017)\nSamsung DeX Support\nYes\nS-Voice\nTidak\nMobile TV\nTidak', 7500000, 1, 0, 'Aura Glow, Aura White, Aura Black', 1),
(89, '2021-03-24 04:13:38', '2021-03-24 04:13:38', 'HP0062', 'Galaxy Note20 Ultra', 8, 6, '20210324111338-Galaxy_Note20_Ultra.png', NULL, NULL, NULL, NULL, 'Prosesor\nCPU Speed\n2.73GHz, 2.5GHz, 2GHz\nCPU Type\nOcta-Core\nDisplay\nSize (Main_Display)\n174.5mm (6.9\" full rectangle) / 173.3mm (6.8\" rounded corners)\nResolusi (Main Display)\n3088 x 1440 (Quad HD+)\nTeknologi (Main Display)\nDynamic AMOLED 2X\nKedalaman Warna (Main Display)\n16M\nDukungan S Pen\nYes (Gesture/Remote Control)\nKamera\nRear Camera - Resolution (Multiple)\n108.0 MP + 12.0 MP + 12.0 MP\nRear Camera - F Number (Multiple)\nF1.8 , F2.2 , F3.0\nMain Camera - Auto Focus\nYes\nRear Camera - OIS\nYes\nRear Camera - Zoom\nOptical Zoom at 5x , Digital Zoom up to 50x\nFront Camera - Resolution\n10.0 MP\nFront Camera - F Number\nF2.2\nFront Camera - Auto Focus\nYes\nMain Camera - Flash\nYes\nRear Camera - Laser AF Sensor\nYes\nResolusi Rekaman Video\nUHD 8K (7680 x 4320) @24fps\nSlow Motion\n960fps @HD, 240fps @FHD\nMemori\nRAM Size (GB)\n8\nROM Size (GB)\n256\nAvailable Memory (GB)*\n221.6\nDukungan Memori Eksternal\nMicroSD (Up to 1TB)\nJaringan\nJUMLAH SIM\nDual-SIM\nSIM size\nNano-SIM (4FF), Embedded-SIM\nSIM Slot Type\nSIM 1 + Hybrid (SIM or MicroSD) or Embedded SIM\nInfra\n2G GSM, 3G WCDMA, 4G LTE FDD, 4G LTE TDD\n2G GSM\nGSM850, GSM900, DCS1800, PCS1900\n3G UMTS\nB1(2100), B2(1900), B4(AWS), B5(850), B8(900)\n4G FDD LTE\nB1(2100), B2(1900), B3(1800), B4(AWS), B5(850), B7(2600), B8(900), B12(700), B13(700), B17(700), B18(800), B19(800), B20(800), B25(1900), B26(850), B28(700), B32(1500), B66(AWS-3)\n4G TDD LTE\nB38(2600), B39(1900), B40(2300), B41(2500)\nKonektivitas\nUSB Interface\nUSB Type-C\nVersi USB\nUSB 3.2 Gen 1\nTeknologi Lokasi\nGPS, Glonass, Beidou, Galileo\nEarjack\nUSB Type-C\nMHL\nTidak\nWi-Fi\n802.11 a/b/g/n/ac/ax 2.4G+5GHz, HE80, MIMO, 1024-QAM\nWi-Fi Direct\nYa\nVersi Bluetooth\nBluetooth v5.0\nNFC\nYes\nUWB (Ultra-Wideband)\nYes\nPC Sync.\nSmart Switch (PC version)\nSistem Operasi\nAndroid\nInformasi Umum\nWarna\nMystic Bronze\nForm Factor\nTouch Bar\nSensors\nAccelerometer, Barometer, Fingerprint Sensor, Gyro Sensor, Geomagnetic Sensor, Hall Sensor, Light Sensor, Proximity Sensor\nSpesifikasi Fisik\nDimension (HxWxD, mm)\n164.8 x 77.2 x 8.1\nWeight (g)\n208\nBaterai\nInternet Usage Time(LTE) (Hours)\nUp to 15\nInternet Usage Time(Wi-Fi) (Hours)\nUp to 16\nVideo Playback Time (Hours, Wireless)\nUp to 19\nBattery Capacity (mAh, Typical)\n4500\nAudio Playback Time (Hours, Wireless)\nUp to 75\nTalk Time (4G LTE) (Hours)\nUp to 24\nAudio dan Video\nStereo Support\nYes\nVideo Playing Format\nMP4, M4V, 3GP, 3G2, WMV, ASF, AVI, FLV, MKV, WEBM\nVideo Playing Resolution\nUHD 8K (7680 x 4320) @30fps\nAudio Playing Format\nMP3, M4A, 3GA, AAC, OGG, OGA, WAV, WMA, AMR, AWB, FLAC, MID, MIDI, XMF, MXMF, IMY, RTTTL, RTX, OTA, DFF, DSF, APE\nAplikasi dan Layanan\nGear Support\nGalaxy Buds Live, Galaxy Buds+, Galaxy Buds, Galaxy Fit e, Galaxy Fit, Galaxy Watch3, Galaxy Watch, Galaxy Watch Active2, Galaxy Watch Active, Gear Fit2 Pro, Gear Fit2, Gear Sport, Gear S3, Gear S2, Gear IconX, Gear IconX (2018)\nSamsung DeX Support\nYes\nS-Voice\nTidak\nMobile TV\nTidak', 15099000, 1, 0, 'Mystic Bronze, Mystic Black, Mystic White', 1),
(90, '2021-03-24 04:16:32', '2021-03-24 04:16:32', 'HP0063', 'Galaxy Note20', 8, 6, '20210324111632-Galaxy_Note20.png', NULL, NULL, NULL, NULL, 'Prosesor\nCPU Speed\n2.73GHz, 2.5GHz, 2GHz\nCPU Type\nOcta-Core\nDisplay\nSize (Main_Display)\n169.5mm (6.7\" full rectangle) / 166.4mm (6.6\" rounded corners)\nResolusi (Main Display)\n2400 x 1080 (FHD+)\nTeknologi (Main Display)\nSuper AMOLED Plus\nKedalaman Warna (Main Display)\n16M\nDukungan S Pen\nYes (Gesture/Remote Control)\nKamera\nRear Camera - Resolution (Multiple)\n12.0 MP + 12.0 MP + 64.0 MP\nRear Camera - F Number (Multiple)\nF1.8 , F2.2 , F2.0\nMain Camera - Auto Focus\nYes\nRear Camera - OIS\nYes\nRear Camera - Zoom\nHybrid Optic Zoom at 3x , Digital Zoom up to 30x\nFront Camera - Resolution\n10.0 MP\nFront Camera - F Number\nF2.2\nFront Camera - Auto Focus\nYes\nMain Camera - Flash\nYes\nResolusi Rekaman Video\nUHD 8K (7680 x 4320) @24fps\nSlow Motion\n960fps @HD, 240fps @FHD\nMemori\nRAM Size (GB)\n8\nROM Size (GB)\n256\nAvailable Memory (GB)*\n221.7\nJaringan\nJUMLAH SIM\nDual-SIM\nSIM size\nNano-SIM (4FF), Embedded-SIM\nSIM Slot Type\nSIM 1 + SIM 2 or Embedded SIM\nInfra\n2G GSM, 3G WCDMA, 4G LTE FDD, 4G LTE TDD\n2G GSM\nGSM850, GSM900, DCS1800, PCS1900\n3G UMTS\nB1(2100), B2(1900), B4(AWS), B5(850), B8(900)\n4G FDD LTE\nB1(2100), B2(1900), B3(1800), B4(AWS), B5(850), B7(2600), B8(900), B12(700), B13(700), B17(700), B18(800), B19(800), B20(800), B25(1900), B26(850), B28(700), B32(1500), B66(AWS-3)\n4G TDD LTE\nB38(2600), B39(1900), B40(2300), B41(2500)\nKonektivitas\nUSB Interface\nUSB Type-C\nVersi USB\nUSB 3.2 Gen 1\nTeknologi Lokasi\nGPS, Glonass, Beidou, Galileo\nEarjack\nUSB Type-C\nMHL\nTidak\nWi-Fi\n802.11 a/b/g/n/ac/ax 2.4G+5GHz, HE80, MIMO, 1024-QAM\nWi-Fi Direct\nYa\nVersi Bluetooth\nBluetooth v5.0\nNFC\nYes\nPC Sync.\nSmart Switch (PC version)\nSistem Operasi\nAndroid\nInformasi Umum\nForm Factor\nTouch Bar\nSensors\nAccelerometer, Barometer, Fingerprint Sensor, Gyro Sensor, Geomagnetic Sensor, Hall Sensor, Light Sensor, Proximity Sensor\nSpesifikasi Fisik\nDimension (HxWxD, mm)\n161.6 x 75.2 x 8.3\nWeight (g)\n192\nBaterai\nInternet Usage Time(LTE) (Hours)\nUp to 15\nInternet Usage Time(Wi-Fi) (Hours)\nUp to 16\nVideo Playback Time (Hours, Wireless)\nUp to 21\nBattery Capacity (mAh, Typical)\n4300\nAudio Playback Time (Hours, Wireless)\nUp to 74\nTalk Time (4G LTE) (Hours)\nUp to 23\nAudio dan Video\nStereo Support\nYes\nVideo Playing Format\nMP4, M4V, 3GP, 3G2, WMV, ASF, AVI, FLV, MKV, WEBM\nVideo Playing Resolution\nUHD 8K (7680 x 4320) @30fps\nAudio Playing Format\nMP3, M4A, 3GA, AAC, OGG, OGA, WAV, WMA, AMR, AWB, FLAC, MID, MIDI, XMF, MXMF, IMY, RTTTL, RTX, OTA, DFF, DSF, APE\nAplikasi dan Layanan\nGear Support\nGalaxy Buds Live, Galaxy Buds+, Galaxy Buds, Galaxy Fit e, Galaxy Fit, Galaxy Watch3, Galaxy Watch, Galaxy Watch Active2, Galaxy Watch Active, Gear Fit2 Pro, Gear Fit2, Gear Sport, Gear S3, Gear S2, Gear IconX, Gear IconX (2018)\nSamsung DeX Support\nYes\nS-Voice\nTidak\nMobile TV\nTidak', 12199000, 1, 0, 'Mystic Green, Mystic Bronze, Mystic Gray', 1),
(91, '2021-03-24 04:30:32', '2021-03-24 04:30:32', 'HP0064', 'Galaxy S9', 8, 6, '20210324113032-Snap2.png', NULL, NULL, NULL, NULL, 'NETWORK	Technology	\nGSM / CDMA / HSPA / EVDO / LTE\nLAUNCH	Announced	2018, February 25\nStatus	Available. Released 2018, March 09\nBODY	Dimensions	147.7 x 68.7 x 8.5 mm (5.81 x 2.70 x 0.33 in)\nWeight	163 g (5.75 oz)\nBuild	Glass front (Gorilla Glass 5), glass back (Gorilla Glass 5), aluminum frame\nSIM	Single SIM (Nano-SIM) or Hybrid Dual SIM (Nano-SIM, dual stand-by)\n 	IP68 dust/water resistant (up to 1.5m for 30 mins)\nDISPLAY	Type	Super AMOLED, HDR10\nSize	5.8 inches, 84.8 cm2 (~83.6% screen-to-body ratio)\nResolution	1440 x 2960 pixels, 18.5:9 ratio (~570 ppi density)\nProtection	Corning Gorilla Glass 5\n 	3D Touch (home button only)\nAlways-on display\nPLATFORM	OS	Android 8.0 (Oreo), upgradable to Android 10, One UI 2.1\nChipset	Exynos 9810 (10 nm) - EMEA\nQualcomm SDM845 Snapdragon 845 (10 nm) - USA/LATAM, China\nCPU	Octa-core (4x2.7 GHz Mongoose M3 & 4x1.8 GHz Cortex-A55) - EMEA\nOcta-core (4x2.8 GHz Kryo 385 Gold & 4x1.7 GHz Kryo 385 Silver) - USA/LATAM, China\nGPU	Mali-G72 MP18 - EMEA\nAdreno 630 - USA/LATAM, China\nMEMORY	Card slot	microSDXC (uses shared SIM slot) - dual SIM model only\nInternal	64GB 4GB RAM, 128GB 4GB RAM, 256GB 4GB RAM\n 	UFS 2.1\nMAIN CAMERA	Single	12 MP, f/1.5-2.4, 26mm (wide), 1/2.55\", 1.4m, dual pixel PDAF, OIS\nFeatures	LED flash, auto-HDR, panorama\nVideo	4K@30/60fps, 1080p@30/60/240fps, 720p@960fps, HDR, stereo sound rec., gyro-EIS & OIS (30fps)\nSELFIE CAMERA	Dual	8 MP, f/1.7, 25mm (wide), 1/3.6\", 1.22m, AF\n2 MP (dedicated iris scanner camera)\nFeatures	Dual video call, Auto-HDR\nVideo	1440p@30fps\nSOUND	Loudspeaker	Yes, with stereo speakers\n3.5mm jack	Yes\n 	32-bit/384kHz audio\nTuned by AKG\nCOMMS	WLAN	Wi-Fi 802.11 a/b/g/n/ac, dual-band, Wi-Fi Direct, hotspot\nBluetooth	5.0, A2DP, LE, aptX\nGPS	Yes, with A-GPS, GLONASS, BDS, GALILEO\nNFC	Yes\nRadio	FM radio (USA & Canada only)\nUSB	USB Type-C 3.1\nFEATURES	Sensors	Iris scanner, fingerprint (rear-mounted), accelerometer, gyro, proximity, compass, barometer, heart rate, SpO2\n 	ANT+\nBixby natural language commands and dictation\nSamsung Pay (Visa, MasterCard certified)\nBATTERY	Type	Li-Ion 3000 mAh, non-removable (11.55 Wh)\nCharging	Fast charging 15W\nQuick Charge 2.0\nQi/PMA wireless charging - market dependent\nMISC	Colors	Midnight Black, Coral Blue, Titanium Gray, Lilac Purple, Burgundy Red, Sunrise Gold, Ice Blue\nModels	SM-G960F, SM-G960, SM-G960F, SM-G960U, SM-G960W, SM-G9600, SM-G960U1, SM-G960N, SCV38, SM-G960X, SC-02K\nSAR	0.63 W/kg (head)     0.96 W/kg (body)    \nSAR EU	0.36 W/kg (head)     1.18 W/kg (body)    \nPrice	$220.99 / 361.00 / 203.35\nTESTS	Performance	AnTuTu: 250156 (v7)\nGeekBench: 8830 (v4.4)\nGFXBench: 14fps (ES 3.1 onscreen)\nDisplay	Contrast ratio: Infinite (nominal), 4.630 (sunlight)\nCamera	Photo / Video\nLoudspeaker	Voice 68dB / Noise 74dB / Ring 81dB\nAudio quality	Noise -93.4dB / Crosstalk -93.9dB\nBattery life	\nEndurance rating 78h', 4500000, 1, 0, 'Midnight Black, Coral Blue, Titanium Gray', 1),
(92, '2021-03-24 04:32:44', '2021-03-28 05:50:44', 'HP0065', 'Galaxy S9+', 8, 6, '20210324113244-Galaxy_S9+.png', NULL, NULL, NULL, NULL, 'NETWORK	Technology	\nGSM / CDMA / HSPA / EVDO / LTE\nLAUNCH	Announced	2018, February 25\nStatus	Available. Released 2018, March\nBODY	Dimensions	158.1 x 73.8 x 8.5 mm (6.22 x 2.91 x 0.33 in)\nWeight	189 g (6.67 oz)\nBuild	Glass front (Gorilla Glass 5), glass back (Gorilla Glass 5), aluminum frame\nSIM	Single SIM (Nano-SIM) or Hybrid Dual SIM (Nano-SIM, dual stand-by)\n 	IP68 dust/water resistant (up to 1.5m for 30 mins)\nDISPLAY	Type	Super AMOLED, HDR10\nSize	6.2 inches, 98.3 cm2 (~84.2% screen-to-body ratio)\nResolution	1440 x 2960 pixels, 18.5:9 ratio (~529 ppi density)\nProtection	Corning Gorilla Glass 5\n 	3D Touch (home button only)\nAlways-on display\nPLATFORM	OS	Android 8.0 (Oreo), upgradable to Android 10, One UI 2.1\nChipset	Exynos 9810 (10 nm) - EMEA\nQualcomm SDM845 Snapdragon 845 (10 nm) - USA/LATAM, China\nCPU	Octa-core (4x2.7 GHz Mongoose M3 & 4x1.8 GHz Cortex-A55) - EMEA\nOcta-core (4x2.8 GHz Kryo 385 Gold & 4x1.7 GHz Kryo 385 Silver) - USA/LATAM, China\nGPU	Mali-G72 MP18 - EMEA\nAdreno 630 - USA/LATAM, China\nMEMORY	Card slot	microSDXC (uses shared SIM slot) - dual SIM model only\nInternal	64GB 6GB RAM, 128GB 6GB RAM, 256GB 6GB RAM\n 	UFS 2.1\nMAIN CAMERA	Dual	12 MP, f/1.5-2.4, 26mm (wide), 1/2.55\", 1.4m, Dual Pixel PDAF, OIS\n12 MP, f/2.4, 52mm (telephoto), 1/3.6\", 1.0m, AF, OIS, 2x optical zoom\nFeatures	LED flash, auto-HDR, panorama\nVideo	4K@30/60fps, 1080p@30/60/240fps, 720p@960fps, HDR, stereo sound rec., gyro-EIS & OIS (30fps)\nSELFIE CAMERA	Dual	8 MP, f/1.7, 25mm (wide), 1/3.6\", 1.22m, AF\n2 MP (dedicated iris scanner camera)\nFeatures	Dual video call, Auto-HDR\nVideo	1440p@30fps\nSOUND	Loudspeaker	Yes, with stereo speakers\n3.5mm jack	Yes\n 	32-bit/384kHz audio\nTuned by AKG\nCOMMS	WLAN	Wi-Fi 802.11 a/b/g/n/ac, dual-band, Wi-Fi Direct, hotspot\nBluetooth	5.0, A2DP, LE, aptX\nGPS	Yes, with A-GPS, GLONASS, BDS, GALILEO\nNFC	Yes\nRadio	FM radio (USA & Canada only)\nUSB	USB Type-C 3.1\nFEATURES	Sensors	Iris scanner, fingerprint (rear-mounted), accelerometer, gyro, proximity, compass, barometer, heart rate, SpO2\n 	Samsung DeX (desktop experience support)\nANT+\nBixby natural language commands and dictation\nSamsung Pay (Visa, MasterCard certified)\nBATTERY	Type	Li-Ion 3500 mAh, non-removable (13.48 Wh)\nCharging	Fast charging 15W\nQuick Charge 2.0\nQi/PMA wireless charging - market dependent\nMISC	Colors	Midnight Black, Coral Blue, Titanium Gray, Lilac Purple, Burgundy Red, Sunrise Gold, Ice Blue, Polaris Blue\nModels	SM-G965F, SM-G965U, SM-G965W, SM-G9650, SM-G965U1, SM-G965N, SCV39, SM-G965X, SC-03K\nSAR	0.78 W/kg (head)     0.79 W/kg (body)    \nSAR EU	0.29 W/kg (head)     1.35 W/kg (body)    \nPrice	$258.44 / 459.95 / 279.99\nTESTS	Performance	AnTuTu: 246660 (v7)\nGeekBench: 8883 (v4.4)\nGFXBench: 14fps (ES 3.1 onscreen)\nDisplay	Contrast ratio: Infinite (nominal), 4.537 (sunlight)\nCamera	Photo / Video\nLoudspeaker	Voice 68dB / Noise 74dB / Ring 80dB\nAudio quality	Noise -92.6dB / Crosstalk -93.4dB\nBattery life	\nEndurance rating 86h', 5600000, 0, 0, 'Midnight Black, Coral Blue, Titanium Gray', 1),
(93, '2021-03-24 06:44:52', '2021-06-05 00:10:20', 'HP0066', 'Galaxy A32', 8, 6, '20210324134452-Galaxy_A32.png', NULL, NULL, NULL, NULL, 'Prosesor\nCPU Speed\n2GHz, 1.8GHz\n \nCPU Type\nOcta-Core\nDisplay\nSize (Main_Display)\n162.1mm (6.4\" full rectangle) / 158.7mm (6.2\" rounded corners)\n \nResolusi (Main Display)\n1080 x 2400 (FHD+)\n \nTeknologi (Main Display)\nSuper AMOLED\n \nKedalaman Warna (Main Display)\n16M\nKamera\nRear Camera - Resolution (Multiple)\n64.0 MP + 8.0 MP + 5.0 MP + 5.0 MP\n \nRear Camera - F Number (Multiple)\nF1.8 , F2.2 , F2.4 , F2.4\n \nMain Camera - Auto Focus\nYes\n \nRear Camera - OIS\nNo\n \nRear Camera Zoom\nDigital Zoom up to 10x\n \nFront Camera - Resolution\n20.0 MP\n \nFront Camera - F Number\nF2.2\n \nFront Camera - Auto Focus\nNo\n \nFront Camera - OIS\nNo\n \nMain Camera - Flash\nYes\n \nFront Camera - Flash\nNo\n \nResolusi Rekaman Video\nFHD (1920 x 1080) @30fps\n \nSlow Motion\n120fps @HD\nMemori\nRAM Size (GB)\n6\n \nROM Size (GB)\n128\n \nAvailable Memory (GB)*\n103.2\n \nDukungan Memori Eksternal\nMicroSD (Up to 1TB)\nJaringan\nJUMLAH SIM\nDual-SIM\n \nSIM size\nNano-SIM (4FF)\n \nSIM Slot Type\nSIM + SIM 2 + MicroSD\n \nInfra\n2G GSM, 3G WCDMA, 4G LTE FDD, 4G LTE TDD\n \n2G GSM\nGSM850, GSM900, DCS1800, PCS1900\n \n3G UMTS\nB1(2100), B2(1900), B5(850), B8(900)\n \n4G FDD LTE\nB1(2100), B2(1900), B3(1800), B5(850), B7(2600), B8(900), B20(800), B28(700)\n \n4G TDD LTE\nB38(2600), B40(2300), B41(2500)\nKonektivitas\nUSB Interface\nUSB Type-C\n \nVersi USB\nUSB 2.0\n \nTeknologi Lokasi\nGPS, Glonass, Beidou, Galileo\n \nEarjack\n3.5mm Stereo\n \nMHL\nTidak\n \nWi-Fi\n802.11 a/b/g/n/ac 2.4+5GHz\n \nWi-Fi Direct\nYa\n \nVersi Bluetooth\nBluetooth v5.0\n \nNFC\nYes\n \nPC Sync.\nSmart Switch (PC version)\nSistem Operasi\nAndroid\nInformasi Umum\nWarna\nAwesome White\n \nForm Factor\nTouch Bar\nSensors\nAccelerometer, Fingerprint Sensor, Gyro Sensor, Geomagnetic Sensor, Hall Sensor, RGB Light Sensor, Virtual Proximity Sensing\nSpesifikasi Fisik\nDimension (HxWxD, mm)\n158.9 x 73.6 x 8.4\n \nWeight (g)\n184\nBaterai\nInternet Usage Time(LTE) (Hours)\nUp to 19\n \nInternet Usage Time(Wi-Fi) (Hours)\nUp to 19\n \nVideo Playback Time (Hours)\nUp to 20\n \nBattery Capacity (mAh, Typical)\n5000\n \nAudio Playback Time (Hours)\nUp to 93\n \nTalk Time (4G LTE) (Hours)\nUp to 34\nAudio dan Video\nStereo Support\nNo\n \nVideo Playing Format\nMP4, M4V, 3GP, 3G2, AVI, FLV, MKV, WEBM\n \nVideo Playing Resolution\nFHD (1920 x 1080) @60fps\n \nAudio Playing Format\nMP3, M4A, 3GA, AAC, OGG, OGA, WAV, AMR, AWB, FLAC, MID, MIDI, XMF, MXMF, IMY, RTTTL, RTX, OTA\nAplikasi dan Layanan\nGear Support\nGalaxy Buds+, Galaxy Buds, Galaxy Fit e, Galaxy Fit, Galaxy Watch, Galaxy Watch Active2, Galaxy Watch Active, Gear Fit2 Pro, Gear Fit2, Gear Sport, Gear S3, Gear S2, Gear IconX (2018)\n \nSamsung DeX Support\nNo\n \nMobile TV\nTidak', 3599000, 4, 0, 'Awesome Black, Awesome White, Awesome Blue', 1),
(94, '2021-03-24 06:52:04', '2021-03-28 04:35:57', 'HP0067', 'Galaxy A52', 8, 6, '20210324135204-samsung-galaxy-a52.png', NULL, NULL, NULL, NULL, 'NETWORK	Technology	\nGSM / HSPA / LTE\nLAUNCH	Announced	2021, March 17\nStatus	Coming soon. Exp. release 2021, March 26\nBODY	Dimensions	159.9 x 75.1 x 8.4 mm (6.30 x 2.96 x 0.33 in)\nWeight	189 g (6.67 oz)\nSIM	Single SIM (Nano-SIM) or Hybrid Dual SIM (Nano-SIM, dual stand-by)\n 	IP67 dust/water resistant (up to 1m for 30 mins)\nDISPLAY	Type	Super AMOLED, 90Hz, 800 nits (peak)\nSize	6.5 inches, 102.0 cm2 (~84.9% screen-to-body ratio)\nResolution	1080 x 2400 pixels, 20:9 ratio (~405 ppi density)\nProtection	Corning Gorilla Glass 5\nPLATFORM	OS	Android 11, One UI 3.1\nChipset	Qualcomm SM7125 Snapdragon 720G (8 nm)\nCPU	Octa-core (2x2.3 GHz Kryo 465 Gold & 6x1.8 GHz Kryo 465 Silver)\nGPU	Adreno 618\nMEMORY	Card slot	microSDXC (uses shared SIM slot)\nInternal	128GB 4GB RAM, 128GB 6GB RAM, 128GB 8GB RAM, 256GB 8GB RAM\nMAIN CAMERA	Quad	64 MP, f/1.8, 26mm (wide), 1/1.7X\", 0.8m, PDAF, OIS\n12 MP, f/2.2, 123 (ultrawide), 1.12m\n5 MP, f/2.4, (macro)\n5 MP, f/2.4, (depth)\nFeatures	LED flash, panorama, HDR\nVideo	4K@30fps, 1080p@30/120fps; gyro-EIS\nSELFIE CAMERA	Single	32 MP, f/2.2, 26mm (wide), 1/2.8\", 0.8m\nFeatures	HDR\nVideo	4K@30fps, 1080p@30fps\nSOUND	Loudspeaker	Yes, with stereo speakers\n3.5mm jack	Yes\nCOMMS	WLAN	Wi-Fi 802.11 a/b/g/n/ac, dual-band, Wi-Fi Direct, hotspot\nBluetooth	5.0, A2DP, LE\nGPS	Yes, with A-GPS, GLONASS, GALILEO, BDS\nNFC	Yes (market/region dependent)\nRadio	Unspecified\nUSB	USB Type-C 2.0, USB On-The-Go\nFEATURES	Sensors	Fingerprint (under display, optical), accelerometer, gyro, proximity, compass\n 	ANT+\nBATTERY	Type	Li-Po 4500 mAh, non-removable\nCharging	Fast charging 25W, 50% in 30 min (advertised)\nMISC	Colors	Awesome Black, Awesome White, Awesome Violet, Awesome Blue\nModels	SM-A525F, SM-A525F/DS\nSAR EU	0.35 W/kg (head)     0.84 W/kg (body)', 4999000, 0, 0, 'Awesome Black, Awesome White, Awesome Violet', 1),
(95, '2021-03-24 06:55:10', '2021-03-28 04:35:38', 'HP0068', 'Galaxy A72', 8, 6, '20210324135510-samsung-galaxy-a72.png', NULL, NULL, NULL, NULL, 'NETWORK	Technology	\nGSM / HSPA / LTE\nLAUNCH	Announced	2021, March 17\nStatus	Coming soon. Exp. release 2021, March 26\nBODY	Dimensions	165 x 77.4 x 8.4 mm (6.50 x 3.05 x 0.33 in)\nWeight	203 g (7.16 oz)\nSIM	Single SIM (Nano-SIM) or Hybrid Dual SIM (Nano-SIM, dual stand-by)\n 	IP67 dust/water resistant (up to 1m for 30 mins)\nDISPLAY	Type	Super AMOLED, 90Hz, 800 nits (peak)\nSize	6.7 inches, 108.4 cm2 (~84.9% screen-to-body ratio)\nResolution	1080 x 2400 pixels, 20:9 ratio (~393 ppi density)\nProtection	Unspecified\nPLATFORM	OS	Android 11, One UI 3.1\nChipset	Qualcomm SM7125 Snapdragon 720G (8 nm)\nCPU	Octa-core (2x2.3 GHz Kryo 465 Gold & 6x1.8 GHz Kryo 465 Silver)\nGPU	Adreno 618\nMEMORY	Card slot	microSDXC (uses shared SIM slot)\nInternal	128GB 6GB RAM, 256GB 8GB RAM\nMAIN CAMERA	Quad	64 MP, f/1.8, 26mm (wide), 1/1.7X\", 0.8m, PDAF, OIS\n8 MP, f/2.4, (telephoto), 1.0m, PDAF, OIS, 3x optical zoom\n12 MP, f/2.2, 123 (ultrawide), 1.12m\n5 MP, f/2.4, (macro)\nFeatures	LED flash, panorama, HDR\nVideo	4K@30fps, 1080p@30/120fps; gyro-EIS\nSELFIE CAMERA	Single	32 MP, f/2.2, 26mm (wide), 1/2.8\", 0.8m\nFeatures	HDR\nVideo	4K@30fps, 1080p@30fps\nSOUND	Loudspeaker	Yes, with stereo speakers\n3.5mm jack	Yes\nCOMMS	WLAN	Wi-Fi 802.11 a/b/g/n/ac, dual-band, Wi-Fi Direct, hotspot\nBluetooth	5.0, A2DP, LE\nGPS	Yes, with A-GPS, GLONASS, GALILEO, BDS\nNFC	Yes (market/region dependent)\nRadio	Unspecified\nUSB	USB Type-C 2.0, USB On-The-Go\nFEATURES	Sensors	Fingerprint (under display, optical), accelerometer, gyro, proximity, compass\n 	ANT+\nBATTERY	Type	Li-Ion 5000 mAh, non-removable\nCharging	Fast charging 25W\nMISC	Colors	Awesome Black, Awesome White, Awesome Violet, Awesome Blue\nModels	SM-A725F, SM-A725F/DS\nSAR EU	0.23 W/kg (head)     1.17 W/kg (body)', 5999000, 0, 0, 'Awesome Black, Awesome White, Awesome Violet', 1),
(96, '2021-03-24 07:04:26', '2021-03-24 00:35:10', 'HP0069', 'Galaxy S21 5G', 8, 6, '20210324140426-Snap3.png', NULL, NULL, NULL, NULL, 'NETWORK	Technology	\nGSM / CDMA / HSPA / EVDO / LTE / 5G\nLAUNCH	Announced	2021, January 14\nStatus	Available. Released 2021, January 29\nBODY	Dimensions	151.7 x 71.2 x 7.9 mm (5.97 x 2.80 x 0.31 in)\nWeight	169 g (Sub6), 171 g (mmWave) (5.96 oz)\nBuild	Glass front (Gorilla Glass Victus), plastic back, aluminum frame\nSIM	Single SIM (Nano-SIM and/or eSIM) or Dual SIM (Nano-SIM and/or eSIM, dual stand-by)\n 	IP68 dust/water resistant (up to 1.5m for 30 mins)\nDISPLAY	Type	Dynamic AMOLED 2X, 120Hz, HDR10+, 1300 nits (peak)\nSize	6.2 inches, 94.1 cm2 (~87.2% screen-to-body ratio)\nResolution	1080 x 2400 pixels, 20:9 ratio (~421 ppi density)\nProtection	Corning Gorilla Glass Victus\n 	Always-on display\nPLATFORM	OS	Android 11, One UI 3.1\nChipset	Exynos 2100 (5 nm) - International\nQualcomm SM8350 Snapdragon 888 (5 nm) - USA/China\nCPU	Octa-core (1x2.9 GHz Cortex-X1 & 3x2.80 GHz Cortex-A78 & 4x2.2 GHz Cortex-A55) - International\nOcta-core (1x2.84 GHz Kryo 680 & 3x2.42 GHz Kryo 680 & 4x1.80 GHz Kryo 680) - USA/China\nGPU	Mali-G78 MP14 - International\nAdreno 660 - USA/China\nMEMORY	Card slot	No\nInternal	128GB 8GB RAM, 256GB 8GB RAM\n 	UFS 3.1\nMAIN CAMERA	Triple	12 MP, f/1.8, 26mm (wide), 1/1.76\", 1.8m, Dual Pixel PDAF, OIS\n64 MP, f/2.0, 29mm (telephoto), 1/1.72\", 0.8m, PDAF, OIS, 1.1x optical zoom, 3x hybrid zoom\n12 MP, f/2.2, 13mm, 120 (ultrawide), 1/2.55\" 1.4m, Super Steady video\nFeatures	LED flash, auto-HDR, panorama\nVideo	8K@24fps, 4K@30/60fps, 1080p@30/60/240fps, 720p@960fps, HDR10+, stereo sound rec., gyro-EIS\nSELFIE CAMERA	Single	10 MP, f/2.2, 26mm (wide), 1/3.24\", 1.22m, Dual Pixel PDAF\nFeatures	Dual video call, Auto-HDR\nVideo	4K@30/60fps, 1080p@30fps\nSOUND	Loudspeaker	Yes, with stereo speakers\n3.5mm jack	No\n 	32-bit/384kHz audio\nTuned by AKG\nCOMMS	WLAN	Wi-Fi 802.11 a/b/g/n/ac/6, dual-band, Wi-Fi Direct, hotspot\nBluetooth	5.0, A2DP, LE\nGPS	Yes, with A-GPS, GLONASS, BDS, GALILEO\nNFC	Yes\nRadio	FM radio (Snapdragon model only; market/operator dependent)\nUSB	USB Type-C 3.2, USB On-The-Go\nFEATURES	Sensors	Fingerprint (under display, ultrasonic), accelerometer, gyro, proximity, compass, barometer\n 	Samsung DeX, Samsung Wireless DeX (desktop experience support)\nANT+\nBixby natural language commands and dictation\nSamsung Pay (Visa, MasterCard certified)\nBATTERY	Type	Li-Ion 4000 mAh, non-removable\nCharging	Fast charging 25W\nUSB Power Delivery 3.0\nFast Qi/PMA wireless charging 15W\nReverse wireless charging 4.5W\nMISC	Colors	Phantom Gray, Phantom White, Phantom Violet, Phantom Pink\nModels	SM-G991B, SM-G991B/DS, SM-G991U, SM-G991U1, SM-G991W, SM-G991N, SM-G9910\nSAR	0.74 W/kg (head)     1.08 W/kg (body)    \nSAR EU	0.46 W/kg (head)     1.51 W/kg (body)    \nPrice	$649.99 / 759.00 / 649.00 / 69,999\nTESTS	Performance	AnTuTu: 584055 (v8)\nGeekBench: 3238 (v5.1)\nGFXBench: 60fps (ES 3.1 onscreen)\nDisplay	Contrast ratio: Infinite (nominal)\nCamera	Photo / Video\nLoudspeaker	-26.4 LUFS (Good)\nBattery life	\nEndurance rating 93h', 9607000, -1, 0, 'Phantom Gray, Phantom White, Phantom Violet', 1),
(97, '2021-03-24 07:14:53', '2021-03-28 03:23:28', 'HP0070', 'Galaxy A7 128GB (2018) with Powerbank Line Friends', 8, 6, '20210324141453-Galaxy_A7_128gb_2018_Bundling_with_Powerbank_Line_Friends.png', NULL, NULL, NULL, NULL, 'Prosesor\nCPU Speed\n2.2GHz, 1.6GHz\n \nCPU Type\nOcta-Core\nDisplay\nSize (Main_Display)\n153.6mm (6.0\" full rectangle) / 151.8mm (6.0\" rounded corners)\n \nResolusi (Main Display)\n2220 x 1080 (FHD+)\n \nTeknologi (Main Display)\nSuper AMOLED\n \nKedalaman Warna (Main Display)\n16M\nKamera\nRear Camera - Resolution (Multiple)\n24.0 MP + 5.0 MP + 8.0 MP\n \nRear Camera - F Number (Multiple)\nF1.7 , F2.2 , F2.4\n \nMain Camera - Auto Focus\nYes\n \nRear Camera - OIS\nNo\n \nFront Camera - Resolution\n24.0 MP\n \nFront Camera - F Number\nF2.0\n \nFront Camera - Auto Focus\nNo\n \nFront Camera - OIS\nNo\n \nMain Camera - Flash\nYes\n \nFront Camera - Flash\nYes\n \nResolusi Rekaman Video\nFHD (1920 x 1080) @30fps\nMemori\nRAM Size (GB)\n4\n \nROM Size (GB)\n64\n \nAvailable Memory (GB)*\n50.2\n \nDukungan Memori Eksternal\nMicroSD (Up to 512GB)\nJaringan\nJUMLAH SIM\nDual-SIM\n \nSIM size\nNano-SIM (4FF)\n \nSIM Slot Type\nSIM + SIM 2 + MicroSD\n \nInfra\n2G GSM, 3G WCDMA, 4G LTE FDD, 4G LTE TDD\n \n2G GSM\nGSM850, GSM900, DCS1800, PCS1900\n \n3G UMTS\nB1(2100), B2(1900), B4(AWS), B5(850), B8(900)\n \n4G FDD LTE\nB1(2100), B2(1900), B3(1800), B4(AWS), B5(850), B7(2600), B8(900), B12(700), B13(700), B17(700), B20(800), B28(700), B66(AWS-3)\n \n4G TDD LTE\nB38(2600), B40(2300), B41(2500)\nKonektivitas\nANT+\nYa\n \nUSB Interface\nMicro USB\n \nVersi USB\nUSB 2.0\n \nTeknologi Lokasi\nGPS, Glonass, Beidou\n \nEarjack\n3.5mm Stereo\n \nMHL\nTidak\n \nWi-Fi\n802.11 a/b/g/n/ac 2.4G+5GHz, VHT80\n \nWi-Fi Direct\nYa\n \nVersi Bluetooth\nBluetooth v5.0 (LE up to 2 Mbps)\n \nNFC\nYes\n \nPC Sync.\nSmart Switch (PC version)\nSistem Operasi\nAndroid\nInformasi Umum\nWarna\nBlue\n \nForm Factor\nTouch Bar\nSensors\nAccelerometer, Fingerprint Sensor, Gyro Sensor, Geomagnetic Sensor, Hall Sensor, Light Sensor, Proximity Sensor\nSpesifikasi Fisik\nDimension (HxWxD, mm)\n159.8 x 76.8 x 7.5\n \nWeight (g)\n168\nBaterai\nInternet Usage Time(3G) (Hours)\nUp to 12\n \nInternet Usage Time(LTE) (Hours)\nUp to 14\n \nInternet Usage Time(Wi-Fi) (Hours)\nUp to 14\n \nVideo Playback Time (Hours)\nUp to 17\n \nStandard Battery Capacity (mAh)\n3300\n \nAudio Playback Time (Hours)\nUp to 48\n \nAudio Playback Time (Hours, Always On Display Off)\nUp to 74\n \nTalk Time (3G WCDMA) (Hours)\nUp to 19\nAudio dan Video\nVideo Playing Format\nMP4, M4V, 3GP, 3G2, WMV, ASF, AVI, FLV, MKV, WEBM\n \nVideo Playing Resolution\nFHD (1920 x 1080) @60fps\n \nAudio Playing Format\nMP3, M4A, 3GA, AAC, OGG, OGA, WAV, WMA, AMR, AWB, FLAC, MID, MIDI, XMF, MXMF, IMY, RTTTL, RTX, OTA\nAplikasi dan Layanan\nGear Support\nGalaxy Watch, Gear Circle (Manager Support), Gear Fit, Gear Fit2, Gear Fit2 Pro, Gear Sport, Gear1, Gear2, Gear2 Neo, Gear S, Gear S2, Gear S3, Gear IconX, Gear IconX2\n \nS-Voice\nTidak\n \nMobile TV\nTidak\nPhysical Specification\nDimension(HxWxD)\n71 x 145.6 x 10.7 mm\nAccessory\nPackaging\nBattery Pack, USB Cable, Quick Start Guide\n \nCable Length\n0.2 m\n \nWeight\n152.5 g', 2300000, 0, 0, NULL, 1),
(98, '2021-06-01 13:48:42', '2021-06-17 04:25:07', 'WT001', 'Air Mineral', 13, 8, '20210601204842-Bottled-water.jpeg', NULL, NULL, NULL, NULL, 'Air Mineral', 2800, 192, 0, NULL, 1);

-- --------------------------------------------------------

--
-- Table structure for table `master_produk_toko`
--

CREATE TABLE `master_produk_toko` (
  `id` bigint(20) UNSIGNED NOT NULL,
  `created_at` timestamp NULL DEFAULT NULL,
  `updated_at` timestamp NULL DEFAULT NULL,
  `stock` int(11) NOT NULL,
  `id_toko` int(32) NOT NULL,
  `isdelete` int(1) NOT NULL DEFAULT 0,
  `id_master_produk` int(11) NOT NULL,
  `status` int(11) NOT NULL DEFAULT 1
) ENGINE=InnoDB DEFAULT CHARSET=utf8mb4 COLLATE=utf8mb4_unicode_ci;

-- --------------------------------------------------------

--
-- Table structure for table `master_toko`
--

CREATE TABLE `master_toko` (
  `id` int(11) NOT NULL,
  `status` int(11) NOT NULL DEFAULT 1,
  `isdelete` int(11) NOT NULL DEFAULT 0,
  `created_at` timestamp NULL DEFAULT current_timestamp(),
  `updated_at` timestamp NULL DEFAULT current_timestamp(),
  `created_by` int(11) DEFAULT NULL,
  `updated_by` int(11) DEFAULT NULL,
  `delete_by` int(11) DEFAULT NULL,
  `id_user` int(11) NOT NULL
) ENGINE=InnoDB DEFAULT CHARSET=latin1;

--
-- Dumping data for table `master_toko`
--

INSERT INTO `master_toko` (`id`, `status`, `isdelete`, `created_at`, `updated_at`, `created_by`, `updated_by`, `delete_by`, `id_user`) VALUES
(1, 1, 0, '2021-03-03 17:51:10', '2021-03-03 17:51:10', 11, 0, 0, 79),
(2, 1, 0, '2021-03-03 17:51:10', '2021-03-03 17:51:10', 11, 0, 0, 78),
(8, 1, 1, '2021-03-28 07:11:16', '2021-03-28 07:12:09', NULL, NULL, NULL, 92),
(9, 1, 1, '2021-03-28 07:13:53', '2021-03-28 07:15:28', NULL, NULL, NULL, 93),
(10, 1, 1, '2021-03-28 07:15:01', '2021-03-28 07:15:25', NULL, NULL, NULL, 94),
(11, 1, 0, '2021-03-28 23:15:52', '2021-03-28 23:15:52', NULL, NULL, NULL, 95),
(12, 1, 1, '2021-03-29 00:59:59', '2021-03-29 01:00:03', NULL, NULL, NULL, 96),
(13, 1, 0, '2021-06-02 03:17:43', '2021-06-02 03:17:43', NULL, NULL, NULL, 100),
(14, 1, 0, '2021-07-02 01:14:32', '2021-07-02 01:14:32', NULL, NULL, NULL, 102);

-- --------------------------------------------------------

--
-- Table structure for table `master_trx`
--

CREATE TABLE `master_trx` (
  `id` bigint(20) UNSIGNED NOT NULL,
  `checkout_code` varchar(255) COLLATE utf8mb4_unicode_ci NOT NULL,
  `id_toko` int(32) NOT NULL,
  `photo_payment` varchar(255) COLLATE utf8mb4_unicode_ci DEFAULT NULL,
  `users_id` int(11) NOT NULL,
  `total_price` decimal(10,2) DEFAULT NULL,
  `status` varchar(255) COLLATE utf8mb4_unicode_ci DEFAULT NULL,
  `created_at` timestamp NULL DEFAULT NULL,
  `updated_at` timestamp NULL DEFAULT NULL,
  `id_payment_method` int(11) NOT NULL,
  `no_reference` varchar(255) COLLATE utf8mb4_unicode_ci DEFAULT NULL,
  `nama_bank` varchar(255) COLLATE utf8mb4_unicode_ci DEFAULT NULL
) ENGINE=InnoDB DEFAULT CHARSET=utf8mb4 COLLATE=utf8mb4_unicode_ci;

--
-- Dumping data for table `master_trx`
--

INSERT INTO `master_trx` (`id`, `checkout_code`, `id_toko`, `photo_payment`, `users_id`, `total_price`, `status`, `created_at`, `updated_at`, `id_payment_method`, `no_reference`, `nama_bank`) VALUES
(97, '20210328218', 2, 'IMG-TRACKING-20210328218-97.jpg', 82, 2300000.00, '3', '2021-03-28 03:23:28', '2021-03-28 03:23:50', 2, '123456', NULL),
(98, '20210328219', 2, NULL, 82, 5999000.00, '1', '2021-03-28 04:35:38', '2021-03-28 04:35:38', 2, NULL, '\"BCA\"'),
(99, '20210328220', 2, NULL, 82, 4999000.00, '2', '2021-03-28 04:35:57', '2021-03-28 06:12:53', 1, NULL, '\"\"'),
(100, '20210328221', 2, 'IMG-TRACKING-20210328221-100.jpg', 82, 5600000.00, '3', '2021-03-28 05:50:44', '2021-03-28 05:51:21', 2, '12345', '\"BCA\"'),
(101, '20210328222', 2, NULL, 82, 2339000.00, '3', '2021-03-28 06:07:33', '2021-03-28 06:08:52', 1, NULL, '\"\"'),
(102, '20210410223', 2, NULL, 97, 3599000.00, '2', '2021-04-10 02:37:28', '2021-04-10 02:38:18', 1, NULL, '\"\"'),
(103, '20210603225', 13, NULL, 65, 7499000.00, '1', '2021-06-02 22:43:02', '2021-06-02 22:43:02', 2, NULL, '\"BNI\"'),
(104, '20210603226', 2, NULL, 87, 2800.00, '1', '2021-06-03 01:12:06', '2021-06-03 01:12:06', 2, NULL, '\"BCA\"'),
(105, '20210604227', 2, NULL, 87, 5600.00, '1', '2021-06-03 22:54:34', '2021-06-03 22:54:34', 2, NULL, '\"BCA\"'),
(106, '20210604228', 13, NULL, 65, 2800.00, '2', '2021-06-04 04:02:04', '2021-06-04 04:02:07', 1, NULL, '\"\"'),
(107, '20210605229', 2, NULL, 87, 3599000.00, '1', '2021-06-05 00:10:20', '2021-06-05 00:10:20', 2, NULL, '\"Mandiri\"'),
(108, '20210617230', 1, NULL, 86, 5600.00, '1', '2021-06-17 04:25:07', '2021-06-17 04:25:07', 1, NULL, NULL);

-- --------------------------------------------------------

--
-- Table structure for table `master_variasi`
--

CREATE TABLE `master_variasi` (
  `id` int(11) NOT NULL,
  `name` text NOT NULL,
  `created_at` timestamp NULL DEFAULT current_timestamp(),
  `created_by` int(32) DEFAULT NULL,
  `updated_at` timestamp NULL DEFAULT NULL ON UPDATE current_timestamp(),
  `updated_by` int(32) DEFAULT NULL,
  `status` int(11) NOT NULL DEFAULT 1
) ENGINE=InnoDB DEFAULT CHARSET=latin1;

--
-- Dumping data for table `master_variasi`
--

INSERT INTO `master_variasi` (`id`, `name`, `created_at`, `created_by`, `updated_at`, `updated_by`, `status`) VALUES
(1, 'Rasa', '2021-02-11 04:31:32', 0, NULL, 0, 1),
(3, 'Warna', '2021-02-11 04:33:25', NULL, NULL, NULL, 1),
(4, 'Ukuran', '2021-02-11 04:33:49', NULL, NULL, NULL, 1);

-- --------------------------------------------------------

--
-- Table structure for table `migrations`
--

CREATE TABLE `migrations` (
  `id` int(10) UNSIGNED NOT NULL,
  `migration` varchar(255) COLLATE utf8mb4_unicode_ci NOT NULL,
  `batch` int(11) NOT NULL
) ENGINE=InnoDB DEFAULT CHARSET=utf8mb4 COLLATE=utf8mb4_unicode_ci;

--
-- Dumping data for table `migrations`
--

INSERT INTO `migrations` (`id`, `migration`, `batch`) VALUES
(1, '2014_10_12_000000_create_users_table', 1),
(2, '2014_10_12_100000_create_password_resets_table', 1),
(3, '2020_10_24_153326_add_id_level_user_to_users_table', 2),
(4, '2020_10_24_153914_create_master_level_table', 3),
(5, '2020_10_24_154742_create_master_produk_table', 4),
(6, '2020_10_25_085710_add_telp_to_users_table', 5),
(7, '2020_10_25_090846_create_master_level_table', 6),
(8, '2020_10_25_091202_add_product_code_to_master_produk_table', 7),
(9, '2020_10_25_091507_create_master_brand_table', 8),
(10, '2020_10_25_091602_create_master_category_table', 9),
(11, '2020_10_25_091834_create_tr_cart_table', 10),
(12, '2020_10_25_092647_create_tr_checkout_table', 11),
(13, '2020_10_25_093331_create_tr_delivery_table', 12),
(14, '2020_11_03_220122_create_master_kurir_table', 13);

-- --------------------------------------------------------

--
-- Table structure for table `notification`
--

CREATE TABLE `notification` (
  `id` int(11) NOT NULL,
  `content_id` int(11) NOT NULL,
  `content_type` varchar(255) NOT NULL,
  `navigate_to_mobile` text DEFAULT NULL,
  `navigate_to_web` text DEFAULT NULL,
  `content_title` varchar(255) NOT NULL,
  `content_body` varchar(255) NOT NULL,
  `content_img` text DEFAULT NULL,
  `is_read` int(11) NOT NULL DEFAULT 0,
  `created_at` timestamp NOT NULL DEFAULT current_timestamp(),
  `updated_at` timestamp NOT NULL DEFAULT current_timestamp(),
  `id_level` int(11) DEFAULT NULL,
  `id_user_to` int(11) NOT NULL,
  `id_user_from` int(11) NOT NULL,
  `description` text NOT NULL,
  `is_global` int(11) NOT NULL DEFAULT 0
) ENGINE=InnoDB DEFAULT CHARSET=latin1;

-- --------------------------------------------------------

--
-- Table structure for table `oauth_access_tokens`
--

CREATE TABLE `oauth_access_tokens` (
  `id` varchar(100) COLLATE utf8mb4_unicode_ci NOT NULL,
  `user_id` int(11) DEFAULT NULL,
  `client_id` int(10) UNSIGNED NOT NULL,
  `name` varchar(255) COLLATE utf8mb4_unicode_ci DEFAULT NULL,
  `scopes` text COLLATE utf8mb4_unicode_ci DEFAULT NULL,
  `revoked` tinyint(1) NOT NULL,
  `created_at` timestamp NULL DEFAULT NULL,
  `updated_at` timestamp NULL DEFAULT NULL,
  `expires_at` datetime DEFAULT NULL
) ENGINE=InnoDB DEFAULT CHARSET=utf8mb4 COLLATE=utf8mb4_unicode_ci ROW_FORMAT=COMPACT;

--
-- Dumping data for table `oauth_access_tokens`
--

INSERT INTO `oauth_access_tokens` (`id`, `user_id`, `client_id`, `name`, `scopes`, `revoked`, `created_at`, `updated_at`, `expires_at`) VALUES
('02dce14a2ae7fef5585e90765d341ecb04af83cd24a994478bd9c4fd745f97fee15f65b526f44be2', 54, 1, 'nApp', '[]', 0, '2020-11-18 15:12:48', '2020-11-18 15:12:48', '2021-11-18 22:12:48'),
('036790fea6cecb60d2dfe8f2d5043e064710ca1914bc65ec1dc1b49ab0e746b0080f52e580d2d71c', 31, 1, 'nApp', '[]', 0, '2020-11-16 12:59:22', '2020-11-16 12:59:22', '2021-11-16 19:59:22'),
('059198c5d56f445fcef510bfd9ac7e02e5bc53f9219b16e7aaaff976cad924c21cb9a89e7adfa9ef', 11, 1, 'nApp', '[]', 0, '2020-10-31 04:21:13', '2020-10-31 04:21:13', '2021-10-31 11:21:13'),
('0593e8a51cc9a6ba832172cee1d33d85c543bb10c878ebcf5817c8ef17986a2fdddfee444f98cb81', 64, 1, 'nApp', '[]', 0, '2020-11-19 03:58:38', '2020-11-19 03:58:38', '2021-11-19 10:58:38'),
('069d30db7d1cc6677c6b05cc520ce1c6d24ed20634b440112616c6e6453505797be29d055c9e4e21', 101, 1, 'nApp', '[]', 0, '2021-06-04 08:17:17', '2021-06-04 08:17:17', '2022-06-04 15:17:17'),
('0dd19fc8f207500b28131c2e3eedace79a7f3e3a954844160cc6c3807e2e23030cddd251473c9584', 68, 1, 'nApp', '[]', 0, '2020-11-19 14:50:05', '2020-11-19 14:50:05', '2021-11-19 21:50:05'),
('15c96b87c1b6a2bf38c1adcf86f76df8ab99d3ab5d6a81bce9adc40f1b755f5ef56417ff9c2d0286', 49, 1, 'nApp', '[]', 0, '2020-11-18 14:59:17', '2020-11-18 14:59:17', '2021-11-18 21:59:17'),
('1797ed958af376329e6e942f50d268b8e60356dfb952fbf7eeb32ef420ca1657b90065098cd7f76a', 34, 1, 'nApp', '[]', 0, '2020-11-16 16:01:14', '2020-11-16 16:01:14', '2021-11-16 23:01:14'),
('1a2f1927e0a8b17669ab8347e387efb5969b298f113817eccb31f923f18553a62cf37ba9b884e36b', 77, 1, 'nApp', '[]', 0, '2021-03-03 00:38:37', '2021-03-03 00:38:37', '2022-03-03 07:38:37'),
('1c5eee0d11f713887818a4a83f196a11e752f30b3aa498ac37d5f556a28335ba3bfe05c413041737', 80, 1, 'nApp', '[]', 0, '2021-03-03 00:46:52', '2021-03-03 00:46:52', '2022-03-03 07:46:52'),
('1cacf60f27eb9f795865653183cb0f4da61192592ac9191473bb71e01934133529c177b334792fcd', 83, 1, 'nApp', '[]', 0, '2021-03-03 18:37:18', '2021-03-03 18:37:18', '2022-03-04 01:37:18'),
('1ed5f097cb7cc2e59b7bddc4748bd2de6695712263e6303efb901abacc0be963c0d5f5f39dbbaad8', 60, 1, 'nApp', '[]', 0, '2020-11-18 15:25:36', '2020-11-18 15:25:36', '2021-11-18 22:25:36'),
('221a6bc83036ca03671d3a31d553a812e273670ecc5ac82798a3367797fa047e91d6e25c41717d96', 28, 1, 'nApp', '[]', 0, '2020-11-16 11:55:09', '2020-11-16 11:55:09', '2021-11-16 18:55:09'),
('248f8cbd600c192ac90e37389c9c3872d4d37ea2be049c2be7a5f93569b8eeab4b6f4bc591644ad7', 91, 1, 'nApp', '[]', 0, '2021-03-28 07:00:45', '2021-03-28 07:00:45', '2022-03-28 14:00:45'),
('25d2efdbd49a335f3d218b5eac4344c17f88209c4d37367db47c77995fc298800560b9430a4d6d0a', 97, 1, 'nApp', '[]', 0, '2021-04-09 22:10:09', '2021-04-09 22:10:09', '2022-04-10 05:10:09'),
('2bdcec7bc0982151c5b5a0d4362f832e2b162309f6d6f94925f43c817b2dd9af13e2f6ccc57a2a73', 62, 1, 'nApp', '[]', 0, '2020-11-18 15:49:09', '2020-11-18 15:49:09', '2021-11-18 22:49:09'),
('309a65d6f2aa74b823f55f28c652ef36582e1bb144baa05b49c5e63670ba88dbe9c47029651c9cff', 67, 1, 'nApp', '[]', 0, '2020-11-19 04:02:07', '2020-11-19 04:02:07', '2021-11-19 11:02:07'),
('318b9794b69e5d6810798ecc3d5996e66b4ac4a04e4b1fd199a13e04359dae262b8a21301dbe2fd5', 52, 1, 'nApp', '[]', 0, '2020-11-18 15:10:10', '2020-11-18 15:10:10', '2021-11-18 22:10:10'),
('36860c0ab491a998a6c319105ff1d18f06c8cf9bc588462b0ced1e5f0735358f4da73d57cf84cd79', 45, 1, 'nApp', '[]', 0, '2020-11-18 14:52:15', '2020-11-18 14:52:15', '2021-11-18 21:52:15'),
('3790414a953365271a0ffc00bb02e137f74c5a6234a4c9a9b971c5587c58e304e26ee70c74e5d960', 88, 1, 'nApp', '[]', 0, '2021-03-28 05:57:18', '2021-03-28 05:57:18', '2022-03-28 12:57:18'),
('3f0b996bd6f079fd86bf11c1e738fa4bd804bc3f65c54104d90a5d5d3dd2ed6efea3a4446d133cea', 63, 1, 'nApp', '[]', 0, '2020-11-19 03:53:33', '2020-11-19 03:53:33', '2021-11-19 10:53:33'),
('3fb7461b70e5fbf6824c074ddc311884d41f1526aae75486f0689abd6300024c6f56e1e91a95521e', 55, 1, 'nApp', '[]', 0, '2020-11-18 15:17:26', '2020-11-18 15:17:26', '2021-11-18 22:17:26'),
('409d688504620dc866af02bef7333ebf06dd2d88050441a0e09d565544163842084c61ce95e8b91c', 42, 1, 'nApp', '[]', 0, '2020-11-18 13:34:48', '2020-11-18 13:34:48', '2021-11-18 20:34:48'),
('40b41b3dbf20c36bc4a65cee6d91704b16d09b1456cacb8b1ea8f26de23253125ff208dbc2b04c80', 9, 1, 'nApp', '[]', 0, '2020-10-30 23:25:14', '2020-10-30 23:25:14', '2021-10-31 06:25:14'),
('41061a7b3d43e7f210bfd36e814f070c163daf409b7ca3f72791cf084c85badee88b93e541beeda7', 98, 1, 'nApp', '[]', 0, '2021-04-10 05:36:05', '2021-04-10 05:36:05', '2022-04-10 12:36:05'),
('4204a203818c00ea5e35d2eb6526a9703461d35a1724b3d8abcacc00ccda2babbbc2c51e46eaca1b', 95, 1, 'nApp', '[]', 0, '2021-03-28 23:15:52', '2021-03-28 23:15:52', '2022-03-29 06:15:52'),
('4276a8e1251936926d62766fe141d7f15e50ea3970486f64ae9e3c166b266b1f32fb26692a78ed63', 47, 1, 'nApp', '[]', 0, '2020-11-18 14:55:25', '2020-11-18 14:55:25', '2021-11-18 21:55:25'),
('464ecdc25dd4843ab4e9a3369178d530f48537b260f9e518e63643e5faecca090c38dfc86f18ec21', 99, 1, 'nApp', '[]', 0, '2021-06-01 05:29:15', '2021-06-01 05:29:15', '2022-06-01 12:29:15'),
('47a1e8802352957ce9fc9ebbbdd7f6a8ac3d9c3b470317beb49ce502e4c723205299c892b591bd4f', 57, 1, 'nApp', '[]', 0, '2020-11-18 15:21:28', '2020-11-18 15:21:28', '2021-11-18 22:21:28'),
('482355421f449a891aa8ffec8b3d81450ad2583e94ae4368b3dffb66c36a187c0b178a5e9683ee7a', 89, 1, 'nApp', '[]', 0, '2021-03-28 06:46:42', '2021-03-28 06:46:42', '2022-03-28 13:46:42'),
('4b8a7cee5f4f492bb73eab4b1ecf01e1ae2d85ea1e3bd4eef655dec0ad4722e8d32a629bd0dd294b', 61, 1, 'nApp', '[]', 0, '2020-11-18 15:27:17', '2020-11-18 15:27:17', '2021-11-18 22:27:17'),
('4cc0c545aac78c19b8ac3eb637e0f1b8222fbf1a0cc87b37618fafff6739029b595b8781410e22da', 24, 1, 'nApp', '[]', 0, '2020-11-05 01:41:34', '2020-11-05 01:41:34', '2021-11-05 08:41:34'),
('50a2c69cc1ca009e5371c2e490eb61b5468bcf8651f6143f626d32f9b393d57ed6f08571d0420cc9', 100, 1, 'nApp', '[]', 0, '2021-06-02 03:17:43', '2021-06-02 03:17:43', '2022-06-02 10:17:43'),
('50cc628c7cdd2ebcc94ec9f5ad072dcebddaaf4be0997ba17ed26e5bb08375dc852377867c8ce65b', 96, 1, 'nApp', '[]', 0, '2021-03-29 00:59:59', '2021-03-29 00:59:59', '2022-03-29 07:59:59'),
('50e695d2b3868d98a2bf59d599231009e091639ec459e788b7c4dd30622e4acfd3e1e604c72e944c', 11, 1, 'nApp', '[]', 0, '2020-10-31 04:16:59', '2020-10-31 04:16:59', '2021-10-31 11:16:59'),
('58933a4663aedb1aa30085eccd870e58681aeb2cddcd5ce8cffb5343be32048e84fcebc9112c476d', 50, 1, 'nApp', '[]', 0, '2020-11-18 15:02:38', '2020-11-18 15:02:38', '2021-11-18 22:02:38'),
('59f251941e82bf820162809b2dc1c22319ccfa63bda3bbc773ff37f4ac51d862552d979cf352b504', 35, 1, 'nApp', '[]', 0, '2020-11-16 16:12:59', '2020-11-16 16:12:59', '2021-11-16 23:12:59'),
('5c2c142e480dd7f15b8a496044a23292901c9a5e07a1d5d2cb6d3f5135809408def3e72df7fd6fa9', 8, 1, 'nApp', '[]', 0, '2020-10-30 21:43:49', '2020-10-30 21:43:49', '2021-10-31 04:43:49'),
('5f8df043d4f834ff45df2f4d13463e63229357e1115f6adb4255e74dcdaf90730f44ad82de42fb4f', 72, 1, 'nApp', '[]', 0, '2021-02-06 04:09:28', '2021-02-06 04:09:28', '2022-02-06 11:09:28'),
('60e512a4d624453742f6029ea50e2711499156ccd7dbdd344da01f96b6a090041635877598d31bb9', 39, 1, 'nApp', '[]', 0, '2020-11-17 15:44:42', '2020-11-17 15:44:42', '2021-11-17 22:44:42'),
('611e0acf3cd59198e92b8df74986740ed109b18e7fe4634de9324f6aa664e464919eca8a84940286', 51, 1, 'nApp', '[]', 0, '2020-11-18 15:06:56', '2020-11-18 15:06:56', '2021-11-18 22:06:56'),
('64175973f20b9bf11b769fbcb07b776c6173ed311f3c736c6e61101befb2cc760b4a788d317e3f68', 27, 1, 'nApp', '[]', 0, '2020-11-16 09:02:57', '2020-11-16 09:02:57', '2021-11-16 16:02:57'),
('644975b585cad0accaeadc147ae2fce55b38232ef23ebc178ab4ea8a7d17a1ae1a0580aefcb3ea88', 90, 1, 'nApp', '[]', 0, '2021-03-28 06:57:06', '2021-03-28 06:57:06', '2022-03-28 13:57:06'),
('739048f06f505be82d3fbbef3bb2d2927cf34ab1814021aaebf480b80ada967261cdc01693e4aa81', 8, 1, 'nApp', '[]', 0, '2020-10-30 21:58:46', '2020-10-30 21:58:46', '2021-10-31 04:58:46'),
('7396d8d5eab2bf71bcaa05344726d215efa45c0f7f1698825d710eb82e4538c692a11c3168ee21d5', 32, 1, 'nApp', '[]', 0, '2020-11-16 15:07:43', '2020-11-16 15:07:43', '2021-11-16 22:07:43'),
('744a798cca7dc1f8d514a99ca92ba744a24e552a86306e7e0fa72f922cf721759aa959a7bb7b9583', 44, 1, 'nApp', '[]', 0, '2020-11-18 14:47:11', '2020-11-18 14:47:11', '2021-11-18 21:47:11'),
('797720b83286314e0102744a42606a86762681b203139ff744d13938088cc0e6bf8c078e12f210d9', 93, 1, 'nApp', '[]', 0, '2021-03-28 07:13:53', '2021-03-28 07:13:53', '2022-03-28 14:13:53'),
('7ed4fc69fc57855dace128e8631f929f25676fd379ff1006b4ed16d64f77376b008fb3bbde5e9652', 70, 1, 'nApp', '[]', 0, '2020-12-03 01:29:43', '2020-12-03 01:29:43', '2021-12-03 08:29:43'),
('80ac9bf9232104d024eb2efbba98cb95c65335a91b3c880d1fe931da8e810bccb9dc6154d822788b', 76, 1, 'nApp', '[]', 0, '2021-02-28 03:44:23', '2021-02-28 03:44:23', '2022-02-28 10:44:23'),
('827b556b0a868c0256e8f170dff3d1eb3a69cdccda4db8b440e08633c8c2c17e3168bbe0e21123c1', 74, 1, 'nApp', '[]', 0, '2021-02-24 05:17:51', '2021-02-24 05:17:51', '2022-02-24 12:17:51'),
('861a44d28dab61555f8df5c4ab7e551c58681251da0f23c8b18cfc279b0eb048de227a1c14cde84a', 94, 1, 'nApp', '[]', 0, '2021-03-28 07:15:01', '2021-03-28 07:15:01', '2022-03-28 14:15:01'),
('8822d510d64f0b66683111158661f4c90a247ef7c03c42b1001e710995c03323d1143492d1741652', 85, 1, 'nApp', '[]', 0, '2021-03-17 02:19:18', '2021-03-17 02:19:18', '2022-03-17 09:19:18'),
('88d453a97fe6b7cdb5f93a395305d9d01c4c1ed44f595dcf242091939fc82ad62f7a7a8485236fc6', 66, 1, 'nApp', '[]', 0, '2020-11-19 03:59:06', '2020-11-19 03:59:06', '2021-11-19 10:59:06'),
('8e5ca7360c146232b6e4e4bd0882b9d2f3dfa36e2731aa426628d90f618d2b171b610a045bb2643f', 75, 1, 'nApp', '[]', 0, '2021-02-28 01:41:06', '2021-02-28 01:41:06', '2022-02-28 08:41:06'),
('8fe018a772aaf091bee3566e60d3f2f7526ab35bb1f40b612af4c135222dc0a89a739cdcbc9e890c', 41, 1, 'nApp', '[]', 0, '2020-11-18 09:47:00', '2020-11-18 09:47:00', '2021-11-18 16:47:00'),
('921c0876e9204c01de2f3345dcea42334b4cc1b54edbd19893e684c97bda0c06fc8952e036edc909', 37, 1, 'nApp', '[]', 0, '2020-11-17 15:34:45', '2020-11-17 15:34:45', '2021-11-17 22:34:45'),
('9b5a3229c68bed176c3d93efde5fcb823477ff6d03926cc0e0bb43de71322a9f3e581b9a90ad4281', 38, 1, 'nApp', '[]', 0, '2020-11-17 15:40:12', '2020-11-17 15:40:12', '2021-11-17 22:40:12'),
('9ed256e210ea2d698ed2650c902082b403f59ace42dbe9a6997c85dbd46c8b81b48faea8948ffb42', 58, 1, 'nApp', '[]', 0, '2020-11-18 15:23:19', '2020-11-18 15:23:19', '2021-11-18 22:23:19'),
('a1d46421dc3082cae5b28315ff1b33e8aab909496e3d272b2b6d2623c95c13e1d2a63b0d0cd8c2de', 6, 1, 'nApp', '[]', 0, '2020-10-28 21:38:35', '2020-10-28 21:38:35', '2021-10-29 04:38:35'),
('a24e5168ea9c0b5bec50f0bbe4aa5c424267e7366d7897aa7410ac94fe9f8432c77e026890c486f4', 43, 1, 'nApp', '[]', 0, '2020-11-18 14:44:58', '2020-11-18 14:44:58', '2021-11-18 21:44:58'),
('a31d581eac6c3251920da04991cfbe18e1190d72920d5fd59b396e2f1d35d3a5cb5f747e4912fa2d', 33, 1, 'nApp', '[]', 0, '2020-11-16 15:48:50', '2020-11-16 15:48:50', '2021-11-16 22:48:50'),
('a9cc7f688f9647c5c875be6a1c0d45f26f1134f36f9486bd0f22a5563296178e7a24e3bc354ec063', 56, 1, 'nApp', '[]', 0, '2020-11-18 15:18:49', '2020-11-18 15:18:49', '2021-11-18 22:18:49'),
('b4809f7dccc9f89142f93e3f4d5979505b0eba79f8df4bb143edeed970d0be3479271af97a541404', 48, 1, 'nApp', '[]', 0, '2020-11-18 14:56:36', '2020-11-18 14:56:36', '2021-11-18 21:56:36'),
('b74944579ec7ceab4a6d04953a4d7e2ee6ac982a127b1479b5cdaa05cb3d058461990c64f6c012d9', 81, 1, 'nApp', '[]', 0, '2021-03-03 00:48:16', '2021-03-03 00:48:16', '2022-03-03 07:48:16'),
('b8c04cf12d8dac6cea75861fe0bb93fc1d87d324d1a28ac7dbaeeff0e81b1efdea157db047df7abf', 29, 1, 'nApp', '[]', 0, '2020-11-16 11:58:12', '2020-11-16 11:58:12', '2021-11-16 18:58:12'),
('b91659ae9d9cc95ae0d63d5925a78a6976a383d60223de750b1697ee86b0d85868226a24da7054ac', 65, 1, 'nApp', '[]', 0, '2020-11-19 03:58:39', '2020-11-19 03:58:39', '2021-11-19 10:58:39'),
('ba85609c5b3c9c61015b1b500e0c86876399deebbb23bcf90fe0d5a9a64c4df1de19e76563f30d3c', 36, 1, 'nApp', '[]', 0, '2020-11-17 15:32:44', '2020-11-17 15:32:44', '2021-11-17 22:32:44'),
('c37621e6a6c499e913801b7e7f5c01a7299d6ef878230b52f741739e8db4d2d266d8fab7af07ee28', 87, 1, 'nApp', '[]', 0, '2021-03-24 00:34:22', '2021-03-24 00:34:22', '2022-03-24 07:34:22'),
('c3df778b95c63bbab2246609a881666899b43f05d5ce8b4e059d00c02516f071ecf97f709d4eb138', 78, 1, 'nApp', '[]', 0, '2021-03-03 00:44:42', '2021-03-03 00:44:42', '2022-03-03 07:44:42'),
('c593cc723c09a0c543be7575dc64ef52e4ea21e425e2322b5f124bc41c8d9eacc7b5256ac30430ad', 69, 1, 'nApp', '[]', 0, '2020-11-23 00:11:19', '2020-11-23 00:11:19', '2021-11-23 07:11:19'),
('cae81a748714d8a8f2fd3ab5e0861aca0a5583cc5ca74742b1e627e91534d541a98993db2813c62a', 59, 1, 'nApp', '[]', 0, '2020-11-18 15:23:46', '2020-11-18 15:23:46', '2021-11-18 22:23:46'),
('cdf7f05796a5057f915cf18e6c271b41b4dc39d37d4b24e35a2d7ea55ceb9a4cfcf276c84d7d2158', 53, 1, 'nApp', '[]', 0, '2020-11-18 15:11:07', '2020-11-18 15:11:07', '2021-11-18 22:11:07'),
('d43106603c85097aca4dbf99aa4b3f70c1c9c2eefa9997a9a3efe0bdad4d299e9f5195879f227ffd', 73, 1, 'nApp', '[]', 0, '2021-02-06 04:28:26', '2021-02-06 04:28:26', '2022-02-06 11:28:26'),
('d79b144d086c2eedc350c967ae11f009214d67564cd6ece5faf040a4c8ba960d2f4f443c11afa13d', 71, 1, 'nApp', '[]', 0, '2020-12-03 01:31:18', '2020-12-03 01:31:18', '2021-12-03 08:31:18'),
('d7d3867b9b218d42c93cddb629283c6c70c8e79eda506ab4bea0243f55c8e3677329c5bbdd258b88', 82, 1, 'nApp', '[]', 0, '2021-03-03 15:40:00', '2021-03-03 15:40:00', '2022-03-03 22:40:00'),
('d962ec8477f90bdc10a53b7abf8f6da012b20ab16d5cef963f24f2e0b1faa6f6cc65555d7e160a61', 5, 1, 'nApp', '[]', 0, '2020-10-28 21:37:38', '2020-10-28 21:37:38', '2021-10-29 04:37:38'),
('daccb042c710ea799612a47c8da9b9aaab65169a7b0302b767d7781bf5dded04c59a2be39d6360b7', 23, 1, 'nApp', '[]', 0, '2020-11-05 00:50:34', '2020-11-05 00:50:34', '2021-11-05 07:50:34'),
('dbe034bf1b0f856372e2cf805e2ff0c985156acb4b520379be276b041af38094ea724c13e0ff05b8', 79, 1, 'nApp', '[]', 0, '2021-03-03 00:45:55', '2021-03-03 00:45:55', '2022-03-03 07:45:55'),
('de11817497ba5025f1f72088f04110593c128c7bb9d7ee8b56ac15099c59990aa43ecc2fac3d22c5', 102, 1, 'nApp', '[]', 0, '2021-07-02 01:14:32', '2021-07-02 01:14:32', '2022-07-02 08:14:32'),
('de5f883fbc4b04827ead0a4f64ce2c889dc70bcb922e131096197dcace9ed4d20341eb0736a6559f', 84, 1, 'nApp', '[]', 0, '2021-03-10 07:06:03', '2021-03-10 07:06:03', '2022-03-10 14:06:03'),
('eceaed4330abba62991f5f70359ae4a1cd93b98b7789c197627cb4bcbe90f3b6df3e7db3ad9e6a3a', 92, 1, 'nApp', '[]', 0, '2021-03-28 07:11:16', '2021-03-28 07:11:16', '2022-03-28 14:11:16'),
('f19194aa2a74f27b28fd2e725708d9bd2bde1e54a00a118cfb42f7417b5ee3631277f9d6e4d4a904', 8, 1, 'nApp', '[]', 0, '2020-10-30 21:45:16', '2020-10-30 21:45:16', '2021-10-31 04:45:16'),
('f8f52044e7b80a2209a696c696d90600f6db491a63ebc51a159bfc288824fe8c52ea080d624f9f73', 86, 1, 'nApp', '[]', 0, '2021-03-23 09:04:33', '2021-03-23 09:04:33', '2022-03-23 16:04:33'),
('fa273b070e207f43d5187d6e9dc55996a0196e9dddedb9e199917fbfa096deb1ee72eb4a60c85843', 30, 1, 'nApp', '[]', 0, '2020-11-16 12:36:33', '2020-11-16 12:36:33', '2021-11-16 19:36:33');

-- --------------------------------------------------------

--
-- Table structure for table `oauth_auth_codes`
--

CREATE TABLE `oauth_auth_codes` (
  `id` varchar(100) COLLATE utf8mb4_unicode_ci NOT NULL,
  `user_id` int(11) NOT NULL,
  `client_id` int(10) UNSIGNED NOT NULL,
  `scopes` text COLLATE utf8mb4_unicode_ci DEFAULT NULL,
  `revoked` tinyint(1) NOT NULL,
  `expires_at` datetime DEFAULT NULL
) ENGINE=InnoDB DEFAULT CHARSET=utf8mb4 COLLATE=utf8mb4_unicode_ci ROW_FORMAT=COMPACT;

-- --------------------------------------------------------

--
-- Table structure for table `oauth_clients`
--

CREATE TABLE `oauth_clients` (
  `id` int(10) UNSIGNED NOT NULL,
  `user_id` int(11) DEFAULT NULL,
  `name` varchar(255) COLLATE utf8mb4_unicode_ci NOT NULL,
  `secret` varchar(100) COLLATE utf8mb4_unicode_ci NOT NULL,
  `redirect` text COLLATE utf8mb4_unicode_ci NOT NULL,
  `personal_access_client` tinyint(1) NOT NULL,
  `password_client` tinyint(1) NOT NULL,
  `revoked` tinyint(1) NOT NULL,
  `created_at` timestamp NULL DEFAULT NULL,
  `updated_at` timestamp NULL DEFAULT NULL
) ENGINE=InnoDB DEFAULT CHARSET=utf8mb4 COLLATE=utf8mb4_unicode_ci ROW_FORMAT=COMPACT;

--
-- Dumping data for table `oauth_clients`
--

INSERT INTO `oauth_clients` (`id`, `user_id`, `name`, `secret`, `redirect`, `personal_access_client`, `password_client`, `revoked`, `created_at`, `updated_at`) VALUES
(1, NULL, 'Laravel Personal Access Client', 'YowakuGjnynVzOH8qjS9kbCs6ymMVfHSZCqItGFK', 'http://localhost', 1, 0, 0, '2020-10-28 21:36:31', '2020-10-28 21:36:31'),
(2, NULL, 'Laravel Password Grant Client', '0Bvm1t8TKapygTSbLFMsrHfsCl8ihcpVMa7oZDqK', 'http://localhost', 0, 1, 0, '2020-10-28 21:36:31', '2020-10-28 21:36:31');

-- --------------------------------------------------------

--
-- Table structure for table `oauth_personal_access_clients`
--

CREATE TABLE `oauth_personal_access_clients` (
  `id` int(10) UNSIGNED NOT NULL,
  `client_id` int(10) UNSIGNED NOT NULL,
  `created_at` timestamp NULL DEFAULT NULL,
  `updated_at` timestamp NULL DEFAULT NULL
) ENGINE=InnoDB DEFAULT CHARSET=utf8mb4 COLLATE=utf8mb4_unicode_ci ROW_FORMAT=COMPACT;

--
-- Dumping data for table `oauth_personal_access_clients`
--

INSERT INTO `oauth_personal_access_clients` (`id`, `client_id`, `created_at`, `updated_at`) VALUES
(1, 1, '2020-10-28 21:36:31', '2020-10-28 21:36:31');

-- --------------------------------------------------------

--
-- Table structure for table `oauth_refresh_tokens`
--

CREATE TABLE `oauth_refresh_tokens` (
  `id` varchar(100) COLLATE utf8mb4_unicode_ci NOT NULL,
  `access_token_id` varchar(100) COLLATE utf8mb4_unicode_ci NOT NULL,
  `revoked` tinyint(1) NOT NULL,
  `expires_at` datetime DEFAULT NULL
) ENGINE=InnoDB DEFAULT CHARSET=utf8mb4 COLLATE=utf8mb4_unicode_ci ROW_FORMAT=COMPACT;

-- --------------------------------------------------------

--
-- Table structure for table `password_resets`
--

CREATE TABLE `password_resets` (
  `email` varchar(255) COLLATE utf8mb4_unicode_ci NOT NULL,
  `token` varchar(255) COLLATE utf8mb4_unicode_ci NOT NULL,
  `created_at` timestamp NULL DEFAULT NULL
) ENGINE=InnoDB DEFAULT CHARSET=utf8mb4 COLLATE=utf8mb4_unicode_ci;

-- --------------------------------------------------------

--
-- Table structure for table `tr_cart`
--

CREATE TABLE `tr_cart` (
  `id` bigint(20) UNSIGNED NOT NULL,
  `id_product` int(11) NOT NULL,
  `id_user` int(11) NOT NULL,
  `quantity` int(11) NOT NULL,
  `created_at` timestamp NULL DEFAULT NULL,
  `updated_at` timestamp NULL DEFAULT NULL,
  `total_harga` int(11) NOT NULL,
  `variasi` varchar(255) COLLATE utf8mb4_unicode_ci DEFAULT NULL
) ENGINE=InnoDB DEFAULT CHARSET=utf8mb4 COLLATE=utf8mb4_unicode_ci;

--
-- Dumping data for table `tr_cart`
--

INSERT INTO `tr_cart` (`id`, `id_product`, `id_user`, `quantity`, `created_at`, `updated_at`, `total_harga`, `variasi`) VALUES
(231, 51, 87, 1, '2021-06-30 21:14:49', '2021-06-30 21:14:49', 3499000, 'Prism Crush Black');

-- --------------------------------------------------------

--
-- Table structure for table `tr_checkout`
--

CREATE TABLE `tr_checkout` (
  `id` bigint(20) UNSIGNED NOT NULL,
  `checkout_code` varchar(255) COLLATE utf8mb4_unicode_ci NOT NULL,
  `users_id` int(11) NOT NULL,
  `product_code` varchar(255) COLLATE utf8mb4_unicode_ci NOT NULL,
  `brand_id` int(20) NOT NULL,
  `category_id` int(20) NOT NULL,
  `price` int(11) NOT NULL,
  `quantity` int(11) NOT NULL,
  `created_at` timestamp NULL DEFAULT NULL,
  `updated_at` timestamp NULL DEFAULT NULL,
  `variasi` varchar(255) COLLATE utf8mb4_unicode_ci DEFAULT NULL
) ENGINE=InnoDB DEFAULT CHARSET=utf8mb4 COLLATE=utf8mb4_unicode_ci;

--
-- Dumping data for table `tr_checkout`
--

INSERT INTO `tr_checkout` (`id`, `checkout_code`, `users_id`, `product_code`, `brand_id`, `category_id`, `price`, `quantity`, `created_at`, `updated_at`, `variasi`) VALUES
(159, '20210328218', 82, 'HP0070', 8, 6, 2300000, 1, '2021-03-28 03:23:28', '2021-03-28 03:23:28', NULL),
(160, '20210328219', 82, 'HP0068', 8, 6, 5999000, 1, '2021-03-28 04:35:38', '2021-03-28 04:35:38', 'Awesome Black'),
(161, '20210328220', 82, 'HP0067', 8, 6, 4999000, 1, '2021-03-28 04:35:57', '2021-03-28 04:35:57', 'Awesome Black'),
(162, '20210328221', 82, 'HP0065', 8, 6, 5600000, 1, '2021-03-28 05:50:44', '2021-03-28 05:50:44', 'Midnight Black'),
(163, '20210328222', 82, 'HP0054', 8, 6, 2339000, 1, '2021-03-28 06:07:33', '2021-03-28 06:07:33', 'Midnight Blue'),
(164, '20210410223', 97, 'HP0066', 8, 6, 3599000, 1, '2021-04-09 22:11:06', '2021-04-09 22:11:06', 'Awesome Black'),
(165, '20210410223', 97, 'HP0066', 8, 6, 3599000, 1, '2021-04-09 22:11:12', '2021-04-09 22:11:12', 'Awesome Black'),
(166, '20210410223', 97, 'HP0066', 8, 6, 3599000, 1, '2021-04-10 02:37:28', '2021-04-10 02:37:28', 'Awesome Black'),
(167, '20210601224', 65, 'HP0060', 8, 6, 7500000, 1, '2021-06-01 05:51:36', '2021-06-01 05:51:36', 'Aura Glow'),
(168, '20210603226', 87, 'WT001', 13, 8, 2800, 1, '2021-06-02 20:53:59', '2021-06-02 20:53:59', NULL),
(169, '20210603226', 87, 'WT001', 13, 8, 2800, 1, '2021-06-02 20:54:12', '2021-06-02 20:54:12', NULL),
(170, '20210603225', 65, 'HP0059', 8, 6, 7499000, 1, '2021-06-02 22:43:02', '2021-06-02 22:43:02', 'Aura Glow'),
(171, '20210603226', 87, 'WT001', 13, 8, 2800, 1, '2021-06-03 01:12:06', '2021-06-03 01:12:06', NULL),
(172, '20210604227', 87, 'WT001', 13, 8, 5600, 2, '2021-06-03 22:54:34', '2021-06-03 22:54:34', NULL),
(173, '20210604228', 65, 'WT001', 13, 8, 2800, 1, '2021-06-04 04:02:04', '2021-06-04 04:02:04', NULL),
(174, '20210605229', 87, 'HP0066', 8, 6, 3599000, 1, '2021-06-05 00:10:20', '2021-06-05 00:10:20', 'Awesome Black'),
(175, '20210617230', 86, 'WT001', 13, 8, 5600, 2, '2021-06-17 04:25:07', '2021-06-17 04:25:07', NULL);

-- --------------------------------------------------------

--
-- Table structure for table `users`
--

CREATE TABLE `users` (
  `id` bigint(20) UNSIGNED NOT NULL,
  `name` varchar(255) COLLATE utf8mb4_unicode_ci NOT NULL,
  `email` varchar(255) COLLATE utf8mb4_unicode_ci NOT NULL,
  `email_verified_at` timestamp NULL DEFAULT NULL,
  `password` varchar(255) COLLATE utf8mb4_unicode_ci NOT NULL,
  `remember_token` varchar(100) COLLATE utf8mb4_unicode_ci DEFAULT NULL,
  `id_level` int(11) DEFAULT NULL,
  `status` int(11) DEFAULT 1,
  `telp` varchar(255) COLLATE utf8mb4_unicode_ci DEFAULT NULL,
  `address` text COLLATE utf8mb4_unicode_ci DEFAULT NULL,
  `photo` varchar(255) COLLATE utf8mb4_unicode_ci DEFAULT NULL,
  `ktp` varchar(255) COLLATE utf8mb4_unicode_ci DEFAULT NULL,
  `token` text COLLATE utf8mb4_unicode_ci DEFAULT NULL,
  `isdelete` int(1) NOT NULL DEFAULT 0,
  `created_at` timestamp NULL DEFAULT NULL,
  `updated_at` timestamp NULL DEFAULT NULL,
  `fcm_token` text COLLATE utf8mb4_unicode_ci DEFAULT NULL
) ENGINE=InnoDB DEFAULT CHARSET=utf8mb4 COLLATE=utf8mb4_unicode_ci;

--
-- Dumping data for table `users`
--

INSERT INTO `users` (`id`, `name`, `email`, `email_verified_at`, `password`, `remember_token`, `id_level`, `status`, `telp`, `address`, `photo`, `ktp`, `token`, `isdelete`, `created_at`, `updated_at`, `fcm_token`) VALUES
(11, 'Admin', 'admin@gmail.com', NULL, '$2y$10$HvZ.P.SP77YBGhg4Ga8qheuYsWy4P7KfiULRcjKGSDJ6WPO9BeLuG', NULL, 1, 1, 'Condet', '+6282299033670', '20201028212327-Law_Jumputi_Dressrosa.png', '20201028212327-student_card.png', NULL, 0, '2020-10-28 14:23:27', '2020-10-28 14:23:27', NULL),
(64, 'cs1', 'cs1@gmail.com', NULL, '$2y$10$uG5rFaFI91z1IynxUF8mr.IMw4m402o4hea0jK9OCHbjjUHUYZ12G', NULL, 2, 1, '0987654321', 'Kompleks Perkantoran Mutiara Faza Blok RE-5, Jl. Raya Condet No.27, RT.5/RW.1, Gedong, Kec. Ps. Rebo, Kota Jakarta Timur, Daerah Khusus Ibukota Jakarta 13760', NULL, NULL, 'eyJ0eXAiOiJKV1QiLCJhbGciOiJSUzI1NiIsImp0aSI6IjA1OTNlOGE1MWNjOWE2YmE4MzIxNzJjZWUxZDMzZDg1YzU0M2JiMTBjODc4ZWJjZjU4MTdjOGVmMTc5ODZhMmZkZGRmZWU0NDRmOThjYjgxIn0.eyJhdWQiOiIxIiwianRpIjoiMDU5M2U4YTUxY2M5YTZiYTgzMjE3MmNlZTFkMzNkODVjNTQzYmIxMGM4NzhlYmNmNTgxN2M4ZWYxNzk4NmEyZmRkZGZlZTQ0NGY5OGNiODEiLCJpYXQiOjE2MDU3ODM1MTgsIm5iZiI6MTYwNTc4MzUxOCwiZXhwIjoxNjM3MzE5NTE4LCJzdWIiOiI2NCIsInNjb3BlcyI6W119.HcyoXw2Nw-QIdPj38bOzQoAmSSQ4SAMx76bQykRzEsrMIRO_PczlD911xo-kIlaz0smBU1jWQ0OsZm9GMLzEgaWdNXfqxdDyzXQFuMwC4C2iVm8HQ2gv4wY5l0qtUulklbkm0AS6EBzlMe4J3bYYHWdvS2hMlW-Sd5T1h7P41sG1nEru2GXu_Q05UccTWjjpT8wVmfRoD9pbdoroxXp-ddNeIE3vcC-5DTPKw2GUPR2od8YcDU93Emm1vdYfBNidV9gGAxU_VlekwgRP7OOhk3zy61D63B0TkpzmZTfhFzP3GJbpR7WhDE_PhShFvy3ye0pwlRR_V0Ipgl17c-4gIQivUHxdYRi3J4lv1H_9mkESN6_rQ8eJsWCCL0Dya87LnmHppbhpbIATp_oDQ9tvPYAH3ckHTL9-x8iTil3G6ohYvmDJGblQlabT6jL3ewt-lrvx4JN1pUK5VyA4MiXQmYJ8k-7eRe5Bsc5LttwsaSm3N7d7RzyIHQmvgsm3kD0KB-lmHSz5eTGYIi8ehIPy9B4kedi9ROZeHwpoo00npfdcxIPZRq7JHIeJ2NLw7xWe1qr69JOQd_eVdWLd0jJvsXBji5UGcfxImvBVWKUf1vuh5pdtK4wiO9_O13H_4x0r6gYCwIYoeQLclrU1gHm2cdttsKsB2La0vy33vqRoBhk', 0, '2020-11-19 03:58:38', '2020-11-19 03:58:38', NULL),
(65, 'customer afu', 'customer@afu.com', NULL, '$2y$10$oTTMPtaZfWUdwA67mbP5neuW41yLsPA3J3FXigE2MKFpjySKH3GxS', NULL, 2, 1, '081806811', 'jl.raya simatupang panjangangksislwmznxndksmnxnxnxkzmxmxm', 'USR-FOTO-65.jpg', 'USR-KTP-65.jpg', 'eyJ0eXAiOiJKV1QiLCJhbGciOiJSUzI1NiIsImp0aSI6ImI5MTY1OWFlOWQ5Y2M5NWFlMGQ2M2Q1OTI1YTc4YTY5NzZhMzgzZDYwMjIzZGU3NTBiMTY5N2VlODZiMGQ4NTg2ODIyNmEyNGRhNzA1NGFjIn0.eyJhdWQiOiIxIiwianRpIjoiYjkxNjU5YWU5ZDljYzk1YWUwZDYzZDU5MjVhNzhhNjk3NmEzODNkNjAyMjNkZTc1MGIxNjk3ZWU4NmIwZDg1ODY4MjI2YTI0ZGE3MDU0YWMiLCJpYXQiOjE2MDU3ODM1MTksIm5iZiI6MTYwNTc4MzUxOSwiZXhwIjoxNjM3MzE5NTE5LCJzdWIiOiI2NSIsInNjb3BlcyI6W119.n0p_dPW3CRykOxzJxvh4D6voGeVoXrph8A5D_OieHc44sp1eBcUNO1pQI0PZnKFCrmRnLvCTh5Y0HzSO-jPDW_8uEkUwmSFMSqg0AMxMSEMAnPvpxfxJLZ_TOf6XeZrWyIxxO0G_w7aMh8Mp_x1VCxAeDdrj7mzYHc2QzQzVhf9QNjt94JcgzhI0romzK6L_IELqeOcq94DLP7YzD5NYmWfM0Xl64rkrnOz136Y05F9lOdOEJgmIaCwiAnB6jN6Ve621cYaNJn4L12alIdj9bJVd9WXh8saLcL7pJWZ1MfYcOui_lBcIKKJwUh0d-F8Tn51c9lpACtjF7NA4vq2Sn_n-DWufQPZAVmXnZFqlZWwmOjmK8Gh1zQzQwFy1D-lqRf4MmNFe4u-N6Sjog5sM9W4WybwvuhZcYwW8uKn9-BoLdrZ_dF7i1w54bq9lmSDb57ctWqaWcPlvuLuscuHtjAI7V27JMCV5dJYL0AP6u5CIO7-rNZaPQbfZiPUHIUIbm0LzMslZuaf6_ok-s7sU6HzENNYqxNesdYyVocXxe9tDiaZ0O-AW9je1pIt602ySjxr9GFgpY_SdfNol2XRkQ-f_5jFmWaBU1p28JAnOwP6U1Xdy9O1590buTW6Y6sHRpB-xRdOdneglAZeiodiuy11YrGeGiJe04Siv9ZwUqcc', 0, '2020-11-19 03:58:38', '2021-02-27 21:13:09', NULL),
(66, 'cs2', 'cs2@gmail.com', NULL, '$2y$10$3u.2lQUisuFm6y41n8d5.eoEEqpEzFNdOvbwF2ll7QFiB.rE7UyIC', NULL, 2, 1, '098876655127', 'Kompleks Perkantoran Mutiara Faza Blok RE-5, Jl. Raya Condet No.27, RT.5/RW.1, Gedong, Kec. Ps. Rebo, Kota Jakarta Timur, Daerah Khusus Ibukota Jakarta 13760', NULL, NULL, 'eyJ0eXAiOiJKV1QiLCJhbGciOiJSUzI1NiIsImp0aSI6Ijg4ZDQ1M2E5N2ZlNmI3Y2RiNWY5M2EzOTUzMDVkOWQwMWM0YzFlZDQ0ZjU5NWRjZjI0MjA5MTkzOWZjODJhZDYyZjdhN2E4NDg1MjM2ZmM2In0.eyJhdWQiOiIxIiwianRpIjoiODhkNDUzYTk3ZmU2YjdjZGI1ZjkzYTM5NTMwNWQ5ZDAxYzRjMWVkNDRmNTk1ZGNmMjQyMDkxOTM5ZmM4MmFkNjJmN2E3YTg0ODUyMzZmYzYiLCJpYXQiOjE2MDU3ODM1NDYsIm5iZiI6MTYwNTc4MzU0NiwiZXhwIjoxNjM3MzE5NTQ2LCJzdWIiOiI2NiIsInNjb3BlcyI6W119.q1pPb1L6vR7ShvJH6q0RsKU3xir1OHDtnsNtdncsvT8m42Czgj1h4P8dxYou589dKdTL9gAGzUWgtSWzJX16WaNRwAK51vEgfEHbJJ4uBoLVJu8Q3Afa0ROCleTaTjbkE77MpOtS2rkZMg-miDucQEMVXy0sG1a85MnIC7u_0U1Wmi09t4Eh3oJagxA906pv_U2szpPnDO4m7-fkPLpNWGkIIL7kpLav3DRO-25_dM9nNMl0L5e1eM1oQJgwvCB8VdyxvH4A63LtAE3QC5bnDOCzmbFOcGjhnNKvtcmROgZVlqXS5CPvi9WRQolDzayH2Tymede0UOLfbXmetzNkHRvsQOsUVj45pWQZHbc-ug6D_A-w7XfQqcZl1ZN-nC5voATZu_sLGKpPGjjgmnhDAohmjp9DEfRdHTOsL7QGXVvhj965xi8W1nrnwmYMPefVrKgrw3R0_dYktjMtoYhoKminiF_pugr14dgTg0B7bOdgQ9tZZYpp3N3tUJj6C8L-l6k63AxaFBwou1nwwf6cGTD3HpREzn_5jlvIglULFuJLgHAi99Ab0k_iil1RuicNhDNKkxVimFKwqkHifw2pB2uwRTdg-J_w55M5GI6t2dHRurNQW9mpWEFhBws9eH8df76hl-k1iiVgSPONdxpAFPihXLOGWu13Z20dHLw3x8o', 0, '2020-11-19 03:59:06', '2020-11-19 03:59:06', NULL),
(67, 'kurir1', 'kurir1@gmail.com', NULL, '$2y$10$IFpAWKZSQ0u4fFRh5Wb4dercqNQTnLe9AaIP5nW4VIPBe4QosCP4u', NULL, 3, 1, '12312312', 'Kompleks Perkantoran Mutiara Faza Blok RE-5, Jl. Raya Condet No.27, RT.5/RW.1, Gedong, Kec. Ps. Rebo, Kota Jakarta Timur, Daerah Khusus Ibukota Jakarta 13760', NULL, NULL, 'eyJ0eXAiOiJKV1QiLCJhbGciOiJSUzI1NiIsImp0aSI6IjMwOWE2NWQ2ZjJhYTc0YjgyM2Y1NWYyOGM2NTJlZjM2NTgyZTFiYjE0NGJhYTA1YjQ5YzVlNjM2NzBiYTg4ZGJlOWM0NzAyOTY1MWM5Y2ZmIn0.eyJhdWQiOiIxIiwianRpIjoiMzA5YTY1ZDZmMmFhNzRiODIzZjU1ZjI4YzY1MmVmMzY1ODJlMWJiMTQ0YmFhMDViNDljNWU2MzY3MGJhODhkYmU5YzQ3MDI5NjUxYzljZmYiLCJpYXQiOjE2MDU3ODM3MjcsIm5iZiI6MTYwNTc4MzcyNywiZXhwIjoxNjM3MzE5NzI3LCJzdWIiOiI2NyIsInNjb3BlcyI6W119.tExxEI6Gfhl0D7nPC6Wr_421iGgtMiOWTT2z2z-OEsewvfUEBZqXOQ9yIYODauzt_Xe1jcWVRJQb5y3Ys6aNXQ8oOOGD6P-yWUGP8V2Udc385iw5SuByzhCCnlULrzYQPF3IEU7E4uPcSYVq6tXpzGhlp8pqbSyiAW7sjnCQy88DBKNZQQd9GTwBUCOMsZWC6jOTh3qtm6B4f7iD8QklbkBIIw1FR1dOio8KpCuFnAzFKHUayhR2xZLdrlceYkdEjXKYOrH6YC8BszasUEvaepnciT7caz7UAv2owuNATc0Zuz4Ky9R3ov-405whkUrLgQSx6kfiSuDD7B9rVYcBdZJaMEaGNXpoZti9PWMdDFhnIeceK_fpsjVG_eqGRC0NNXFOmy5Q80zgpNqiHGCswUIzDr931Ikm_OI-UbkETPi9LVtCUddRotxANCdIy3kqdQJxD95jcJtpRjbRaVMemQ1-mutoXMC1FA68c8J4Bb9Hwi-Xhpv-6wUv9RgknXWBng1BemZbMy7sj_8hoCSYm1us2dZl3ygfPWXgNbx8TTE0JpxzUjQX9sb5CzFEZVY1_VkCDMEZk_2F9Tcve9ng91YmROZWZ78XxgL9SYdy9o7dDWpomqGn5fD-Pk-1Lxa65DrwhBoFgjaazJVm-8obio4vVtetV_hPI3IPGkX3z0I', 0, '2020-11-19 04:02:07', '2020-11-19 04:02:07', NULL),
(68, 'kurir2', 'kurir2@gmail.com', NULL, '$2y$10$2LofAO/PnGU8PIOGXKU8B.IaGLoRfHZBwiLl.9Y4aJ2KKFHZ/XzLW', NULL, 3, 1, '087654366736', 'bogor', '20201120045005-Law_Jumputi_Dressrosa.png', '20201120045005-student_card.png', 'eyJ0eXAiOiJKV1QiLCJhbGciOiJSUzI1NiIsImp0aSI6IjBkZDE5ZmM4ZjIwNzUwMGIyODEzMWMyZTNlZWRhY2U3OWE3ZjNlM2E5NTQ4NDQxNjBjYzZjMzgwN2UyZTIzMDMwY2RkZDI1MTQ3M2M5NTg0In0.eyJhdWQiOiIxIiwianRpIjoiMGRkMTlmYzhmMjA3NTAwYjI4MTMxYzJlM2VlZGFjZTc5YTdmM2UzYTk1NDg0NDE2MGNjNmMzODA3ZTJlMjMwMzBjZGRkMjUxNDczYzk1ODQiLCJpYXQiOjE2MDU4MjI2MDUsIm5iZiI6MTYwNTgyMjYwNSwiZXhwIjoxNjM3MzU4NjA1LCJzdWIiOiI2OCIsInNjb3BlcyI6W119.Zl5BBuuP2DUHcw49b3ATTdp1nbR4bS3RmXvBDlGeD2mq0OzMF9TwO24y-idxQKyrtFk-kpMjFixFdDslCqLAql63IxyaklACskCps_qm6Q2feGxqmV0Y48Jb0sUy-Wp5frtHKfYAuk3ohZt549pFbzS5bqys44wvdE_26qgDoCaWGpSmzXEQn7TY7EbTf_TB6tpE8Wk2jyNyIowuW85CSKkJSXAehPGZ3RILSyYGNNxR_el6QQof0O1fNXUiAaclZBiMvfznVxGjzKtZQ7DXtWKqxAuydMIMCsu1PLOGd84cHSy4ER4ZgDvESQO7q9q4qJ2z-khvU7aIcbCFUVPXvORdPLenI1nY6skQH06JQtDsKf_SbgKjX1eQibHZ3iUREB4fXkyh7pzv0xQ5DGb6ynbt-VlZv4ycaVj-Y9nPgaoFcQbUO5_4VfvNovKYQYB0Pduv-gRbksvygaBZQT_41poX8UqW_ua2tWjez-_l5N-uO8g0YwGRHDQKKs9ldtQgegJSFsk4ZKxYYOgjI-cHeUEeWFeua213AzYscqf2HpI9a3nF9VnN31-nL3BqjArJFugu8b0nvzeMYR4mWQ3ydwwVuJjmfQ7n1oR-aXPy-CmFRFrnzrollwW2FBQYJ1MJ6gqFuTDBPa-oBLm8bKKbOkpYMrAGH9V2PXqs3URwhk4', 0, '2020-11-19 14:50:05', '2020-11-20 23:43:04', NULL),
(69, 'customer tesst 1', 'customertest1@gmail.com', NULL, '$2y$10$7MVmTOr9wI6ACBI1sxV37etCz5RVNKwRUS1QzFlTBMxtKqRJRNHl.', NULL, 2, 0, '08464676', 'jl. raya', NULL, 'USR-KTP-69.jpeg', 'eyJ0eXAiOiJKV1QiLCJhbGciOiJSUzI1NiIsImp0aSI6ImM1OTNjYzcyM2MwOWEwYzU0M2JlNzU3NWRjNjRlZjUyZTRlYTIxZTQyNWUyMzIyYjVmMTI0YmM0MWM4ZDllYWNjN2I1MjU2YWMzMDQzMGFkIn0.eyJhdWQiOiIxIiwianRpIjoiYzU5M2NjNzIzYzA5YTBjNTQzYmU3NTc1ZGM2NGVmNTJlNGVhMjFlNDI1ZTIzMjJiNWYxMjRiYzQxYzhkOWVhY2M3YjUyNTZhYzMwNDMwYWQiLCJpYXQiOjE2MDYxMTU0NzksIm5iZiI6MTYwNjExNTQ3OSwiZXhwIjoxNjM3NjUxNDc5LCJzdWIiOiI2OSIsInNjb3BlcyI6W119.oK1uhPkV6Xidg3bCrKN0fUD-vINKKZ6YZDyVFp9o9dgkGcjg-3MHaHLrQk3FlIOzTDKH8-Nqan-AAde9fj2gd1cZSFaTJK4SW6uyTZdxqN_lhGcWs8stHRRq67TZzNfwDX0TawL61oYeXRitsBi3gVD-LILbE8QJlYDXABcyCEo98OzT5E1TEPAsnj15idF7l8HLWHN2qVkj1LNDm380TkJ6ToxDi3au5xCGLaApU22OQbFLGj74J_kc6wXo-LMBXw7aCHXyZ071HjtYGCJPdR7TPob3Wmltdo4bxiZy7fJOlcLZPDnHc330iBp3ObnmZn4GBBiuueOssFEOB4px7qX84nhH30JSY5RfDvksUKL7ijSCpgZPGy1wLfdTL777WxMJX8OwM-BwMoF31x0lZ8iG5fjM4y6Movy8rYEKdgJXgCeaaa02LwT1zCZdZDghW68r9L_yaB_PC69zK0DqA91AGmvD18TTS4v6s-kiDO1xzjIVie--8Cu3hxD66lyFolOQr5ZC7RqJrhPRL5XFHrdjAFPIu5J7LIHYLkidWr0xmKGVwp5AoMKnOJ4sGykFm6t_jilPK5OyW_ZZ1p-_RHPIwjDE-0h-6_eeNZ8RhtoY28QSHHi98cYWuM3WX38wj9te2nKpNTTmiNDDGyUn4tBakofKgj-NyGW4_eKquFE', 0, '2020-11-23 00:11:19', '2020-11-23 00:11:19', NULL),
(70, 'CS Hardi', 'cshardi@gmail.com', NULL, '$2y$10$4Hyyj4MIallrQrL.8C/69ea/7aHTXKSg5ppC1T7eYpeaLLwGxbDSq', NULL, 2, 1, '082299033670', 'Bogor Barat', NULL, NULL, 'eyJ0eXAiOiJKV1QiLCJhbGciOiJSUzI1NiIsImp0aSI6IjdlZDRmYzY5ZmM1Nzg1NWRhY2UxMjhlODYzMWY5MjlmMjU2NzZmZDM3OWZmMTAwNmI0ZWQxNmQ2NGY3NzM3NmIwMDhmYjNiYmRlNWU5NjUyIn0.eyJhdWQiOiIxIiwianRpIjoiN2VkNGZjNjlmYzU3ODU1ZGFjZTEyOGU4NjMxZjkyOWYyNTY3NmZkMzc5ZmYxMDA2YjRlZDE2ZDY0Zjc3Mzc2YjAwOGZiM2JiZGU1ZTk2NTIiLCJpYXQiOjE2MDY5ODQxODMsIm5iZiI6MTYwNjk4NDE4MywiZXhwIjoxNjM4NTIwMTgzLCJzdWIiOiI3MCIsInNjb3BlcyI6W119.qw4-tcgs-cY1YnI34r6DTWo0tYogDH4OXFEndwHsMjRzM6Rg8gvCEi9ifjy8STqt558JKzn1W8lcFWvbxlO4b8-nX_yu6RO-76QkzYHfL_8XH7kUDcP_1q_TsSOr0FM0c7E9Nf9iYezBKqpp79j_ODA3ynXHWjehtYWh9xOiBQDmZ6bNmqoor2KtVQr6Jlhq25d9T13o1wJsxQ4IRQbbprrDt4Gq6GOcBoCmS7nw6nQmiessE9p6ADi1dO3JDPPzZ_HE_Y6hAZM6DuU0rMRzFH71G2sxWrRBrwhLQ_2i7W7zWRo4Tqf_WL0Dgv9iD7xth6QwCFNPZpqCXRMW9b9htYravjZUA7Hz5PfSvJJXv7aXWSIhOcuZ3BvfHAKVTxV9LmEgWOVWUGxLP_DesVjqmMJLNCZSBMgfu-6gMaBysCRWJBtcB2Np59xRhuhBxhZkom0KUR3y1q-Mkh26MdzTPXQDRKoOHtFAJg3XIrzztcfJ9SyPLxUibH58BOuh9q-Q73m-0b8HH0VwKOw3EzTr586o6CckjpsB0XAFFazsgpcU4Wp_AxIY5hHpvv_F-7nIY7csn9wM_5khH6nwAOplgSlWaRbVAthcbua62IG_b03XMQ1G5TOwGveh4XJtstcY5OUoik2v71LxzE_42q8PePcyAswm8AMoitlYdK26qHk', 0, '2020-12-03 01:29:43', '2020-12-03 08:30:00', NULL),
(71, 'Kurir Hardi', 'krhardi@gmail.com', NULL, '$2y$10$Zk3U4XsRL.TXli.NC.2VduPe9dVKDa5hHvfxxM.wMtSlsz1mNcZka', NULL, 3, 1, '0987654332', 'bogor', NULL, NULL, 'eyJ0eXAiOiJKV1QiLCJhbGciOiJSUzI1NiIsImp0aSI6ImQ3OWIxNDRkMDg2YzJlZWRjMzUwYzk2N2FlMTFmMDA5MjE0ZDY3NTY0Y2Q2ZWNlNWZhZjA0MGE0YzhiYTk2MGQyZjRmNDQzYzExYWZhMTNkIn0.eyJhdWQiOiIxIiwianRpIjoiZDc5YjE0NGQwODZjMmVlZGMzNTBjOTY3YWUxMWYwMDkyMTRkNjc1NjRjZDZlY2U1ZmFmMDQwYTRjOGJhOTYwZDJmNGY0NDNjMTFhZmExM2QiLCJpYXQiOjE2MDY5ODQyNzgsIm5iZiI6MTYwNjk4NDI3OCwiZXhwIjoxNjM4NTIwMjc4LCJzdWIiOiI3MSIsInNjb3BlcyI6W119.KUVPLSnL1QbmRWE6bpT4e0BMRVNBK1e9LPWCeA-0qFbktj2BZ5O_WaPDb5uLpwTmbB_b3aBugUtipW-s5TdVAwFsgdSQmZAQGSFhEIoemYbqQRCsxAXxZranThF8vs73if1Kgsia8aHZpnopxGdqkk5QiJCh6Ua-DeZmH-QQ9W028iCfwZ7mwQ8CLCyPsuO-HqnmoSbqprl_7SYStyJMo6599wV53GIQiEBgyB4cM_UD45CF9TFyW2y3M5gyNPDF2B8acktpDPYQzuIUZLezK_yhWdkKbNu-W28tFa57SgHVOtyY5YiidAD2T0EX9ZZgoZm7OZsV-Kg1XvVhToj_cRcel1RQ_K-c05cLUO17cjHf3bWX4D6WWrWsmYsp-1T6fecFlHV6CzjzV4evnFDMBmS84qsMN-5_yQNQ1IBNq_uNg7cY_MIsp7XixDcTbqHuXSahGJLQWv7sJj8ofVfHgbzYXCwIN40yntydRLLNZu3zcQvFxgXtHK5HHBBvrPnp41nYjL0Sb41XairsGetqK2tvHw_OoTMTlNMKfDqFsA68lnEsVZ_tbKS2meE0B3hSGKeIpTnOQBDjxrnm8MLyU_pit2rDO34FpNrhzzhHu2vguCYN6eKgTPiaDNBYDiZ-Jv-EBCzlKconxZti6Xpzla4qlhDATqcrEmouECSHnds', 0, '2020-12-03 01:31:18', '2020-12-03 08:31:26', NULL),
(72, 'yudha', 'afu1@gmail.com', NULL, '$2y$10$G5u5u8cHcgpDeAG5kahFOe7Vd5vSinPVCoNyKG.JyR.1NVFWOmpAO', NULL, 2, 0, '0819191649', 'afu', NULL, 'USR-KTP-72.jpeg', 'eyJ0eXAiOiJKV1QiLCJhbGciOiJSUzI1NiIsImp0aSI6IjVmOGRmMDQzZDRmODM0ZmY0NWRmMmY0ZDEzNDYzZTYzMjI5MzU3ZTExMTVmNmFkYjQyNTVlNzRkY2RhZjkwNzMwZjQ0YWQ4MmRlNDJmYjRmIn0.eyJhdWQiOiIxIiwianRpIjoiNWY4ZGYwNDNkNGY4MzRmZjQ1ZGYyZjRkMTM0NjNlNjMyMjkzNTdlMTExNWY2YWRiNDI1NWU3NGRjZGFmOTA3MzBmNDRhZDgyZGU0MmZiNGYiLCJpYXQiOjE2MTI2MDk3NjgsIm5iZiI6MTYxMjYwOTc2OCwiZXhwIjoxNjQ0MTQ1NzY4LCJzdWIiOiI3MiIsInNjb3BlcyI6W119.VOzDdPXDlpE5QFPQ3MN83O6T46TlFcVY_U7pr4bwWRA8Pt0o7INrTilnwfgIhdRsFiCtxnhY2pV3LzCTfHd6o7RzQz0Gq3-BV3dDo2TwdJU2x0aoKsx8GnC2J12EqzK_UNcJGRlzKkXGXg3yb6bHggvkxs8DcSPT6kTnjBc20g78gBSONtNCGW8pikjPz1G00IZLULiAIYkrDVgkOhQh7astdAu8JyBQnOy38dhqAVYlrAsXYbGYUZuI2KON3IqedO7eQ25dZVZlg243ccI3dJnwN7QfdVYZuW__Q3NLyPS4sPryir8SJEbuO8Q4yr2oNMgAB2jGdmOZKreySWJm_DbCaljyIEKKxjQR-6xSF_9ca3xfBVkFCfZEp08wEBFOT4j4gP0yptQRJBqNHHk9bonTOJboXRSNltEGIcQRrFtqNVSs5TAVjiSqQvlKo4qKZ5lvgO1UlkBmuTL6-otvEu-ieo7wMD54x9wD4Xbve96Bj2YK89CIzN8qQBH-7BYOC-Fo0L6LMY3-CCz4TEfbLXy8ZJAa2_Epp13kv8ReqJmAwnUaqoklX6Zq8bi2a5BoAhJcI-gl9g-vtqXtKSuGTZXBwBc-82TTTpT7TJfIOdGlL624ZIGMvod3waQWmhS4Uuf6NRO61hASG9D8ac8uzfvr48TQo7bSb9b1fPF6lL4', 0, '2021-02-06 04:09:28', '2021-02-06 04:09:28', NULL),
(73, 'yudha 1', 'yudha1@gmail.com', NULL, '$2y$10$PHZ6uUqbxFEBfntglQ9rHutpeGSVRChIdgHYTXkldtIXSjKKKrEQi', NULL, 2, 1, '081818181', 'jl.raya', 'USR-FOTO-73.jpeg', 'USR-KTP-73.jpeg', 'eyJ0eXAiOiJKV1QiLCJhbGciOiJSUzI1NiIsImp0aSI6ImQ0MzEwNjYwM2M4NTA5N2FjYTRkYmY5OWFhNGIzZjcwYzFjOWMyZWVmYTk5OTdhOWEzZWZlMGJkYWQ0ZDI5OWU5ZjUxOTU4NzlmMjI3ZmZkIn0.eyJhdWQiOiIxIiwianRpIjoiZDQzMTA2NjAzYzg1MDk3YWNhNGRiZjk5YWE0YjNmNzBjMWM5YzJlZWZhOTk5N2E5YTNlZmUwYmRhZDRkMjk5ZTlmNTE5NTg3OWYyMjdmZmQiLCJpYXQiOjE2MTI2MTA5MDYsIm5iZiI6MTYxMjYxMDkwNiwiZXhwIjoxNjQ0MTQ2OTA2LCJzdWIiOiI3MyIsInNjb3BlcyI6W119.hK6BEpZ1YGyivM2hDletb7e1YGbJb4ce7LIMJ0O_k7Nx_SYgULS0Fd9mGTdY-6499V46TWjQCS0TZkg4_61B6acsdm8h1sRG8mIjck9essDrZ-r3oGqQr2trh3uBNuLf2PE4jesja5hmqgC6xriSXGBAtAKBBe65a3u4HqX911yB6qkL7ETCFADzkyM1vu61iHYM39gSZVQmJYa9cSeYSfyIdlHC9rXsg0KmNKzziOmy3NHBY0w6gLft_opuvCvAB-G6utoqqaZZBx9sKn_KqDwIqdzBZtgHNAAASFmO_HSGrycarGQFvW_6MKblsbmaUb1uSPpHnN-ZMvn80HZGwUQ0x2yMvRA5ddR18YgTvmfahFbsVVfFkx23p8NKpvE58CIpgkO5_mmzStDWfOTPBsOfVHvFir7QC3wdB4LxIZ3W-gx51JQMyjjlaNwMuxNn6hd5CuLj07THDfjVZ-BySKWIYbOXKUcoSQmbX01kP0PyX9NIC0gQThshY748x3g36EbzoRgJaPquoxe3odNTWgG67_ZmMjznagH0Zi6gAgICSxxc5zUppOmlM18Qt1bBnJ-bYOZ1hlKS90pibhJp19xfmu_T0UAL-kL4Kq6BJwa2eLJdBPHlhScjL-U1lbC3LCAg08YxZ23vkPVBqAHT97yWIqR9Ehb4Bugz6Flj5v4', 0, '2021-02-06 04:28:26', '2021-02-09 05:49:25', NULL),
(74, 'azka', 'azkaarsy25@gmail.com', NULL, '$2y$10$L.HDXolWcZLxYP4569JsUOuDno6wWtxFsLhkHZn3dMHfEegXjOObS', NULL, 2, 0, '02182621043', 'bimq citra 17 no 11', NULL, 'USR-KTP-74.jpeg', 'eyJ0eXAiOiJKV1QiLCJhbGciOiJSUzI1NiIsImp0aSI6IjgyN2I1NTZiMGE4NjhjMDI1NmU4ZjE3MGRmZjNkMWViM2E2OWNkY2NkYTRkYjhiNDQwZTA4NjMzYzhjMmMxN2UzMTY4YmJlMGUyMTEyM2MxIn0.eyJhdWQiOiIxIiwianRpIjoiODI3YjU1NmIwYTg2OGMwMjU2ZThmMTcwZGZmM2QxZWIzYTY5Y2RjY2RhNGRiOGI0NDBlMDg2MzNjOGMyYzE3ZTMxNjhiYmUwZTIxMTIzYzEiLCJpYXQiOjE2MTQxNjkwNzEsIm5iZiI6MTYxNDE2OTA3MSwiZXhwIjoxNjQ1NzA1MDcxLCJzdWIiOiI3NCIsInNjb3BlcyI6W119.sPLokD5foCyyRQ6izNbn9wU6zFGCZq_HJWDfJs5_hRsb5Q-KX-k-XXGxEHx_ipycFOj9-4hVmIEkIqsP32Ecl7mNGJB0RmTFGnEqqkvkmktPmoOpVEHSyaeQrRnxlm7bKur_CZxPODSn-XOKjJUX9Ywiv8m1qNcvrsdy2fC1FawUQxqwtsGJmV20oobpTF7xRV38lvCzngrQjQPTxV7zUxuFSB0v4gjjv2nWMoe-3MEesMG9SaBjVwY29m2vp_U20buYYe8cPsLBKNhuXcg37O3jMCoWtFyO74TzYlJp3Tpg1GgUBz_uoeZraN1ouSPKlAbEIsoT9JIgS7I9Lk2WSgkZvjT9-rnD0cUZ0BgHy-5Ns4WHbLVCISu_T4RR4XUdYIGR3COVm9Vmpu9F01kNoYp4yMyxBCfA4xUeB47ol5G-G620-tsIU0sXC4uP6H9cj93zZHqYHteifqCowE6IZ4dOnKPKk0hV_sWKSO9_a9pb9D-MVATW1iAQfLOhQYwh_v2eLvahLWZ7k0wJ3fckDUzJXUKMUu40opctzX1VzQN8R_tkMArohjbNqOBo6JaJGOaztqw9wb0aL8ol7VlsKOzWVe_q8W8T3JhdG_b-GdYgvSeQcaDSdrr3vDpimIjH3A14HHD7AmlJVNZYgZOxXNuDqinAQI6fcDuAHIJCOm0', 0, '2021-02-24 05:17:51', '2021-02-24 05:17:51', NULL),
(75, 'nick', 'nicholh@gmail.com', NULL, '$2y$10$Q40lwcnv1hqxbYY8cgx0XuviFdvYJwglaL.6HyZTyhR6M5j7SOpDa', NULL, 2, 1, '0811', 'bsd', NULL, 'USR-KTP-75.jpg', 'eyJ0eXAiOiJKV1QiLCJhbGciOiJSUzI1NiIsImp0aSI6IjhlNWNhNzM2MGMxNDYyMzJiNmU0ZTRiZDA4ODJiOWQyZjNkZmEzNmUyNzMxYWE0MjY2MjhkOTBmNjE4ZDJiMTcxYjYxMGEwNDViYjI2NDNmIn0.eyJhdWQiOiIxIiwianRpIjoiOGU1Y2E3MzYwYzE0NjIzMmI2ZTRlNGJkMDg4MmI5ZDJmM2RmYTM2ZTI3MzFhYTQyNjYyOGQ5MGY2MThkMmIxNzFiNjEwYTA0NWJiMjY0M2YiLCJpYXQiOjE2MTQ1MDE2NjYsIm5iZiI6MTYxNDUwMTY2NiwiZXhwIjoxNjQ2MDM3NjY2LCJzdWIiOiI3NSIsInNjb3BlcyI6W119.qy73EWfd_mBhjw1UuI9pdcufSgUNPVxHhRtlqKWoPyLLhRcZ1RyGqvk7ppmt1Blj2Nzs1hsGhcixaF15wDeDy-WOuXHwaLnhO6fF6NuKecd6PyMWxXcQa-xkfXEdbGp4uqDb9EW7rhDfXQHLo2UxAx37LQRkv0388eNerXKm7t8rl8HkNVRgUJbnkjuMmcbC33UFF0e1_pJsBJ8Iu44JP_oZfHKJYXQpqgiN831zss7iEVAkQUhf0suv7N6cW152i1QIG7nz3AfnetaBsFDxoc7lgAIGh_GRmJbv-X6Bs7MmEKLHiCer33N2s9lRSs7pbRVCs05PnS218oQviXbMXXDsVzl72SusltbHlhP-Uj6Mhr00xV04yQVoCDx6MYocTHSVfLjKCOgebSE6cIIhFvfmmn53ozRo4wwQiiwuG5zV1Pzu5RBjUxLQGMyi-cDAOzw8IH958JU0md3pe_LEn_U4Ne5mMXeabRtgThiz2YrMqx4Bx8j40wEVwsU_Rw7kan36jAj8KlguO_5bgn90jgVlX18vLCGu95RO2HEACoNbX4zNyN1qPIduJyKPA6pzdIrbYVurVdfbIN6R4vQrDn0tpzH97mSNdK7kzoNIkIa6fEONwQbkceGswziTiO27aC_7AetiSlAXaH_4ENpib0s1UgKtiDL4Pi7_P420ZKg', 0, '2021-02-28 01:41:06', '2021-02-28 08:44:59', NULL),
(76, 'Shadiq Helmy', 'm.shadiqhelmy.tj@gmail.com', NULL, '$2y$10$oTYi5otVIiuv0XulkuBjYupS0Q8l2e78xuPPMyEmedHYAcpiQJqcq', NULL, 2, 0, '02182621043', 'bekasi', NULL, 'USR-KTP-76.jpg', 'eyJ0eXAiOiJKV1QiLCJhbGciOiJSUzI1NiIsImp0aSI6IjgwYWM5YmY5MjMyMTA0ZDAyNGViMmVmYmJhOThjYjk1YzY1MzM1YTkxYjNjODgwZDFmZTkzMWRhOGU4MTBiY2NiOWRjNjE1NGQ4MjI3ODhiIn0.eyJhdWQiOiIxIiwianRpIjoiODBhYzliZjkyMzIxMDRkMDI0ZWIyZWZiYmE5OGNiOTVjNjUzMzVhOTFiM2M4ODBkMWZlOTMxZGE4ZTgxMGJjY2I5ZGM2MTU0ZDgyMjc4OGIiLCJpYXQiOjE2MTQ1MDkwNjMsIm5iZiI6MTYxNDUwOTA2MywiZXhwIjoxNjQ2MDQ1MDYzLCJzdWIiOiI3NiIsInNjb3BlcyI6W119.O5iQ_yyT2Sbbh_dWcW_7W4mqznIPeQy2Q55yzX_vate79cuB7Xr3DBpLfcFcwoxqCwmdjYQ_tzaqxwIi3Jm49doK1AWWwUlkHpnvVJFRKl_Ky2Iu8JiJgyIHHCNle37U3pPai1mQG8e8cbeWmDKZqUzVSOtXEdVJuPXGamYSWuEw7Su5CvobIkeOvFB3iorh12v8vkjuFi0qElFF3tfEVApzegCd9frEwXS7zyJo0Kt0I-1UxaeK0WUE8apWU5rj2tPC7VB9mFfLdDxx-SvAysX9dvZ1bJ339ReYRVhvUBZJIbhchxQPBrhcf5mCSCmsaFRkFFeSDKCyo6GI8nJLazQZ9naSeW2gE6VPVJ_OY2i4MpWZt_Pt6mEqmo7xSrMFf_sFLiiN5E9kL_N5PKL0ytk17Cz-FxmipoyS6OTDO8R_Fblxm5NzAn8aK7dupFE5BFjsBEGrU0mWCuHWRORC31BNGcOooMRO8yKwPIJ13E4t8SWsQyS6SzpLUGFCYuHzuKtcURExlNS43WzQOV1V0po8uRuL5ka-frla_-f4FFGuqudqZdW4NdlcMvmmqoq9FzcOxskjqAtUVp4lpujmUwd_WIzuooAEhH-vRLBwCHJLmxEDLnUtb7F_sCvHEMTlQVJkfFEoubdpi29ZZzoZDEI-kQechLJZeL_A9sPgIiA', 0, '2021-02-28 03:44:23', '2021-02-28 03:44:23', NULL),
(78, 'Kantor Transjakarta Cawang', 'transcawang@gmail.com', NULL, '$2y$10$I/7QvKcdfptUm7niC5Syu.qPirrmj5N8jhxFxn8TcE0lFjBMS9B9i', NULL, 5, 1, '123', 'asdasd', NULL, NULL, 'eyJ0eXAiOiJKV1QiLCJhbGciOiJSUzI1NiIsImp0aSI6ImMzZGY3NzhiOTVjNjNiYmFiMjI0NjYwOWE4ODE2NjY4OTliNDNmMDVkNWNlOGI0ZTA1OWQwMGMwMjUxNmYwNzFlY2Y5N2Y3MDlkNGViMTM4In0.eyJhdWQiOiIxIiwianRpIjoiYzNkZjc3OGI5NWM2M2JiYWIyMjQ2NjA5YTg4MTY2Njg5OWI0M2YwNWQ1Y2U4YjRlMDU5ZDAwYzAyNTE2ZjA3MWVjZjk3ZjcwOWQ0ZWIxMzgiLCJpYXQiOjE2MTQ3NTc0ODIsIm5iZiI6MTYxNDc1NzQ4MiwiZXhwIjoxNjQ2MjkzNDgyLCJzdWIiOiI3OCIsInNjb3BlcyI6W119.qW7J0wbZGL-qGMlbplpUY-5nYjFjKO9fzz2rnMe6ygWTwDCwHCOeAzkgD66P9K480cnreEeas-Q7-m_F-pZuDv-UhhEEyQFIKtuOo0nEUeJ4YIHc6FkIo0H53eCjNUPZprzoGLMaCPAdr4j1bnV_QLV73zASP3st3A9OWkzM671pUK-hWsBNfZpnJqKpUZQb10qGn-1uicVHptM-4-JA_5hFYuZaB_kguDz7msGNwNv695Wc12DCmyMXLXnVvXhgLvYc2RM_uAXkuLTbWjR2azHtlznZNrEPG-CCAp2POrzgJBZZB6E_m3fBkc1xWQp7V6d3dgUsakq1PRRmFHhT-FiWnUCtqHAwoexWi7QQkdsgIS6njN54bEkGHTm2TR9lT5fsT1bitT2BtpCCRV7P26_tlyJ4JJn3UO6FADKvTGDEIUzvztMhSgk6lwep3YWm-3sgHDjd8Q83tQDanXQ4h90i9_wKcbBQgQlYeXyoFop8jKlAcXq-r9gUac7Tuqesiljk3La20dzojJSRWtISpPDTO2tZAJGNM2ivFpOoBuji6OA37GfU32BmsTTekmJCkQL6URzs-uVAXfAYk2Z9VI7L_8EsonqA_2YRtQ4gu7jjKd9jtkCJ2bstsUySM7qjIErG7vWYDGoBSuJMZKWNO0wFth2vLLzw0ToaKJO6WDc', 0, '2021-03-03 00:44:42', '2021-03-03 00:44:42', NULL),
(79, 'Mabes Polri', 'mabespolri@gmail.com', NULL, '$2y$10$HvZ.P.SP77YBGhg4Ga8qheuYsWy4P7KfiULRcjKGSDJ6WPO9BeLuG', NULL, 5, 1, '09182371273', 'Condet', '20210303144710-Test.png', '20210303144710-WhatsApp_Image_2021-02-21_at_15.20.39.jpeg', 'eyJ0eXAiOiJKV1QiLCJhbGciOiJSUzI1NiIsImp0aSI6ImRiZTAzNGJmMWIwZjg1NjM3MmUyY2Y4MDVlMmZmMGM5ODUxNTZhY2I0YjUyMDM3OWJlMjc2YjA0MWFmMzgwOTRlYTcyNGMxM2UwZmYwNWI4In0.eyJhdWQiOiIxIiwianRpIjoiZGJlMDM0YmYxYjBmODU2MzcyZTJjZjgwNWUyZmYwYzk4NTE1NmFjYjRiNTIwMzc5YmUyNzZiMDQxYWYzODA5NGVhNzI0YzEzZTBmZjA1YjgiLCJpYXQiOjE2MTQ3NTc1NTUsIm5iZiI6MTYxNDc1NzU1NSwiZXhwIjoxNjQ2MjkzNTU1LCJzdWIiOiI3OSIsInNjb3BlcyI6W119.nG3kpiBfWvc3EPHg_I1XtMlj6BcHCjwg5qPiKZ0SGBKo1IixIM0ElZ5pr3FVidVgQx4THQlVLmMHAbGtDyBOzKj2hMJeW9HCDs3wRQJrvMHggpBxfthN32h3rpY--cL4AcFOodzmANsg4APcEpbOBYETjfwnwVJkiTz4i4nqBdE90_i1DlKiI1GOux_ExZDbOC5HmnLeDOXLlwv9FgQ474YcmAEUn3cDg-5F9gITwuBio4Ho9gCd5LmB9hz2zi5hZrOUrPSF_0vFez9ffbP7MpSPSINXwi9VGGKanzwijA8sIly_6RmKr83iSuakKbnHmOQgcxvXwigqtPtzHCGs_8F_5TE8SF2kXDx0YnubdThJztBVcmOxqTWQjER68k6VfY3l0N3H82qgFYSDgQexmyR_4UCBBIbKZNHktNACsJRavCAvB2mmY303_gOHBKGalk6Z7y5xqG0gZp9rcSUdjMPO89awKbvE9jDMbGvqw5kSVHSUMin5M2xnajIKR8OlgUe18Ma1fushaxtFOTxUtsVDg6OXKSqCD2Fg2ePOjmgg2qI6SIWUTVgLyUcW3je9OHTCWfiLTUpH-jiJTnMvtqiCRJoNN07Orj-ha8imYE0hFZt-cIEnSz_rsC_UwJi4dgoMZOcOhyzWhSYbZIGooeUjznMZs6L7_H-Qqoc0wjw', 0, '2021-03-03 00:45:55', '2021-03-03 00:45:55', NULL),
(81, 'asd', 'ads@gmail.com', NULL, '$2y$10$KUvaFNw2fNgpaMD2TJnXzOyeSUqB/2L04rqwg6jFOGIUYYIHWnUaW', NULL, 1, 0, '123', 'adasd', NULL, NULL, 'eyJ0eXAiOiJKV1QiLCJhbGciOiJSUzI1NiIsImp0aSI6ImI3NDk0NDU3OWVjN2NlYWI0YTZkMDQ5NTNhNGQ3ZTJlZTZhYzk4MmExMjdiMTQ3OWI1Y2RhYTA1Y2IzZDA1ODQ2MTk5MGM2NGY2YzAxMmQ5In0.eyJhdWQiOiIxIiwianRpIjoiYjc0OTQ0NTc5ZWM3Y2VhYjRhNmQwNDk1M2E0ZDdlMmVlNmFjOTgyYTEyN2IxNDc5YjVjZGFhMDVjYjNkMDU4NDYxOTkwYzY0ZjZjMDEyZDkiLCJpYXQiOjE2MTQ3NTc2OTYsIm5iZiI6MTYxNDc1NzY5NiwiZXhwIjoxNjQ2MjkzNjk2LCJzdWIiOiI4MSIsInNjb3BlcyI6W119.MzCmOuVPf7iJ3N-pq7hTaAsbwoxVOEhI1Jmdl9Mc7KjkRc4V5p87IsaB0VpjfeVXfSpJyX1mhBtFNc1dEWC2uJ220KcGAM4oXEFcoo_mqstaDIh2u6o-MWlOKefk6GdP_BSc8FiUxzHkJj0CdsOWfnKMX5LgHErtMDkjeXcK1wT_eqTRhdXz8dqEwDMsGy3UJR7xbZXcQRl95Z5kXAApJ1qku6qBIXc4QICZnKSgrrLFEdebIbXwcrB8l9BEfvoGN9K3xalICEf3Ct6YHjb8K2jqV6CzbWYIxkiYs9ZHjr_Qyp5tQ4jOuMRElmeTf0BXv4pHBNWiIxcHtBsCPXSVBFZaWp5s4ywntCftWgd5zgKnPQYzrO9ID29e8K-zIDdpu2KIRJhkcAouMO3rO-hdumpIwRQJUKp5-nWpLi5p-UZggjZeM5Y7eNRYT9o2lUMNHfAV4CbbLUqNclQHCp_XminRITTznrwPIs9CjWD9tTalgBcT6rSXOmr8XYCIdn0p0Ad5c4igV8zGUT6tFz0pQg2oZrqKQxlIf5X6iYe8xjIQ6oJtJXi2bff8g0ESiLhS9KwwwGQhm8KVkymKvDkvSm9BNy-X_Kz7QfRuSfQBy6y4MBNc6ln85fqck1NZymCsWRJDF61WaQJ9Nv3UA2ymSHsoIn0JzMbVrOgU74n4S9A', 0, '2021-03-03 00:48:16', '2021-03-03 00:48:16', NULL),
(82, 'cobabtes', 'yudha.afuwwu.m@gmail.com', NULL, '$2y$10$9ZU/uVPKfARLgV4RUQ2Pz.SWeGjpEYB7ELmMX7TpGqkcurI0SBGQi', NULL, 2, 1, '08180681155', 'bebas', NULL, NULL, 'eyJ0eXAiOiJKV1QiLCJhbGciOiJSUzI1NiIsImp0aSI6ImQ3ZDM4NjdiOWIyMThkNDJjOTNjZGRiNjI5MjgzYzZjNzBjOGU3OWVkYTUwNmFiNGJlYTAyNDNmNTVjOGUzNjc3MzI5YzViYmRkMjU4Yjg4In0.eyJhdWQiOiIxIiwianRpIjoiZDdkMzg2N2I5YjIxOGQ0MmM5M2NkZGI2MjkyODNjNmM3MGM4ZTc5ZWRhNTA2YWI0YmVhMDI0M2Y1NWM4ZTM2NzczMjljNWJiZGQyNThiODgiLCJpYXQiOjE2MTQ4MTEyMDAsIm5iZiI6MTYxNDgxMTIwMCwiZXhwIjoxNjQ2MzQ3MjAwLCJzdWIiOiI4MiIsInNjb3BlcyI6W119.tR_3H7KRtJmpvEoD8B4KFk16BPcj1rypnCZk4_rqplkeRNCYEFoqln0UBnICBErC2h8co_xgUvHyQfxFlH_0rqgtuUPu8hafBGt036SO2wPXDriupnhQD0-5QOpIKrH9-ti7_MPabI5LhXEHMD5OWNB77fqEyrhNjwWwcGW0kMbOc99y7c0gdeoS39Y_uEVcgNaeqobbKH1QjbFJz-ul6N6Rc9qZ24vMkFFPrwmc8jz7CTRMBjcxqp4eFUzF8DjNRBK-cyjqYUdI3lgugIkAK1bYn0hDa2dxu0n_As45sPTtQ_W50JF9uCuCoJw0ajS0bKkOZIopMaYTIEQJ-rEHTQ_gUZU3ChRWuqqHSejg8qME3HG_VwANTyHthcXLfsbg95txseEvdfsFtu5vZFqwtal4Cm7_8FnFgHjaq5XPg8SYm0muCtUdeZBd635Iu3LXc3uou6C2MsXLee8K9i3_wP_EDJ8ZxrlHdfXF7aWB1g5TmZo0ykpm7Fg939XQywV_JUZMaUlJGftmggVgdr9Lh4WvjimNR8C-A_YoUBqOGkjYVcVzN8SX1lg_vjG4JrTerxhrsxcJh0PEeEB2bXTQtjnQb0HMD1758zX-cY5mjLMlzFhTtuxt6ouMSllweefR5UygESsE_03IpNbsyEtGRe6VIthAqtFVTOPCLcKjd5o', 0, '2021-03-03 15:40:00', '2021-03-28 03:23:03', NULL),
(83, 'shadiq', 'shadiqhelmy.family@gmail.com', NULL, '$2y$10$FFz48YU68WqGjj6ma4ec5.vGbF4hCi5n0yPt6NdcfhnvwLj6cRFc.', NULL, 2, 1, '08111777182', 'bekasi', NULL, NULL, 'eyJ0eXAiOiJKV1QiLCJhbGciOiJSUzI1NiIsImp0aSI6IjFjYWNmNjBmMjdlYjlmNzk1ODY1NjUzMTgzY2IwZjRkYTYxMTkyNTkyYWM5MTkxNDczYmI3MWUwMTkzNDEzMzUyOWMxNzdiMzM0NzkyZmNkIn0.eyJhdWQiOiIxIiwianRpIjoiMWNhY2Y2MGYyN2ViOWY3OTU4NjU2NTMxODNjYjBmNGRhNjExOTI1OTJhYzkxOTE0NzNiYjcxZTAxOTM0MTMzNTI5YzE3N2IzMzQ3OTJmY2QiLCJpYXQiOjE2MTQ4MjE4MzgsIm5iZiI6MTYxNDgyMTgzOCwiZXhwIjoxNjQ2MzU3ODM4LCJzdWIiOiI4MyIsInNjb3BlcyI6W119.VCT4AONG9QuAfG0Z7fV76g0BrgpzL06ruSrlf8BhDBlQyuQx_YE44JPQAfvaVfBTWX4G5hfifYYvXrv44MIRhztiija-zxIRzR6n9zqz_t0VZjm-rRocNBqq74Gn-3hawzlgaUVFb-kDM_BLsQl4d2sw6kwLcXLw9CLIUZVcDqLz7mhnhXu5vYHsIAFNRfhUz_mtUNVl8YuZZy6uRr2CbYqWKMKQHHpk1mAaTFM8QTEFBITASIdRnEU7x6_cuwlz6unYv2YU6ZH6zJ2QqgVaYXHl7KdPb50gh4bullKB3cXYBPCTrTlamtIbhG6PW406bHtoULVMGwMq8w1A_vBg8EL4vkjhqBorNiY5cK07DvFmpYicYwGxXqP_tViZfHKFXZjT89xWoQ92grBpA3E14Z2rtPrLWJDf4SsBzRsEhwSjZMID3v6tSuTDplvjdz3dTq22SJpSJ0O6zEnBAvtE-Nr3MTdL457OElu-38ggYsCACe681hpKseTa9IYtIdfYSQujBiZdgUVRmF6C3bAr9FVzcW_pqfbT3tjHj-xQTgZGNR13qVKTcr2v_JP2dV7aGairqDt9RBTOxnod0Va5l--J7JmZPhWmtI3ALkXmTY5bsl6vfTObMMkdXx4WU8D_euvDW6pm9N88LfzD3oz9Dj-50adJTkaT15yFLmQhDB4', 0, '2021-03-03 18:37:18', '2021-03-03 18:37:18', NULL),
(85, 'Christian Aristyo', 'aristyo94@gmail.com', NULL, '$2y$10$7E7hUp2.DRrwcl5ikG6O8uQrQN26nQ5ijo2UOV2LNC1Orqt541n12', NULL, 2, 1, '081316701387', 'Sutera orlanda jl. orlanda 10 no. 1 Alam Sutera, Kota Tangerang', 'USR-FOTO-85.jpg', 'USR-KTP-85.jpg', 'eyJ0eXAiOiJKV1QiLCJhbGciOiJSUzI1NiIsImp0aSI6Ijg4MjJkNTEwZDY0ZjBiNjY2ODMxMTExNTg2NjFmNGM5MGEyNDdlZjdjMDNjNDJiMTAwMWU3MTA5OTVjMDMzMjNkMTE0MzQ5MmQxNzQxNjUyIn0.eyJhdWQiOiIxIiwianRpIjoiODgyMmQ1MTBkNjRmMGI2NjY4MzExMTE1ODY2MWY0YzkwYTI0N2VmN2MwM2M0MmIxMDAxZTcxMDk5NWMwMzMyM2QxMTQzNDkyZDE3NDE2NTIiLCJpYXQiOjE2MTU5NzI3NTgsIm5iZiI6MTYxNTk3Mjc1OCwiZXhwIjoxNjQ3NTA4NzU4LCJzdWIiOiI4NSIsInNjb3BlcyI6W119.QWcMqbqmh7HO3v4G6epjNnk2wsjHZYpuZRC8iyeCd6MDHaSk9UsT4QqG2k7pwBdp3RXx7IlCYumbOnOf-8aTPAaLMBzHmbJhcR0iCIpuI3Ate-zrKxxkQv6-zBnZ8_EwHf_bT5LzkbqbC-zu0qVUe0SwkILluUskNSxaqyHXgexOuoYnVadt7K41kZoKOwkQT8z9DwkA8WEJVe3P2vUKzVVBbQPOlbwQsYZnJE4Lo2o4rcOYAQaKqObNw1pS0-dpIwAiXplaIWNVOwCQXwdwjztWitrfAlupTZwBXywlUviUlMF13uGIrzo2vNCPAOtQfFOc3vgmugG5qlsfwV7W39nfmuZfjTE4Nwa5BeAQf6ycVDrZKxxAlUrAGXnuHBOsbJfYqQ8FOya1bugE-30CYeP_ZRoV7DV1TARzsLOK4FKoUU-iqEZSL5corxn5m5Cx4Mjloy8ort2j2auMHPv9m0u7zX1NGmuaJBvEl8D4FLSvIeOYxEUlO4IjBPCp740GgoqWa4Ll5JErS2J5Y3HH5VMJ_nHlJbsMIS9pFbWPOySK5sJqCQ3P6O8iJGOWqovlwlF2--L0HgbMRFTR8zZ62JlDLPiYsX5w5rTgNl7Lc2Nlh4ZD1q60_6MLYxKDDzsq68vbCWD3RSpadlfGk93poMmOX9m-kKrKx0PWxeVVS4U', 0, '2021-03-17 02:19:18', '2021-03-18 03:11:22', NULL),
(86, 'thomas.madya bestari', 'thomas.madya10@gmail.com', NULL, '$2y$10$LE8jx8/wJonHazfqR5QT7eTfvftQcNEuywuGU44nnhsbuhsMWaLFe', NULL, 2, 1, '081319027793', 'pamulang lestari blok I no 13 pamulang barat', NULL, NULL, 'eyJ0eXAiOiJKV1QiLCJhbGciOiJSUzI1NiIsImp0aSI6ImY4ZjUyMDQ0ZTdiODBhMjIwOWE2OTZjNjk2ZDkwNjAwZjZkYjQ5MWE2M2ViYzUxYTE1OWJmYzI4ODgyNGZlOGM1MmVhMDgwZDYyNGY5ZjczIn0.eyJhdWQiOiIxIiwianRpIjoiZjhmNTIwNDRlN2I4MGEyMjA5YTY5NmM2OTZkOTA2MDBmNmRiNDkxYTYzZWJjNTFhMTU5YmZjMjg4ODI0ZmU4YzUyZWEwODBkNjI0ZjlmNzMiLCJpYXQiOjE2MTY1MTU0NzMsIm5iZiI6MTYxNjUxNTQ3MywiZXhwIjoxNjQ4MDUxNDczLCJzdWIiOiI4NiIsInNjb3BlcyI6W119.fXlnYTDvYdzIxvquQIwWXYmG3OzDK2p94F1iZp8qdbouZzZhkMPa-Bl9zekykukeArp9aNFL3aAp-wPlICgHD0NxGy1UUbt-Jk608K3RD_YFzeXQc3JretB-Ku4aTkn6gdyNNxVjJL3QjY7eG-KurA2md8bidrqtJxUN3HowFYicmS6mm-XD3Iu9dnuc_SfYU7miv-MnX0AOR1SDqm_J6GsvQcP_UR8LnzvzNsKP6n5aeOU3xnifXlKrVVJzgxXi4BpRGy-1aah_mhNITaKF_NDsPaMu8u1oHd6XA4ic3Hy-JO3eXciW4bKZg9PE-xYPod4n8hAKR_nq5ws-NGvCf2cRpYbFDbDZkzXPreJwLwKr8DcmAZ2qBmsbuXxFwH-irpbJTXpExWiH42zKI7-fu3qWi3EA_uP2UD89IPGReMlGNXESFalgOLJI_rQSPuPSP0qlqChIb0mPmyAXatuiCBQyYvloXhWMrlm9JoF_Ok4qILH5ho4HA2pBEjT3BcyO2KnZCPP3kT3Li-SnbgikhbkiBbPWhZZWTUOnOpbgeYJoWp-h8_L46Ou1ZEc_haycFJXBh-bFbdBcmlkY_I2z6l2DW5cPPVQzfG92q2IH64JDJUcO8phg9o-5K6l5I7U7SOsv-lVgIlf87kza4yrjeycQgB2FQDRrmu4JdZlE56c', 0, '2021-03-23 09:04:33', '2021-03-23 09:04:33', NULL),
(87, 'tubagus iqbal', 'tiq4share@gmail.com', NULL, '$2y$10$TlY7e1AzRSYusrqbQXjAkeA8RPXYA9tMW5QrXdF2HUojYSlRR2WjK', NULL, 2, 1, '087786662174', 'perum. Bukit  Nusa Indah', 'USR-FOTO-87.jpg', 'USR-KTP-87.jpg', 'eyJ0eXAiOiJKV1QiLCJhbGciOiJSUzI1NiIsImp0aSI6ImMzNzYyMWU2YTZjNDk5ZTkxMzgwMWI3ZTdmNWMwMWE3Mjk5ZDZlZjg3ODIzMGI1MmY3NDE3MzllOGRiNGQyZDI2NmQ4ZmFiN2FmMDdlZTI4In0.eyJhdWQiOiIxIiwianRpIjoiYzM3NjIxZTZhNmM0OTllOTEzODAxYjdlN2Y1YzAxYTcyOTlkNmVmODc4MjMwYjUyZjc0MTczOWU4ZGI0ZDJkMjY2ZDhmYWI3YWYwN2VlMjgiLCJpYXQiOjE2MTY1NzEyNjIsIm5iZiI6MTYxNjU3MTI2MiwiZXhwIjoxNjQ4MTA3MjYyLCJzdWIiOiI4NyIsInNjb3BlcyI6W119.mABCb-28hYR42S_tfD6eInmgvzyTPPG8ux9149UNR25f5-8mKRld57VZRymHDGVapiiZYj22HLRDUEQA7jxjOHHTKr37-vs7LF3L6z5TZWSmIsm27YTk9lbQlZ0y8JtUn9b3fsyivzmZbhg4qxeCDooZaaumaOrC2LicSCFbbW-cJYmIy2jfiXplNaGU4hTLTminQty4KDgORg7XCI0ogIC_HvPlzoaKZcB8IN6-DA1DGhGS68LiIX6cyCtctTRXdUHGCzaBKMLiETVqKjLuy-qcWDiTxiXShHrLcV8v3xpk7Blwm7X3UBxU21XYb1DoPPJVUmVrOJwTVK_-N1jfyI-14cUK6469u14eYuMFYlUjTFw-feGSbxzs4j0oIQrtvF8eK8Pqzw2o3r1p1BtiezSPLchcxprWJPq6Wy6ySM_FdNbY_v1bJ94Nau8BRB0puUMVpgZAlZMPTgOQ25_bY2Qvu2QOkt6M62tXtkDRSDkNZ4YwLOGjaT_jukZEmvnSUn79O1GwSnAeM5uXpxgy3TrefX5TDRPJicY48YP9_ilHXaVwPsJbU12W14kCl8eiGt1ZdqrKF6hMAI8o43G83FnQPgVS6B2vL84eh44CfP_xYjqglEqKDb64DizuqyndQcoZcQlLtuhv_PWTnMGRTOHavEn1BfKX8ltHqXJLC44', 0, '2021-03-24 00:34:22', '2021-06-02 06:29:45', NULL),
(88, 'Blue Bird', 'bluebird@niznet.com', NULL, '$2y$10$8uVF3MlNTPt7FuDDRAj4m.dLJe2uJ/LeUKAQatGGcDt2BLF4USL3m', NULL, 5, 1, '020320121', 'jl.raya', NULL, NULL, 'eyJ0eXAiOiJKV1QiLCJhbGciOiJSUzI1NiIsImp0aSI6IjM3OTA0MTRhOTUzMzY1MjcxYTBmZmMwMGJiMDJlMTM3Zjc0YzVhNjIzNGE0YzlhOWI5NzFjNTU4N2M1OGUzMDRlMjZlZTcwYzc0ZTVkOTYwIn0.eyJhdWQiOiIxIiwianRpIjoiMzc5MDQxNGE5NTMzNjUyNzFhMGZmYzAwYmIwMmUxMzdmNzRjNWE2MjM0YTRjOWE5Yjk3MWM1NTg3YzU4ZTMwNGUyNmVlNzBjNzRlNWQ5NjAiLCJpYXQiOjE2MTY5MzYyMzgsIm5iZiI6MTYxNjkzNjIzOCwiZXhwIjoxNjQ4NDcyMjM4LCJzdWIiOiI4OCIsInNjb3BlcyI6W119.HBZ-nGjGonjqjA1xQkJamV3y_-OGdMJlBfR4EHeWLy7SJYxrq8ApXiu8XSIgb2nHQT9pYJ48o1ReSoeam6LFMs8iLC53zoZxUKYxATFthZLryEHpKfhTSd0Tbc2OUWdJvdq_THXXsmrRl22wQiPrqGfd6Id_pz5HwhpQCCPBO0xuxD1fhp-4ndYXGTtcXq_9LViCmvJqWAOO_C8RA53Y6Cj0ckeFoksfD_VXnrSIg3FpRHX2B49rDAWyRjNt6YsOoxpbOaP_lDs0Sn8x606mtSUb929a3aAzIvuvx2rzyH8H1fex2_KvGNF3Q6MdGS5jr1ViR-MJkvKhMXKzvpIMtByZOW86yh9fb2qEowo7ACYnAvqnvhLBODqouUB-tXk7sBhoGhwrv7GpFx4IFEyd-FeIHRTcRxUi3-uPIpp1etg45lC5JXfq4eNnDR65aP_40MeNIw7l7m-s8rFmfNcT_tHCiUO1X0qgK65P9s9L20Sqsjkm_wBh1TZ2b7Dgon3pNNLCwiEYN5RfcC79JhQVArmsKrvZWPzjpl2bxgxbBOzIWrmCL_DJbZuH4fg0m0MHVYqV5if_0chmZRKS648ilWbNnMQY5YoZjkVrWsMYRUqf7u69woSfe1KsuPuhgFSXqa8q6YzyF9fUVZ-uQrjjxADIl9pW1G8XFqaKjR_bwA0', 0, '2021-03-28 05:57:18', '2021-03-28 12:58:52', NULL),
(92, 'toko123', 'toko123@gmail.co', NULL, '$2y$10$F25wlX58dzIDJe/ES/edJe6HNhiwtxzmHWVfIwsQRKs58SlRmHMm.', NULL, 5, 1, '091239102', 'asdasd', NULL, NULL, 'eyJ0eXAiOiJKV1QiLCJhbGciOiJSUzI1NiIsImp0aSI6ImVjZWFlZDQzMzBhYmJhNjI5OTFmNWY3MDM1OWFlNGExY2Q5M2I5OGI3Nzg5YzE5NzYyN2NiNGJjYmU5MGYzYjZkZjNlN2RiM2FkOWU2YTNhIn0.eyJhdWQiOiIxIiwianRpIjoiZWNlYWVkNDMzMGFiYmE2Mjk5MWY1ZjcwMzU5YWU0YTFjZDkzYjk4Yjc3ODljMTk3NjI3Y2I0YmNiZTkwZjNiNmRmM2U3ZGIzYWQ5ZTZhM2EiLCJpYXQiOjE2MTY5NDA2NzYsIm5iZiI6MTYxNjk0MDY3NiwiZXhwIjoxNjQ4NDc2Njc2LCJzdWIiOiI5MiIsInNjb3BlcyI6W119.HzyzEChgj9v0oK7U3s6BPJdXhDWiMyRtFzLaaM7RFeaQuxMdr6snPQyILOygBEVyK2O6uMWxcKbX_CKhZ-68Y_Hj30gC5Aot6yvyc7ryI0slv8HO8SuctKSqB31FRpykUpDH3lb0JxsMDGUycTI2lvZtt7RQVB-_Dp9fUTGjwmvmoD6eQrlcBo4zxqlRtM9rSwrGXQeHjc3-IquF4tvMgzGmMyeh2ATjaVWHpBNIO9hY3gM8XdmZAqRIDCz5XCcteMe-I-BfkB1lNz7NEoT2YY4MkIQuEmKKMDsxqy9wuWBL6LFL9gEVKLXK1tzlYLMvhJD6ItG5Vyn_1Rn5oRBnakdBvSAbBsMZbZ3ngDleb4C76GayJdzsOrcG6e_U_LtSff-SO8KCbYbyWWFN6QZXH45nT_tCQ5F3wOJtY4HatPEz2VpO33YuaCp3GzcXrCseAAocsw5_PloDE-Qgm6TcVUbOUu4BXn2ICr0sFcag1cppbuYCZi8AOyBGwByBjY5La_D_oEUcLyT57IwEC1628mN_SCNAXB-IAx0Uu2ox0JbRMEk2JJbFSql2xEyU1KoGs2qGlSyw1sQRA2YQjtoCzbBBUF799LQXCu5MWUE78ipTC9xNsBnMS6j0AXaZh_rE6to4_UDVLWas9DohC-DGOXFRuk8vJQGTAAh45ZD30t0', 1, '2021-03-28 07:11:16', '2021-03-28 07:12:09', NULL),
(93, 'toko123', 'toko123@gmail.com', NULL, '$2y$10$QGuocEUiDVWvqTv1zHrI/ugkMkM2eup0GpehODpF52Ln/Pp4qDIqu', NULL, 5, 1, 'asdasd', 'asdas', NULL, NULL, 'eyJ0eXAiOiJKV1QiLCJhbGciOiJSUzI1NiIsImp0aSI6Ijc5NzcyMGI4MzI4NjMxNGUwMTAyNzQ0YTQyNjA2YTg2NzYyNjgxYjIwMzEzOWZmNzQ0ZDEzOTM4MDg4Y2MwZTZiZjhjMDc4ZTEyZjIxMGQ5In0.eyJhdWQiOiIxIiwianRpIjoiNzk3NzIwYjgzMjg2MzE0ZTAxMDI3NDRhNDI2MDZhODY3NjI2ODFiMjAzMTM5ZmY3NDRkMTM5MzgwODhjYzBlNmJmOGMwNzhlMTJmMjEwZDkiLCJpYXQiOjE2MTY5NDA4MzMsIm5iZiI6MTYxNjk0MDgzMywiZXhwIjoxNjQ4NDc2ODMzLCJzdWIiOiI5MyIsInNjb3BlcyI6W119.HXSkE9Ry_C4xbvAnd7pP5Oa0eMk-eCIWRZMLo-MBlh5hwf16nDL_FuWFNF6cI2hMSaGIyE6UoGwc0vhqUyEwYfFkv7F5ilJ_MT3lABk10a1px0L-rt_AwBNOQfgeR4ssfvRQoMB_ydRq80LQVdwm1ntekfVxmRM-49HwJ2uGCvacCfp4w1kf-6-tXWbGqrzMVbtZVGxvwTwgeXpXq_70Ttgyc3pROWH-hCp_F3ALhJAQ1PcFltGRifkGuEc2qQCfg2tjoA64Fff3yZ0ZWb9QnFqtHBamC5CNREPZ9mQu1cCJkAr6bZNXdRThaSGKeem_ZdAP50sVCEhUDi498419XxXPtBldhYF4naOHCVAVx1j4H_Od1JxEWo7zyJiBMupKSBKMpNMGJ6GLwZimoGF1_VlTBDFwNodvFoFJSHS-y8LWP02fjlMVAI0N3LXzuOC8htHXfp9T0hyQF6UeUsK8i0Iq9gZI6BQ2PipIDtURvygNz_MeFilyzJu7ViwztVukldwIcoBfSDkRla5N5STnKp5JdENqGq4ouV_uhduwZ3njcK8GXAiHjj0fFcCUPO3yhFBR7SZ2GYT8zGq6q6udA8LlS7EFKHUFV6L2ptSgKTxPeT41wPPVJZdOiP_zKJwrDrbzdtoF2PX5cY9b5Iuw64zgze0JwEeKIgiotzKyRJM', 1, '2021-03-28 07:13:53', '2021-03-28 07:15:27', NULL),
(94, 'toko1234', 'toko1234@gmail.com', NULL, '$2y$10$V9/4r0xyJwUxX2fing9KY.Ieb2RP0n/qj3WtrGmU6Zt/V0ZaYOgVO', NULL, 5, 1, '1231', 'asdasd', '20210328211501-5f115d75ac5fe_1594973557.png', '20210328211501-IconTer.png', 'eyJ0eXAiOiJKV1QiLCJhbGciOiJSUzI1NiIsImp0aSI6Ijg2MWE0NGQyOGRhYjYxNTU1ZjhkZjVjNGFiN2U1NTFjNTg2ODEyNTFkYTBmMjNjOGIxOGNmYzI3OWIwZWIwNDhkZTIyN2ExYzE0Y2RlODRhIn0.eyJhdWQiOiIxIiwianRpIjoiODYxYTQ0ZDI4ZGFiNjE1NTVmOGRmNWM0YWI3ZTU1MWM1ODY4MTI1MWRhMGYyM2M4YjE4Y2ZjMjc5YjBlYjA0OGRlMjI3YTFjMTRjZGU4NGEiLCJpYXQiOjE2MTY5NDA5MDEsIm5iZiI6MTYxNjk0MDkwMSwiZXhwIjoxNjQ4NDc2OTAxLCJzdWIiOiI5NCIsInNjb3BlcyI6W119.jDDAIVv3jdAVkHP0gq6iKCN_7hv1nchFr8mOkk5l_km5TWv13Vbr_CN5y8iBAOW3nCJAvhnWJwnOutdX4ODwFyfTI7LfTiGiB3EYfbtJHET_HH1tEWkc-XuWBkHMOcSfQAWXmlo--e6y2ybMX1b5KCS2lqmnkYXYao0wlJUC7yldaD1ALFioGu1R3wND6I0ZAfvr0FXXM0umayWciJmtmrc7nCDLwLKktLdt-tsiHeHGRdN9JjX-tHyGZ8newWtqp5amJghe71qjcidp2IkwzDASncDIXblNt4nr4dJv28RIhrbDNQRHEZxGBh4hvr_8kr0DAfStkrI-Nkf1P2u4WO52NCJZC0UCwonNVgO3r6OTl_GBQKe4K4K8-O6TvXlb7rTxfJzBsxVHa99MH3r4ZPlNH9kn90-KObj4b3_zifl3Oq0MLT_STH5cG6twPHTgTyr0YqtfGSI6ymC7bY_s9vGRgO9MN29xnG_YRf9fp46rpI0K9xU93H4EEjeieSmxw9_HMCYpsxAI7Fu-sBWmOgfw-jChHJHxodvufQRk9G55hLONmW5ByyBAZhxg4AXiTIlfcctIMx6YWfv-IyOo2MbBL-6CC4rK3CU0goHjdgA_ZYYQxH7G5ig3wRF2rSWAg_ZeEwt02k_e-Yl3MOn8SIAQpytl03M__xPx1PC94fQ', 1, '2021-03-28 07:15:01', '2021-03-28 07:15:25', NULL),
(95, 'BlueBird Office', 'bluebird212@gmail.com', NULL, '$2y$10$crEPLAZ7i7UzCVAajWFBX.0LFxqjGpPsAzss74lgygHHU8LO4i0RG', NULL, 5, 1, '087786662211', 'Pejaten', NULL, NULL, 'eyJ0eXAiOiJKV1QiLCJhbGciOiJSUzI1NiIsImp0aSI6IjQyMDRhMjAzODE4YzAwZWE1ZTM1ZDJlYjY1MjZhOTcwMzQ2MWQzNWExNzI0YjNkOGFiY2FjYzAwY2NkYTJiYWJiYmMyYzUxZTQ2ZWFjYTFiIn0.eyJhdWQiOiIxIiwianRpIjoiNDIwNGEyMDM4MThjMDBlYTVlMzVkMmViNjUyNmE5NzAzNDYxZDM1YTE3MjRiM2Q4YWJjYWNjMDBjY2RhMmJhYmJiYzJjNTFlNDZlYWNhMWIiLCJpYXQiOjE2MTY5OTg1NTIsIm5iZiI6MTYxNjk5ODU1MiwiZXhwIjoxNjQ4NTM0NTUyLCJzdWIiOiI5NSIsInNjb3BlcyI6W119.pdevshATweuf4qhxY7f-nNidnYU6fzy8dI5A3AbpOIvX1m5kjSemgndeHb9I6iiyUVc_nDTRQbfSKENry6ZuRPp5G4dlEefKUq6jd8B4NRFjyV5QHMFZsqM1GToGLjmQoGsTMukbv9mRGkQ9q4z5dOM5dMO78FI2jvcn2P-vQcPpNY9dUdBrbdz5AJpj91jR43-VGmDMWfV3k_hZb2bwHV389kZtESMqamuxpqWFL5E-wxT0rTOiPgdPSren3i4ttQEZqFHXGKuwCezCqL7sWGkNExZRRjcq5Fnbo4st7PALGmT6k-HvfQU0rkK4GNbj7zbFguz8yzvFfiiUGDKEAxkuOTX23RLM9f_oxPzTsWHctmfMfmzUZ6mEEHSq6ecuTzns6cCZeDnAQ4DgVjFxkbRb6EXb-c5wP7MaeMjeWFdqbZlxL1nkxKGRUZ0jzi2GzyYddDX-2Gwtw0BeeYIrODeTSbPw4IKaulTjAQgn68C5ATNMdsZg2JJiYaJ12BYEpVn5KpFbLbjsLYcqxIVOpWHwFUILqqpxZu-yGsvN6ik2IZDjTzZKcDCboixmx7nIUz_LtcUjpmtp5tdzdhg3k5nSErDiYkXcze5-16G_Qqs_6qzlDAEPVIFsG1jqOHThhrY4miz8p7xxeo6ZRM6fbQhyeV1e7P5O18_0RPc4kT8', 0, '2021-03-28 23:15:52', '2021-03-28 23:15:52', NULL),
(96, 'toko89', 'toko89@gmail.com', NULL, '$2y$10$LNVwYUuFaXd9xPkrh2h4J.n/Hp6/I3uSTIyXmZgjl0M5zFVOnu6Iy', NULL, 5, 1, '123123', 'asdasd', NULL, NULL, 'eyJ0eXAiOiJKV1QiLCJhbGciOiJSUzI1NiIsImp0aSI6IjUwY2M2MjhjN2NkZDJlYmNjOTRlYzlmNWFkMDcyZGNlYmRkYWFmNGJlMDk5N2JhMTdlZDI2ZTViYjA4Mzc1ZGM4NTIzNzc4NjdjOGNlNjViIn0.eyJhdWQiOiIxIiwianRpIjoiNTBjYzYyOGM3Y2RkMmViY2M5NGVjOWY1YWQwNzJkY2ViZGRhYWY0YmUwOTk3YmExN2VkMjZlNWJiMDgzNzVkYzg1MjM3Nzg2N2M4Y2U2NWIiLCJpYXQiOjE2MTcwMDQ3OTksIm5iZiI6MTYxNzAwNDc5OSwiZXhwIjoxNjQ4NTQwNzk5LCJzdWIiOiI5NiIsInNjb3BlcyI6W119.IU82ZxrW-CTnwdqKKWlAFv32AGV6DfXZT0vqaAr4C8g06nfm_eMPdMvJkL-k_mfIZcugf-e6AUiVbscMKIIpp0wtiSUvxqTSqJ41OYVYWPvGOd-3Xq-ERzQj18tPs4DKlyshZTmA3Qz54zhBgiqdzy-Gq73DG6bFZWjFy42WVLx4AxyTDwyZB6XdBWzZNl2lfRnCpsAGEaouCHF7p9I51wkarroQNw5yV7r69FpoKktL7-DGvOSzM_b8TSy0VOxSqA1ic6u88lmbSDppWyR4xpefMwx0IxV4kNeoa_nRODxlN3kqzOBDGQiHlZ58TT4z2VM4a7jr8rjv_WhVtYpwmfDHf9DvbAgllkB65PELc1XbjyH-m8BzXQLCHCEAwg3NhPQbOWTc7udlK3UMA_7C5OSZlFgT89FUFJL1470FatAOwDkcPAtZhkbpWqnfVblduKjHgdZFkGbo5-TvImPHZvkYR7DBPgGtWqkcjIYo-dNB2K1ql2NPPlxbs9gJdUZo5SY1mRwCWaOgu8LUofvwwsoX_knBCYaaBhwArcdgH7FFf7NKsuWwiFEf277q1GwoTTZ076Bbu-cjMMynNmB2GZT3utIbFekXKPwEgiOsUcYoYJ3LXYpbp1eMZfFz5b8SNbt-7YZXHZK1mijw4pWvtB95JwnurBEnRjGPIwGeao0', 1, '2021-03-29 00:59:59', '2021-03-29 01:00:03', NULL),
(97, 'Akhmad', 'masterzera111@gmail.com', NULL, '$2y$10$5pwQhtHguaZkjIKMIi9EjOxnEoMBfuKhO60WUwDyzNn5sx8qij84O', NULL, 2, 1, '0858675369194', 'jalan arjuna', NULL, 'USR-KTP-97.jpg', 'eyJ0eXAiOiJKV1QiLCJhbGciOiJSUzI1NiIsImp0aSI6IjI1ZDJlZmRiZDQ5YTMzNWYzZDIxOGI1ZWFjNDM0NGMxN2Y4ODIwOWM0ZDM3MzY3ZGI0N2M3Nzk5NWZjMjk4ODAwNTYwYjk0MzBhNGQ2ZDBhIn0.eyJhdWQiOiIxIiwianRpIjoiMjVkMmVmZGJkNDlhMzM1ZjNkMjE4YjVlYWM0MzQ0YzE3Zjg4MjA5YzRkMzczNjdkYjQ3Yzc3OTk1ZmMyOTg4MDA1NjBiOTQzMGE0ZDZkMGEiLCJpYXQiOjE2MTgwMzE0MDksIm5iZiI6MTYxODAzMTQwOSwiZXhwIjoxNjQ5NTY3NDA5LCJzdWIiOiI5NyIsInNjb3BlcyI6W119.LOM0xxIsS3wOsn4TTWkI-0xSX3Mr8ZVaQfMYz_5SmYJTSXygkTphi528tRgkcbZc2ucXh0vma0cXg-jEbCnc5B_Fz2u99SSYwZ0bkclTHvW5Jid0PiIajWbCxXA93la8YJexI9DutLB2b1vUiMOSo9-d3bhKyhmkSFrLexlFXUgDs3GXVnxbECutNkXiQBzGGLASzVBojQRJLE5V-CKMhewj3vlhm9GuBoAp2zwtbqtZyA9xK-92VOBREjNMVHAnqkCE4gG8enPwDFEn4svmOCN1w3q40Qo_5M8ALx3zeNoib7EhTwyhosKmR2rRnfxI3lfddcdETN55LCKufbyz7k2qj8chacW1CxEfgNpmS--wtYKYIDeFJ6eIGJoizPJx9F1kJxR49gZ_JHx8wyz_LlmMOHTivYU9H10pVPF-Jlv8-oT8_Bo4_hSFwO5N8NIhrMFySFbipV5SmYSpkD5SFURaPyuvfeaKh566EB8hfEu7vH8j_4x7JwTftbyUpf-uC3vmPxSHBuALd-RcaheqZ1aCsEiIBtpZ35rAy77henUGXT3tfYjienyUYFxnYF1y4kX1qLDpp4MFNoNfB1B3GxN61cOp6MVeVgQDbiI8AjnQpDFwx1VcTFQud1Sk2IbSnWYa70k7HoZ0RF2LFtICLk11SDxqbOr13BQSNCa2wt8', 0, '2021-04-09 22:10:09', '2021-04-09 22:10:09', NULL),
(98, 'Agus', 'agus@gmail.com', NULL, '$2y$10$3nRJQQXurYuAROHGNdO4Iufw3fTecSkGqFRx46owJczZpsuUKqvqC', NULL, 1, 1, '0856', 'jalan arjuna', NULL, NULL, 'eyJ0eXAiOiJKV1QiLCJhbGciOiJSUzI1NiIsImp0aSI6IjQxMDYxYTdiM2Q0M2U3ZjIxMGJmZDM2ZTgxNGYwNzBjMTYzZGFmNDA5YjdjYTNmNzI3OTFjZjA4NGM4NWJhZGVlODhiOTNlNTQxYmVlZGE3In0.eyJhdWQiOiIxIiwianRpIjoiNDEwNjFhN2IzZDQzZTdmMjEwYmZkMzZlODE0ZjA3MGMxNjNkYWY0MDliN2NhM2Y3Mjc5MWNmMDg0Yzg1YmFkZWU4OGI5M2U1NDFiZWVkYTciLCJpYXQiOjE2MTgwNTgxNjUsIm5iZiI6MTYxODA1ODE2NSwiZXhwIjoxNjQ5NTk0MTY1LCJzdWIiOiI5OCIsInNjb3BlcyI6W119.p_O6tCqawUuVkbNO5RG0CDllHNJsLhG1iklmBuVxaKundTVkU6rXI_RC3M_rp3S_-bicU1N-qU8e_ZSgcQwkRu_VvR05XrgAZRrZ4k8vvrTpgd1GhfivX5FBrd_sd3kH-AmGRYlZJi0jOMv0O-XzOd7PxHeBPolLQGrtUEZjk26FbJ8oiGjxve0nJ8qhiqWRN6uWkmHqfZQZuHXyvezNeYoBOpntg3bGyVUrLge46DuydNYf2lkmDsqQSbBgC0XXIPY4AXjRsiioHaT638302KgBxdE3h3VpT1Dz9t0U0o2S1bKyh1y3R7HJsaJUo8i9lbkpLSrzPKwNyL5SLCuQbR93wdDbVZCWowqAvUIt_mKqzohHic-NXgx9ylmIuMggutUOFVLKoPo-9OAPT7WJ4qZ_y6ZCZ709Pd0i2LKhfjoY45Nla921yZTF9c0BeoGgXgPeaCK3n6pzNkTsSs5p63_tBtKvppC1oUUJMUILg304fe_1W_mMGN6mbEg0-wzdjU86O5lKiC3pkSLsTzIfxGf6zarHnUKVT5Z5zfyYttMVbXFCuy61BhY9NJII0C0fXH51SfyKcJag8K6C7ZKloklMPymFIQxX5H8d03w8mM_qTlOhGrMI4rExQOGYyHFoMSUOHx8sg0IexcBflap346Jj4Q0GL11KqS8jl5Ujr1E', 0, '2021-04-10 05:36:05', '2021-04-10 05:36:05', NULL),
(99, 'i gede laba', 'gedelaba99@gmail.com', NULL, '$2y$10$2A76yJYWLtP5i7ObTIBWk..fm0kqJbTj7qHrJSzAOd.1qYSVF/6m6', NULL, 2, 1, '087871676748', 'gianyar bali', NULL, 'USR-KTP-99.jpg', 'eyJ0eXAiOiJKV1QiLCJhbGciOiJSUzI1NiIsImp0aSI6IjQ2NGVjZGMyNWRkNDg0M2FiNGU5YTMzNjkxNzhkNTMwZjQ4NTM3YjI2MGY5ZTUxOGU2MzY0M2U1ZmFlY2NhMDkwYzM4ZGZjODZmMThlYzIxIn0.eyJhdWQiOiIxIiwianRpIjoiNDY0ZWNkYzI1ZGQ0ODQzYWI0ZTlhMzM2OTE3OGQ1MzBmNDg1MzdiMjYwZjllNTE4ZTYzNjQzZTVmYWVjY2EwOTBjMzhkZmM4NmYxOGVjMjEiLCJpYXQiOjE2MjI1NTA1NTUsIm5iZiI6MTYyMjU1MDU1NSwiZXhwIjoxNjU0MDg2NTU1LCJzdWIiOiI5OSIsInNjb3BlcyI6W119.L09TeDfxL2Fj-bwLyUteiXuF_6o1znvrRqoAfZPWnJD6hDl0k99UiqJOLW-F5akyFcb5Q3OXAyKripmXzubdXkFiICGUj6uwhnQtZ2g1hozzmaA09yrxwa5KQIo0Nzj4IB9E_P4DnTduO7MQHNnD49Zn5oQtycyiqYABp3uUwQaMBaSgQYEB89sdA4ktbESaoKfaliqrs_Dd86Qi9F2_FW-UxBBg7LXscVv33_bQemVo0B26UTn5yZcdE54XwAmquWKx41h1OdBkIhRcScB22iqPawU6HxCrc-aMXPb9D4alg8BfaaOGAhK8gqaMSgWESPxhCp8VBeHcObaypKEypxbrnQ_cTl74nXx-DA5j4AZeM-Zh1dKrxJN09PTKudRHrG0wlVAmgXcA3Im9tZmUtpexRXkNcSPif7Clthl5C4DTzInzrYknZd_GDDgHRTSt8jShBa31iPrksqf89oCUfpveQVTfGxJ46ZhUEzFfNFdTHH8_cIxMdyeb6hrKerGhWWYu0gttN9kz70fcRJ6tPsL5UyzMsTDoFagFuQCqyQRa-_5YBctEXCsNGV3HpHBGBId1fKy0-MlHa7u-8C5gmOMIXDVx3LlhUHlXpWz-MY4UJMhUoZ0lkc9bW_DW-JN-IeM4cisMsvH1S6R8hvaFUd_uckQiuPOlmxqRuqRwC7s', 0, '2021-06-01 05:29:15', '2021-06-01 05:29:15', NULL),
(100, 'PPD kantor pusat', 'PPD123@gmail.com', NULL, '$2y$10$4essyk8L.h9o75FhPLuWDuITSopkRnITS.tb0Bj57UpmpjUNs.3P2', NULL, 5, 1, '0878666113', 'Jagorawi', NULL, NULL, 'eyJ0eXAiOiJKV1QiLCJhbGciOiJSUzI1NiIsImp0aSI6IjUwYTJjNjljYzFjYTAwOWU1MzcxYzJlNDkwZWI2MWI1NDY4YmNmODY1MWY2MTQzZjYyNmQzMmY5YjM5M2Q1N2VkNmYwODU3MWQwNDIwY2M5In0.eyJhdWQiOiIxIiwianRpIjoiNTBhMmM2OWNjMWNhMDA5ZTUzNzFjMmU0OTBlYjYxYjU0NjhiY2Y4NjUxZjYxNDNmNjI2ZDMyZjliMzkzZDU3ZWQ2ZjA4NTcxZDA0MjBjYzkiLCJpYXQiOjE2MjI2MjkwNjMsIm5iZiI6MTYyMjYyOTA2MywiZXhwIjoxNjU0MTY1MDYzLCJzdWIiOiIxMDAiLCJzY29wZXMiOltdfQ.CNcEWUCCWnfyuZ6JjO3TJZibBX3a7l_t9SZ-7aGFY3Jsjo1wQlc0CjK86YKAjQNlCPIvpeHAlGz5dc8DB8E6hr3xt8PgQXco_Ph0LuqHqveNxW09_nEanCg_V4ZKUEpLjCRASyuOXHbdlfkm5fuckR9CjLkwSxZkBCkpEEsVB5PCmBuZVvh5EMjs0sARNU86UoznD9F4NtmBSpl0MQuC5Eh5vXOBcl9Px2tHQo2uUoRCg_cWv7iTAN_YNxTTdKQDGWcDpVzZoqkgRUF9X5JycP-QG6g6Zzefd2q-jfT4VOBW_1MyCeAFdZBlrDrGeF8wOcMBHDUYySe3DLbemIc4qUKZtX6b1q_slPmizYmcLtKQ0PaepODjbkRiK_ay3o3qUw770LlN_OykX1HskfACD3fIPnNu8NxMo5q0jHwn__hkoS0DUG8YnQnFSees3Vl8AipTdaFjriUbhhCe79Nf5QNX6GOhUo8jhgtyxVuGnvT6wTtzu5lVFDm_5fryNBP8J-8WpeOEAVyC21VqcR7vjQL4aqzE7pVxhRN3z8mTb6KQlstbjBotnC_SVjWuvdjCW6EvsRHaU-Lifab0Sy5X19kRXKCQtgZIqyLgtNgLAi4wf_qDRloBtZ9DCDZI3ZXyCs8rx82tWVZIRzNGa_UafANStzMBbHdR-MVtFV3HwxY', 0, '2021-06-02 03:17:43', '2021-06-02 03:17:43', NULL),
(101, 'widada', 'widada@mail.com', NULL, '$2y$10$qPjzckuibjCXIFDS87bO1.8RgFwH2eJ3RYKOr7QtJF9a4opvwhv1e', NULL, 2, 1, '085642020048', 'jakarta pusat', NULL, NULL, 'eyJ0eXAiOiJKV1QiLCJhbGciOiJSUzI1NiIsImp0aSI6IjA2OWQzMGRiN2QxY2M2Njc3YzZiMDVjYzUyMGNlMWM2ZDI0ZWQyMDYzNGI0NDAxMTI2MTZjNmU2NDUzNTA1Nzk3YmUyOWQwNTVjOWU0ZTIxIn0.eyJhdWQiOiIxIiwianRpIjoiMDY5ZDMwZGI3ZDFjYzY2NzdjNmIwNWNjNTIwY2UxYzZkMjRlZDIwNjM0YjQ0MDExMjYxNmM2ZTY0NTM1MDU3OTdiZTI5ZDA1NWM5ZTRlMjEiLCJpYXQiOjE2MjI4MTk4MzcsIm5iZiI6MTYyMjgxOTgzNywiZXhwIjoxNjU0MzU1ODM3LCJzdWIiOiIxMDEiLCJzY29wZXMiOltdfQ.bYRveoEDoQmbnSflL1iFXPrmiKxeMueq6I96_rzswYXDIYvUkigzMRsOW4NNW0UZ_DMvgSPTrJbGiHo_-QQ-K_BuQA2xbT9wr-RbMBYKQQP1XUE1calHEWmG4GJcYLNE9iC_Wzd2CmnpDTe-AiCeMflHqvQWfRfpYtX0TX8hd8JdtrJBro8E1ODZcSLUxYSBYerrLlfetw6J9HxOApbiyeIGTmcyIsSuXW0i3QBQHUIThpD3OZL9ZHcdWlGXN1uzbBiQ9hJT4aV2ZcpvWDS7K2ZB8Fa3dEUsXL1ZAKvccY_4QNYYrSFNkkHrJzqMG6-9TShhjJ9YLZo_BXUDXYPqYcX9g1fjOplgvJmtc1mfeExTuLqfWWP2LPSaIgjIt5mr5sXTSG90-C45W8TLwmSABiqSjUVBN_rS7rY3lVG0IsE4U7rQNdBFSGcz8LpWEMltW9MWcotBb7EIxrElyWyU2_tgAldN5cU7D96Sv4kBaP3dvHrsS0rr3qSlS7tP94DWI8x3aqqRjBe2coDPgFg4MGMokBv26LR2SYOF2b34LewsQu9dD34DsB7P9olQA9Bzf5XsWAtRMLjqqL5cmP9hiBKkJWCTLUtmx0FOoZgOnixmaWCxRPyFMr2QxvpfxRtHKrLvCjXHnTf-qNZ_F4nkZJ-gqMznmRHPrvKzZHvobUQ', 0, '2021-06-04 08:17:17', '2021-06-04 08:17:17', NULL),
(102, 'Lentera Asia', 'ballqee@gmail.com', NULL, '$2y$10$8Hviz/5v.0/pKiizdPqY7OXlUoBV/2ByOKNwqXu4p6E.UJ0gLUBCe', NULL, 5, 1, '087786662174', 'ciputat', '20210702151431-IMG-20210630-WA0007.jpg', NULL, 'eyJ0eXAiOiJKV1QiLCJhbGciOiJSUzI1NiIsImp0aSI6ImRlMTE4MTc0OTdiYTUwMjVmMWY3MjA4OGYwNDExMDU5M2MxMjhjN2JiOWQ3ZWU4YjU2YWMxNTA5OWM1OTk5MGFhNDNlY2MyZmFjM2QyMmM1In0.eyJhdWQiOiIxIiwianRpIjoiZGUxMTgxNzQ5N2JhNTAyNWYxZjcyMDg4ZjA0MTEwNTkzYzEyOGM3YmI5ZDdlZThiNTZhYzE1MDk5YzU5OTkwYWE0M2VjYzJmYWMzZDIyYzUiLCJpYXQiOjE2MjUyMTM2NzIsIm5iZiI6MTYyNTIxMzY3MiwiZXhwIjoxNjU2NzQ5NjcyLCJzdWIiOiIxMDIiLCJzY29wZXMiOltdfQ.OJDo0qXaCKmZqk_cwDtwSBo2JegeAeLFNl0mGUoh3UZHKySYjRa0KSAMRuPkPbWOYjnFIuUVtWKP6Ul2Jue9xL01kH--lxhU5UV8yzMwMEvcLcKSo08ViHr2U-RjQbXRxcDk7rq01caQ3igaJZNq_fo0lAWMQWjzwhUNwkUANkvsY1x2Ecj3mJugUI2DmMQu_0RTnLnShuRXHloTYAG-cT5vgcnyoVXH3tBJaGMYBm21ndg0pIupEHLhog9D6mTztSG9TeSRT5LwwDq4MUHcsXWKGso8AFsMd7FH4hYxcw743YglgMLaeR_gWZeYVqJHh8ZYwE0hyQUyeKWSDWeAWB4hcs7RcuU2nfMZq3jDhWqzBkHDn1X6hoFkbrKJuuDDlIYKtuky7vhTPoA-bTWFznSOSTEURN_w1X5Ack6rPNGaPasoCPQWKqOKSos14jSmpItd7Efm7mhiofxgUhCiP2jSY245Wj_sIAgxwLy4N0OiwuQzrKC5TfGoH7q2xqFmONKf2yRQAMlG4gW_CEoYFwX4JYwlXi5ZKz7oxXIq4eZZJsFzj7Lo2rjfN0opZaKLjLxv_nHs7duWiJSFcolWjN-r90F49eVqpDWveEmS8jAD8ZqKlzjNIXe4X1j8WISNcdsASsAyrW6hyPqKLyVL0HOlghiKhkIxnwrfcGHs6MM', 0, '2021-07-02 01:14:32', '2021-07-02 01:14:32', NULL);

--
-- Indexes for dumped tables
--

--
-- Indexes for table `master_bank`
--
ALTER TABLE `master_bank`
  ADD PRIMARY KEY (`id`);

--
-- Indexes for table `master_brand`
--
ALTER TABLE `master_brand`
  ADD PRIMARY KEY (`id`);

--
-- Indexes for table `master_category`
--
ALTER TABLE `master_category`
  ADD PRIMARY KEY (`id`);

--
-- Indexes for table `master_kurir`
--
ALTER TABLE `master_kurir`
  ADD PRIMARY KEY (`id`);

--
-- Indexes for table `master_level`
--
ALTER TABLE `master_level`
  ADD PRIMARY KEY (`id`);

--
-- Indexes for table `master_payment_method`
--
ALTER TABLE `master_payment_method`
  ADD PRIMARY KEY (`id`);

--
-- Indexes for table `master_produk`
--
ALTER TABLE `master_produk`
  ADD PRIMARY KEY (`id`);

--
-- Indexes for table `master_produk_toko`
--
ALTER TABLE `master_produk_toko`
  ADD PRIMARY KEY (`id`);

--
-- Indexes for table `master_toko`
--
ALTER TABLE `master_toko`
  ADD PRIMARY KEY (`id`);

--
-- Indexes for table `master_trx`
--
ALTER TABLE `master_trx`
  ADD PRIMARY KEY (`id`);

--
-- Indexes for table `master_variasi`
--
ALTER TABLE `master_variasi`
  ADD PRIMARY KEY (`id`);

--
-- Indexes for table `migrations`
--
ALTER TABLE `migrations`
  ADD PRIMARY KEY (`id`);

--
-- Indexes for table `notification`
--
ALTER TABLE `notification`
  ADD PRIMARY KEY (`id`);

--
-- Indexes for table `oauth_access_tokens`
--
ALTER TABLE `oauth_access_tokens`
  ADD PRIMARY KEY (`id`) USING BTREE,
  ADD KEY `oauth_access_tokens_user_id_index` (`user_id`) USING BTREE;

--
-- Indexes for table `oauth_auth_codes`
--
ALTER TABLE `oauth_auth_codes`
  ADD PRIMARY KEY (`id`) USING BTREE;

--
-- Indexes for table `oauth_clients`
--
ALTER TABLE `oauth_clients`
  ADD PRIMARY KEY (`id`) USING BTREE,
  ADD KEY `oauth_clients_user_id_index` (`user_id`) USING BTREE;

--
-- Indexes for table `oauth_personal_access_clients`
--
ALTER TABLE `oauth_personal_access_clients`
  ADD PRIMARY KEY (`id`) USING BTREE,
  ADD KEY `oauth_personal_access_clients_client_id_index` (`client_id`) USING BTREE;

--
-- Indexes for table `oauth_refresh_tokens`
--
ALTER TABLE `oauth_refresh_tokens`
  ADD PRIMARY KEY (`id`) USING BTREE,
  ADD KEY `oauth_refresh_tokens_access_token_id_index` (`access_token_id`) USING BTREE;

--
-- Indexes for table `password_resets`
--
ALTER TABLE `password_resets`
  ADD KEY `password_resets_email_index` (`email`);

--
-- Indexes for table `tr_cart`
--
ALTER TABLE `tr_cart`
  ADD PRIMARY KEY (`id`);

--
-- Indexes for table `tr_checkout`
--
ALTER TABLE `tr_checkout`
  ADD PRIMARY KEY (`id`);

--
-- Indexes for table `users`
--
ALTER TABLE `users`
  ADD PRIMARY KEY (`id`),
  ADD UNIQUE KEY `users_email_unique` (`email`);

--
-- AUTO_INCREMENT for dumped tables
--

--
-- AUTO_INCREMENT for table `master_bank`
--
ALTER TABLE `master_bank`
  MODIFY `id` int(32) NOT NULL AUTO_INCREMENT, AUTO_INCREMENT=6;

--
-- AUTO_INCREMENT for table `master_brand`
--
ALTER TABLE `master_brand`
  MODIFY `id` bigint(20) UNSIGNED NOT NULL AUTO_INCREMENT, AUTO_INCREMENT=15;

--
-- AUTO_INCREMENT for table `master_category`
--
ALTER TABLE `master_category`
  MODIFY `id` bigint(20) UNSIGNED NOT NULL AUTO_INCREMENT, AUTO_INCREMENT=12;

--
-- AUTO_INCREMENT for table `master_kurir`
--
ALTER TABLE `master_kurir`
  MODIFY `id` int(20) UNSIGNED NOT NULL AUTO_INCREMENT, AUTO_INCREMENT=15;

--
-- AUTO_INCREMENT for table `master_level`
--
ALTER TABLE `master_level`
  MODIFY `id` bigint(20) UNSIGNED NOT NULL AUTO_INCREMENT, AUTO_INCREMENT=6;

--
-- AUTO_INCREMENT for table `master_payment_method`
--
ALTER TABLE `master_payment_method`
  MODIFY `id` int(11) NOT NULL AUTO_INCREMENT, AUTO_INCREMENT=3;

--
-- AUTO_INCREMENT for table `master_produk`
--
ALTER TABLE `master_produk`
  MODIFY `id` bigint(20) UNSIGNED NOT NULL AUTO_INCREMENT, AUTO_INCREMENT=99;

--
-- AUTO_INCREMENT for table `master_produk_toko`
--
ALTER TABLE `master_produk_toko`
  MODIFY `id` bigint(20) UNSIGNED NOT NULL AUTO_INCREMENT, AUTO_INCREMENT=29;

--
-- AUTO_INCREMENT for table `master_toko`
--
ALTER TABLE `master_toko`
  MODIFY `id` int(11) NOT NULL AUTO_INCREMENT, AUTO_INCREMENT=15;

--
-- AUTO_INCREMENT for table `master_trx`
--
ALTER TABLE `master_trx`
  MODIFY `id` bigint(20) UNSIGNED NOT NULL AUTO_INCREMENT, AUTO_INCREMENT=109;

--
-- AUTO_INCREMENT for table `master_variasi`
--
ALTER TABLE `master_variasi`
  MODIFY `id` int(11) NOT NULL AUTO_INCREMENT, AUTO_INCREMENT=6;

--
-- AUTO_INCREMENT for table `migrations`
--
ALTER TABLE `migrations`
  MODIFY `id` int(10) UNSIGNED NOT NULL AUTO_INCREMENT, AUTO_INCREMENT=15;

--
-- AUTO_INCREMENT for table `notification`
--
ALTER TABLE `notification`
  MODIFY `id` int(11) NOT NULL AUTO_INCREMENT;

--
-- AUTO_INCREMENT for table `tr_cart`
--
ALTER TABLE `tr_cart`
  MODIFY `id` bigint(20) UNSIGNED NOT NULL AUTO_INCREMENT, AUTO_INCREMENT=232;

--
-- AUTO_INCREMENT for table `tr_checkout`
--
ALTER TABLE `tr_checkout`
  MODIFY `id` bigint(20) UNSIGNED NOT NULL AUTO_INCREMENT, AUTO_INCREMENT=176;

--
-- AUTO_INCREMENT for table `users`
--
ALTER TABLE `users`
  MODIFY `id` bigint(20) UNSIGNED NOT NULL AUTO_INCREMENT, AUTO_INCREMENT=103;
COMMIT;

/*!40101 SET CHARACTER_SET_CLIENT=@OLD_CHARACTER_SET_CLIENT */;
/*!40101 SET CHARACTER_SET_RESULTS=@OLD_CHARACTER_SET_RESULTS */;
/*!40101 SET COLLATION_CONNECTION=@OLD_COLLATION_CONNECTION */;
